fwy,dir,sta_from,sta_to,mid_x,mid_y,x1,y1,x2,y2,speed_pm_mph,vol_day_veh,cell_euclidean_mid,cell_weighted_mid
2,E,767494,767509,-790.2853330316264,4310.049270356603,-799.2763764770339,4067.3160103568343,-781.2942895862187,4552.782530356371,66.02244894328516,41442.5,5,22
2,E,767509,767523,-477.8119923755009,4901.548090356575,-781.2942895862187,4552.782530356371,-174.32969516478303,5250.313650356778,66.68112784526475,42697.5,5,22
2,E,767523,767541,36.475692688705266,5367.255310356563,-174.32969516478303,5250.313650356778,247.28108054219356,5484.196970356348,66.724539816641,46220.0,5,22
2,E,767541,767554,638.8294956002973,5763.2762103565,247.28108054219356,5484.196970356348,1030.3779106584009,6042.355450356653,66.75680317381727,49631.5,22,22
2,E,767554,767572,1098.2026537760198,6430.249990356542,1030.3779106584009,6042.355450356653,1166.0273968936385,6818.144530356431,68.7516800914039,46824.5,22,22
2,E,767572,767620,1126.1901582439232,7224.1285703565245,1166.0273968936385,6818.144530356431,1086.3529195942076,7630.1126103566185,69.40743350035369,43934.0,22,22
2,E,767620,767455,1229.7024276512839,8257.734770356747,1086.3529195942076,7630.1126103566185,1373.0519357083604,8885.356930356873,66.187409010377,34541.0,22,22
2,E,767455,768202,1391.9100729852398,8960.38661035688,1373.0519357083604,8885.356930356873,1410.7682102621193,9035.416290356887,67.13405066841202,21961.5,23,23
2,E,768202,767470,1483.7109319557499,9482.755710356581,1410.7682102621193,9035.416290356887,1556.6536536493802,9930.095130356276,69.31356027346524,28186.5,23,23
2,E,767470,767585,1560.3422868581724,10507.233670356516,1556.6536536493802,9930.095130356276,1564.0309200669649,11084.372210356754,69.84356934848437,35154.5,42,23
2,E,767585,767597,1688.0151037796836,11554.977510356635,1564.0309200669649,11084.372210356754,1811.9992874924021,12025.582810356518,70.88703059799502,34750.5,42,23
2,E,767597,767609,1991.5435089053885,12562.20087035663,1811.9992874924021,12025.582810356518,2171.087730318375,13098.818930356741,70.91277992009623,35927.5,6,6
2,E,767609,768238,2092.335411321961,13981.976150356746,2171.087730318375,13098.818930356741,2013.5830923255476,14865.13337035675,71.3963661685742,26876.5,6,6
2,W,767495,718064,-616.7812484970134,4581.9483703562955,-821.5926073871151,4070.655610356312,-411.9698896069118,5093.2411303562785,53.643536161707836,51161.0,5,22
2,W,718064,767542,-90.32107384543067,5297.568990356513,-411.9698896069118,5093.2411303562785,231.32774191605046,5501.896850356746,58.708819553987894,54057.5,5,22
2,W,767542,718066,645.8378986960198,5809.362690356812,231.32774191605046,5501.896850356746,1060.3480554759892,6116.828530356878,65.72744321203773,51626.5,22,22
2,W,718066,767573,1100.1852941257048,6468.321430356919,1060.3480554759892,6116.828530356878,1140.0225327754201,6819.81433035696,66.5473259111181,47899.0,22,22
2,W,767573,767621,1100.0930782957307,7223.794610356972,1140.0225327754201,6819.81433035696,1060.163623816041,7627.774890356984,64.61834446541268,50722.0,22,22
2,W,767621,762329,1099.9086466351273,7820.302830356952,1060.163623816041,7627.774890356984,1139.6536694542133,8012.830770356921,65.20968434375389,44358.5,22,22
2,W,762329,767454,1247.8689462020473,8451.654210356759,1139.6536694542133,8012.830770356921,1356.0842229498812,8890.477650356599,65.57327638443545,36590.5,22,22
2,W,767454,718072,1374.2046335856576,8978.531770356549,1356.0842229498812,8890.477650356599,1392.3250442214337,9066.585890356499,66.58335813275022,29092.0,23,23
2,W,718072,767471,1463.192909735405,9500.511250356445,1392.3250442214337,9066.585890356499,1534.0607752493765,9934.43661035639,66.06170868145368,35070.5,23,23
2,W,767471,718076,1475.7342626433333,10219.861090356342,1534.0607752493765,9934.43661035639,1417.4077500372903,10505.285570356293,65.16122045471296,43221.5,42,23
2,W,718076,767598,1601.4244392151593,11266.603050356618,1417.4077500372903,10505.285570356293,1785.4411283930283,12027.920530356945,66.63953010375434,40093.0,42,23
2,W,767598,767610,1964.5242706548338,12563.481050356957,1785.4411283930283,12027.920530356945,2143.6074129166395,13099.04157035697,66.71767095184717,41323.5,6,6
2,W,767610,768230,2068.1748638078116,13986.317630356858,2143.6074129166395,13099.04157035697,1992.7423146989831,14873.593690356747,68.03967840319689,26527.5,6,6
5,N,762347,716896,20563.304525512627,-20976.62268964354,20896.710859625946,-21193.195749643706,20229.89819139931,-20760.049629643374,68.31691023440523,51697.0,21,21
5,N,716896,716899,19964.27049248862,-20587.78192964327,20229.89819139931,-20760.049629643374,19698.642793577936,-20415.514229643166,67.93021994805235,63863.5,21,21
5,N,716899,716900,19390.918568177272,-20215.5835096433,19698.642793577936,-20415.514229643166,19083.194342776605,-20015.652789643435,67.98015516537363,63869.0,21,18
5,N,716900,762353,18765.787455204416,-19809.432489643234,19083.194342776605,-20015.652789643435,18448.380567632226,-19603.212189643033,67.94649735054611,63651.0,21,18
5,N,762353,718358,17931.787486813424,-19265.355989643365,18448.380567632226,-19603.212189643033,17415.194405994625,-18927.499789643698,67.96276921157265,63438.5,18,18
5,N,718358,769625,17089.25755412821,-18702.68904964337,17415.194405994625,-18927.499789643698,16763.320702261793,-18477.87830964304,67.00923595313304,69449.5,18,18
5,N,769625,718081,16497.139708369294,-18234.087509643174,16763.320702261793,-18477.87830964304,16230.958714476797,-17990.296709643306,55.10222869519865,70355.0,18,18
5,N,718081,759518,15732.439936378132,-17523.977229643282,16230.958714476797,-17990.296709643306,15233.921158279467,-17057.65774964326,44.19868437155795,65255.0,18,18
5,N,759518,715918,14535.93953944361,-15969.727389643354,15233.921158279467,-17057.65774964326,13837.957920607754,-14881.797029643449,44.02975428024463,65468.0,28,28
5,N,715918,764232,13629.273496849568,-14512.381609643573,13837.957920607754,-14881.797029643449,13420.589073091382,-14142.966189643696,48.675472456638694,64357.0,28,28
5,N,764232,763985,12983.30160625015,-13400.573109643443,13420.589073091382,-14142.966189643696,12546.014139408919,-12658.180029643192,52.110895440707075,68942.5,28,28
5,N,763985,759531,12260.882792408913,-12407.821349643298,12546.014139408919,-12658.180029643192,11975.751445408905,-12157.462669643402,51.49613235428777,75460.5,28,28
5,N,759531,759542,11891.051205364092,-12083.601849643212,11975.751445408905,-12157.462669643402,11806.350965319278,-12009.741029643023,50.551667158866174,79067.0,28,28
5,N,759542,759552,11535.974151152475,-11770.959629643163,11806.350965319278,-12009.741029643023,11265.597336985673,-11532.178229643305,44.38913385188812,81020.5,28,28
5,N,759552,715930,11080.93513699602,-11055.561649643176,11265.597336985673,-11532.178229643305,10896.272937006366,-10578.945069643047,41.53584447602903,82680.5,28,13
5,N,715930,716921,10764.727055216114,-10312.278009643196,10896.272937006366,-10578.945069643047,10633.181173425863,-10045.610949643346,45.16587148601177,82103.5,28,13
5,N,716921,715933,10406.284123201925,-9751.44784964331,10633.181173425863,-10045.610949643346,10179.387072977988,-9457.284749643273,44.85789741670406,78860.0,28,13
5,N,715933,716923,9964.616404425786,-9228.188189643482,10179.387072977988,-9457.284749643273,9749.845735873581,-8999.091629643692,41.01665762396313,70629.0,13,13
5,N,716923,763975,9446.547870323468,-8645.650629643427,9749.845735873581,-8999.091629643692,9143.250004773354,-8292.209629643165,39.39795062689892,66041.0,13,13
5,N,763975,716925,9023.461641334285,-8140.925749643078,9143.250004773354,-8292.209629643165,8903.673277895217,-7989.641869642992,42.56888908509638,71972.0,13,13
5,N,716925,715938,8604.709556364369,-7571.189989643132,8903.673277895217,-7989.641869642992,8305.74583483352,-7152.738109643273,46.736833946768975,78962.0,13,13
5,N,715938,716929,8053.581647133124,-6893.640809643293,8305.74583483352,-7152.738109643273,7801.417459432726,-6634.543509643314,52.457900194412645,81860.5,13,13
5,N,716929,764435,7586.139603814355,-6406.3931696435075,7801.417459432726,-6634.543509643314,7370.861748195984,-6178.242829643701,59.58096843161327,84877.0,13,13
5,N,764435,715944,7142.350920943569,-6045.716369643716,7370.861748195984,-6178.242829643701,6913.840093691153,-5913.18990964373,61.986439004783016,83063.5,13,13
5,N,715944,718086,6681.456201569343,-5807.9368496437,6913.840093691153,-5913.18990964373,6449.072309447532,-5702.683789643671,62.49199082624853,73476.5,13,3
5,N,718086,716933,5961.6655388889185,-5451.712849643344,6449.072309447532,-5702.683789643671,5474.258768330305,-5200.741909643018,60.83871966334102,78541.0,13,16
5,N,716933,759566,5106.917008701339,-5191.00140964309,5474.258768330305,-5200.741909643018,4739.575249072372,-5181.2609096431615,63.70703819685769,74969.5,13,16
5,N,759566,759576,4476.483485491869,-5132.057469643205,4739.575249072372,-5181.2609096431615,4213.391721911366,-5082.854029643248,68.61256578947369,63418.0,13,16
5,N,759576,716937,3767.020995794753,-4851.3084296433135,4213.391721911366,-5082.854029643248,3320.65026967814,-4619.762829643379,69.02710733072237,51608.0,16,16
5,N,716937,763700,3059.771686022913,-4482.393949643359,3320.65026967814,-4619.762829643379,2798.8931023676855,-4345.025069643339,53.72674830501248,39117.5,16,16
5,N,763700,716942,2624.8818307669044,-2603.590649643397,2798.8931023676855,-4345.025069643339,2450.8705591661237,-862.1562296434549,32.765473308096766,64331.0,45,47
5,N,716942,763237,2230.2441853961504,135.7162503564183,2450.8705591661237,-862.1562296434549,2009.6178116261774,1133.5887303562915,28.236000677459906,79055.5,47,54
5,N,763237,716951,1348.5225248730035,1684.7897103563655,2009.6178116261774,1133.5887303562915,687.4272381198297,2235.9906903564392,30.661977033722636,70531.5,54,54
5,N,716951,718371,456.196043875971,2426.904490356528,687.4272381198297,2235.9906903564392,224.96484963211225,2617.818290356617,35.263561295080635,89952.5,54,54
5,N,718371,716953,54.91885873070128,2825.2631103564954,224.96484963211225,2617.818290356617,-115.12713217070969,3032.707930356374,41.23214380243218,105082.0,5,54
5,N,716953,763674,-396.615953877566,3417.6524903565924,-115.12713217070969,3032.707930356374,-678.1047755844223,3802.5970503568105,48.327601895821864,91675.0,5,54
5,N,763674,763669,-877.3831846616631,4010.4314903568916,-678.1047755844223,3802.5970503568105,-1076.6615937389038,4218.265930356973,56.074607282232904,79186.5,5,5
5,N,763669,716956,-1364.4210918997244,4426.489990356861,-1076.6615937389038,4218.265930356973,-1652.180590060545,4634.71405035675,60.06470858370661,84572.5,5,5
5,N,716956,759591,-2055.8553867910387,4962.217490356848,-1652.180590060545,4634.71405035675,-2459.530183521532,5289.720930356947,61.1756220610489,90862.5,5,22
5,N,759591,775734,-2622.060584261052,5658.468430356928,-2459.530183521532,5289.720930356947,-2784.5909850005723,6027.21593035691,61.6811465517802,84443.0,5,22
5,N,775734,759602,-2831.1138713404457,6164.139530356868,-2784.5909850005723,6027.21593035691,-2877.636757680319,6301.063130356825,61.69341168455617,78695.0,5,22
5,N,759602,761599,-3139.3913917222662,7368.343630356661,-2877.636757680319,6301.063130356825,-3401.146025764213,8435.624130356497,65.12774815846565,84714.5,25,22
5,N,761599,761604,-3793.5243832947044,9060.073670356724,-3401.146025764213,8435.624130356497,-4185.902740825196,9684.523210356952,68.05987562711155,76659.5,25,42
5,N,761604,718384,-4372.178717843328,9861.744650356808,-4185.902740825196,9684.523210356952,-4558.454694861459,10038.966090356664,67.87059181191344,71384.5,25,42
5,N,718384,716963,-4792.2218244361575,10434.820010356627,-4558.454694861459,10038.966090356664,-5025.988954010856,10830.67393035659,68.28654327375251,59570.0,25,42
5,N,716963,716968,-5116.4526834434655,10908.375290356576,-5025.988954010856,10830.67393035659,-5206.916412876075,10986.076650356561,68.3125135950639,51831.0,25,42
5,N,716968,716971,-5497.719033433904,11241.333410356745,-5206.916412876075,10986.076650356561,-5788.521653991733,11496.590170356929,67.47159005105416,71861.0,25,42
5,N,716971,716973,-5818.169043403101,11524.531490356781,-5788.521653991733,11496.590170356929,-5847.816432814469,11552.472810356632,67.06289537137724,79864.0,25,42
5,N,716973,716974,-6213.313875839367,12070.500430356617,-5847.816432814469,11552.472810356632,-6578.811318864266,12588.528050356603,67.90381891538698,59834.0,25,25
5,N,716974,716978,-6959.155510552997,12986.942330356429,-6578.811318864266,12588.528050356603,-7339.499702241727,13385.356610356257,68.74474245939673,39804.0,25,25
5,N,716978,716981,-7774.297341667107,13769.076650356403,-7339.499702241727,13385.356610356257,-8209.094981092487,14152.796690356548,68.74474245939673,39804.0,25,25
5,N,716981,716985,-8628.630900619148,14539.411050356506,-8209.094981092487,14152.796690356548,-9048.16682014581,14926.025410356462,66.36846879067397,47951.5,32,25
5,N,716985,716988,-9502.60643140547,15585.652070356466,-9048.16682014581,14926.025410356462,-9957.046042665128,16245.27873035647,65.57061754021795,61316.5,32,49
5,N,716988,716990,-10798.930464539215,16770.764790356607,-9957.046042665128,16245.27873035647,-11640.814886413302,17296.250850356744,67.5663420693985,63830.0,49,49
5,N,716990,716994,-11995.015890238199,17506.423010356855,-11640.814886413302,17296.250850356744,-12349.216894063095,17716.595170356966,66.79953492061942,64361.0,49,49
5,N,716994,761644,-12747.220417235765,17754.555290356835,-12349.216894063095,17716.595170356966,-13145.223940408436,17792.515410356704,65.60349550523529,63379.5,49,49
5,N,761644,716997,-13393.837818646312,17818.45297035687,-13145.223940408436,17792.515410356704,-13642.45169688419,17844.390530357032,66.75258155010107,62027.0,49,49
5,N,716997,717000,-14211.146721770714,18077.049330356924,-13642.45169688419,17844.390530357032,-14779.841746657235,18309.70813035682,68.25665886193644,65249.5,49,49
5,N,717000,775462,-15393.72252834442,18660.755750356795,-14779.841746657235,18309.70813035682,-16007.603310031604,19011.803370356774,66.36168407424515,66597.0,49,49
5,N,775462,764156,-16098.804766106627,19113.38287035659,-16007.603310031604,19011.803370356774,-16190.006222181648,19214.962370356403,65.17789610180444,64529.0,49,48
5,N,764156,718389,-16423.22005677454,19481.462450356674,-16190.006222181648,19214.962370356403,-16656.433891367426,19747.96253035695,67.05734731706946,84130.0,49,48
5,N,718389,718092,-16750.72457775379,19856.332550356623,-16656.433891367426,19747.96253035695,-16845.01526414015,19964.702570356294,62.945807284927795,117793.5,49,48
5,N,718092,768682,-16998.692945180534,20141.5900503566,-16845.01526414015,19964.702570356294,-17152.37062622092,20318.477530356904,61.87859750251089,113139.5,48,48
5,N,768682,768664,-17416.292332273155,20623.828290356774,-17152.37062622092,20318.477530356904,-17680.21403832539,20929.17905035664,64.93770828660027,78840.0,48,48
5,N,768664,768655,-17791.795192875798,21056.41781035653,-17680.21403832539,20929.17905035664,-17903.3763474262,21183.65657035642,66.4045918773609,67564.5,48,48
5,N,768655,759617,-18254.395905108475,21683.149410356535,-17903.3763474262,21183.65657035642,-18605.41546279075,22182.642250356646,67.92219859476023,62482.5,48,12
5,N,759617,718394,-18705.331314819945,22309.324410356756,-18605.41546279075,22182.642250356646,-18805.247166849145,22436.006570356865,64.7211405905918,49543.5,12,12
5,N,718394,759834,-19122.884593996925,22859.80181035668,-18805.247166849145,22436.006570356865,-19440.5220211447,23283.597050356493,63.57127324499545,46100.5,12,12
5,N,759834,759626,-19586.22303287136,23459.482650356556,-19440.5220211447,23283.597050356493,-19731.924044598018,23635.368250356623,65.10611702657064,44537.0,12,12
5,N,759626,759636,-20912.010023756528,25049.855830356642,-19731.924044598018,23635.368250356623,-22092.096002915034,26464.34341035666,66.3355062186155,71383.0,26,12
5,N,759636,774092,-22389.44594741675,26871.997250356493,-22092.096002915034,26464.34341035666,-22686.795891918464,27279.65109035633,64.41290403138407,92296.0,29,29
5,N,774092,718404,-23028.73219032601,27739.23571035635,-22686.795891918464,27279.65109035633,-23370.668488733558,28198.820330356375,62.88724839063967,82600.0,29,29
5,N,718404,775535,-23798.642156723814,28528.16055035658,-23370.668488733558,28198.820330356375,-24226.615824714074,28857.500770356786,62.673794974092814,87177.5,29,29
5,N,775535,763641,-24434.239766424937,29294.598750356632,-24226.615824714074,28857.500770356786,-24641.863708135803,29731.696730356478,62.4673984615613,69313.5,50,29
5,N,763641,775520,-24695.625537146334,29791.69821035646,-24641.863708135803,29731.696730356478,-24749.387366156865,29851.699690356443,65.42460591860332,36081.5,50,29
5,N,775520,716007,-25512.519469034538,30222.89623035657,-24749.387366156865,29851.699690356443,-26275.65157191221,30594.092770356696,67.17604034425757,35292.5,50,29
5,N,716007,759648,-27648.837499523317,31867.64923035659,-26275.65157191221,30594.092770356696,-29022.023427134423,33141.20569035649,67.11083753823327,35703.0,50,29
5,N,759648,768138,-29147.16030872509,33347.8156103565,-29022.023427134423,33141.20569035649,-29272.297190315763,33554.42553035651,66.38479897511058,65938.5,50,50
5,N,768138,769091,-29842.467668485144,34965.74049035663,-29272.297190315763,33554.42553035651,-30412.638146654528,36377.05545035675,65.90823007843584,100615.0,50,50
5,N,769091,759654,-30652.72206059818,37195.98103035677,-30412.638146654528,36377.05545035675,-30892.805974541825,38014.9066103568,67.33088290825759,70075.5,50,50
5,N,759654,759666,-31243.18002141297,38904.353410356736,-30892.805974541825,38014.9066103568,-31593.554068284113,39793.80021035668,68.75353573807936,39536.0,50,50
5,N,759666,716017,-31810.445700930963,40198.05879035678,-31593.554068284113,39793.80021035668,-32027.337333577812,40602.31737035688,68.74556219528081,43785.0,50,50
5,N,716017,769029,-32308.180644472886,40890.58051035678,-32027.337333577812,40602.31737035688,-32589.023955367957,41178.84365035669,67.66654584139265,86907.0,50,50
5,N,769029,769042,-32767.415478902993,41340.758590356825,-32589.023955367957,41178.84365035669,-32945.80700243803,41502.673530356966,66.508304596942,104023.0,50,50
5,N,769042,769054,-33150.664469243115,41630.19059035694,-32945.80700243803,41502.673530356966,-33355.5219360482,41757.707650356926,52.341265707661904,60789.0,50,50
5,N,769054,759672,-33944.32001191953,42677.04387035694,-33355.5219360482,41757.707650356926,-34533.11808779086,43596.38009035696,38.94008533313482,39652.5,50,50
5,N,759672,759677,-34953.94502893978,45750.70039035697,-34533.11808779086,43596.38009035696,-35374.7719700887,47905.020690356985,49.662094770300634,35568.5,50,50
5,S,762398,715898,20552.1003021426,-20988.867889643072,20883.247348415658,-21204.105109643053,20220.953255869546,-20773.630669643095,67.94649735054611,63651.0,21,21
5,S,715898,716898,19988.79990332398,-20622.847729643327,20220.953255869546,-20773.630669643095,19756.646550778412,-20472.06478964356,67.98015516537363,63869.0,21,21
5,S,716898,763748,19098.871033912168,-20042.48090964333,19756.646550778412,-20472.06478964356,18441.095517045927,-19612.8970296431,67.99642702640017,63656.5,21,18
5,S,763748,763706,17924.410220396498,-19275.820069643047,18441.095517045927,-19612.8970296431,17407.724923747068,-18938.743109642994,68.43020702177887,51485.0,18,18
5,S,763706,716907,17079.067704889865,-18715.936129643145,17407.724923747068,-18938.743109642994,16750.41048603266,-18493.129149643293,68.84340543805995,39659.5,18,18
5,S,716907,716906,16537.207486593947,-18309.89642964319,16750.41048603266,-18493.129149643293,16324.004487155236,-18126.66370964309,68.40962544268126,51831.0,18,18
5,S,716906,716908,15971.740015765037,-17730.75412964327,16324.004487155236,-18126.66370964309,15619.475544374838,-17334.844549643443,67.98015516537363,63869.0,18,18
5,S,716908,716912,15120.81844253121,-16795.554809643352,15619.475544374838,-17334.844549643443,14622.161340687584,-16256.265069643263,67.98015516537363,63869.0,28,18
5,S,716912,715920,14048.578876799984,-15266.574609643298,14622.161340687584,-16256.265069643263,13474.996412912385,-14276.884149643332,60.74092755502499,76422.5,28,28
5,S,715920,763990,13003.681304724876,-13475.10184964353,13474.996412912385,-14276.884149643332,12532.366196537369,-12673.319549643727,51.21685385436251,90563.5,28,28
5,S,763990,716916,12284.812800346815,-12453.573869643662,12532.366196537369,-12673.319549643727,12037.25940415626,-12233.828189643596,49.13035236037839,86740.5,28,28
5,S,716916,716918,11951.590897894099,-12159.911709643548,12037.25940415626,-12233.828189643596,11865.922391631937,-12085.995229643499,49.195633109441836,84925.5,28,28
5,S,716918,716895,11521.035186658013,-11771.961509643403,11865.922391631937,-12085.995229643499,11176.14798168409,-11457.927789643309,54.06898936671178,91567.0,28,28
5,S,716895,715929,11027.449955475411,-11021.553389643217,11176.14798168409,-11457.927789643309,10878.751929266731,-10585.178989643127,60.549504302104665,92797.0,28,13
5,S,715929,716920,10746.975507901545,-10320.627009643078,10878.751929266731,-10585.178989643127,10615.199086536359,-10056.075029643029,63.320917507510146,87808.0,28,13
5,S,716920,768523,10389.639165850322,-9763.136449643065,10615.199086536359,-10056.075029643029,10164.079245164285,-9470.1978696431,64.37669295332657,86393.0,28,13
5,S,768523,716922,9925.747431994074,-9219.672209643231,10164.079245164285,-9470.1978696431,9687.415618823863,-8969.146549643363,63.07929909419505,85251.0,13,13
5,S,716922,763980,9407.77111372173,-8635.9101296435,9687.415618823863,-8969.146549643363,9128.126608619597,-8302.673709643639,60.82191180285598,87615.0,13,13
5,S,763980,716924,9007.738842284387,-8151.055869643605,9128.126608619597,-8302.673709643639,8887.351075949176,-7999.43802964357,57.907597273914625,89077.0,13,13
5,S,716924,718364,8588.84843356951,-7580.874829643597,8887.351075949176,-7999.43802964357,8290.345791189842,-7162.311629643623,53.43609599818933,85386.0,13,13
5,S,718364,716928,8008.995293227947,-6876.386209643353,8290.345791189842,-7162.311629643623,7727.644795266052,-6590.460789643084,41.64003515314995,85443.0,13,13
5,S,716928,718085,7544.089185239363,-6388.025369643214,7727.644795266052,-6590.460789643084,7360.533575212676,-6185.589949643344,39.02860538080688,86332.0,13,13
5,S,718085,716930,7132.529935026429,-6057.571949643445,7360.533575212676,-6185.589949643344,6904.526294840181,-5929.553949643545,44.397977585509175,89522.5,13,13
5,S,716930,715947,6670.390301944276,-5829.588589643612,6904.526294840181,-5929.553949643545,6436.2543090483705,-5729.623229643679,43.84385590942055,80458.5,13,3
5,S,715947,716934,5960.512841010966,-5476.1475896433485,6436.2543090483705,-5729.623229643679,5484.7713729735615,-5222.671949643018,43.43332546918852,91476.0,13,16
5,S,716934,716936,5141.682376688719,-5211.039009643122,5484.7713729735615,-5222.671949643018,4798.593380403876,-5199.406069643226,46.58220473263705,113670.0,13,16
5,S,716936,759700,4502.257810034497,-5150.814889643306,4798.593380403876,-5199.406069643226,4205.9222396651185,-5102.2237096433855,59.6282971549864,88476.5,13,16
5,S,759700,759707,3758.029952350001,-4871.346029643346,4205.9222396651185,-5102.2237096433855,3310.137665034884,-4640.468349643306,68.61256578947369,63418.0,16,16
5,S,759707,716938,2758.1798133312504,-4422.058509643428,3310.137665034884,-4640.468349643306,2206.221961627617,-4203.6486696435495,68.77728716427461,51607.5,16,16
5,S,716938,716939,2149.417010220078,-3514.9118296434817,2206.221961627617,-4203.6486696435495,2092.6120588125386,-2826.174989643414,65.84466997972427,61045.5,16,47
5,S,716939,716940,2264.8251217242378,-2471.231169643385,2092.6120588125386,-2826.174989643414,2437.0381846359373,-2116.287349643356,62.67617870845339,84837.0,45,47
5,S,716940,716941,2449.0262425627106,-1585.8475496434648,2437.0381846359373,-2116.287349643356,2461.014300489484,-1055.407749643574,63.80100671359945,84086.5,47,47
5,S,716941,716943,2445.890904335073,-961.2310296436591,2461.014300489484,-1055.407749643574,2430.7675081806624,-867.0543096437441,60.224866487195214,74283.0,47,47
5,S,716943,716944,2307.1982957034825,-290.30538964370805,2430.7675081806624,-867.0543096437441,2183.629083226303,286.44353035632804,45.17491268420817,75163.5,47,54
5,S,716944,716946,1953.8272343509743,930.708030356359,2183.629083226303,286.44353035632804,1724.0253854756454,1574.97253035639,36.25841362072667,73664.0,54,54
5,S,716946,716949,1454.6168375261916,1700.485830356681,1724.0253854756454,1574.97253035639,1185.2082895767378,1825.9991303569718,37.58936424834209,77108.5,54,54
5,S,716949,718370,698.2625981686506,2216.28705035675,1185.2082895767378,1825.9991303569718,211.31690676056343,2606.574970356529,41.16835580592724,96192.0,54,54
5,S,718370,716955,-27.66041722012116,2896.173950356619,211.31690676056343,2606.574970356529,-266.63774120080575,3185.7729303567094,46.63383971961794,102189.0,5,54
5,S,716955,718375,-481.7772730735603,3487.1718303566695,-266.63774120080575,3185.7729303567094,-696.9168049463149,3788.5707303566296,35.793803862194885,87617.5,5,54
5,S,718375,718376,-895.2269478062067,3995.4032903564716,-696.9168049463149,3788.5707303566296,-1093.5370906660985,4202.235850356314,22.59091520276148,73681.0,5,5
5,S,718376,716958,-1628.4811216969206,4579.0540503564835,-1093.5370906660985,4202.235850356314,-2163.425152727743,4955.872250356653,24.311027782872827,79281.0,5,22
5,S,716958,716960,-2423.473793911238,5344.212070356605,-2163.425152727743,4955.872250356653,-2683.522435094733,5732.551890356556,27.521517335958592,79299.5,5,22
5,S,716960,718089,-2790.49279813464,6014.525450356519,-2683.522435094733,5732.551890356556,-2897.4631611745476,6296.499010356483,38.48143572776429,74833.0,5,22
5,S,718089,718379,-3155.667485753974,7323.370350356702,-2897.4631611745476,6296.499010356483,-3413.8718103333995,8350.241690356921,52.60783309314089,87035.5,25,22
5,S,718379,718090,-3497.050489179709,8741.364510356965,-3413.8718103333995,8350.241690356921,-3580.2291680260187,9132.48733035701,60.78378947126447,94223.0,25,42
5,S,718090,759747,-4081.5605289461023,9579.882410356959,-3580.2291680260187,9132.48733035701,-4582.891889866186,10027.277490356908,62.184329566492565,82286.5,25,42
5,S,759747,764417,-4757.087593126915,10355.114890356956,-4582.891889866186,10027.277490356908,-4931.283296387644,10682.952290357001,63.73593257576796,68783.0,25,42
5,S,764417,716965,-4951.063591967541,10707.220050356636,-4931.283296387644,10682.952290357001,-4970.843887547438,10731.487810356271,67.4878674535479,71648.5,25,42
5,S,716965,759762,-5262.38423474637,10998.377510356353,-4970.843887547438,10731.487810356271,-5553.924581945302,11265.267210356433,67.9082155547283,59700.0,25,42
5,S,759762,759772,-5616.400806910662,11319.313070356424,-5553.924581945302,11265.267210356433,-5678.8770318760235,11373.358930356413,68.75353573807936,39536.0,25,42
5,S,759772,759783,-5917.808247941721,11782.237290356714,-5678.8770318760235,11373.358930356413,-6156.739464007419,12191.115650357015,68.33318763689897,51484.5,25,25
5,S,759783,716977,-6567.238232173686,12646.525770356899,-6156.739464007419,12191.115650357015,-6977.737000339954,13101.935890356783,67.89656213322483,63645.5,25,25
5,S,716977,716975,-7109.974500856977,13203.070110356533,-6977.737000339954,13101.935890356783,-7242.212001374,13304.204330356284,67.88028473073109,63858.0,25,25
5,S,716975,716979,-7735.151721744818,13721.765650356414,-7242.212001374,13304.204330356284,-8228.091442115636,14139.326970356544,67.88028473073109,63858.0,25,25
5,S,716979,716983,-8651.408210680409,14534.84693035656,-8228.091442115636,14139.326970356544,-9074.724979245184,14930.366890356576,66.12273964892525,55070.5,32,25
5,S,716983,716986,-9449.305681545464,15506.058270356512,-9074.724979245184,14930.366890356576,-9823.886383845744,16081.74965035645,66.57979286254721,56012.5,32,49
5,S,716986,716989,-10347.672299421525,16629.72235035637,-9823.886383845744,16081.74965035645,-10871.458214997307,17177.695050356288,67.4040636291748,68530.0,49,49
5,S,716989,716991,-11146.169173183374,17217.658930356636,-10871.458214997307,17177.695050356288,-11420.880131369444,17257.62281035698,67.54336677823844,68957.5,49,49
5,S,716991,716993,-11889.336548820549,17477.81377035671,-11420.880131369444,17257.62281035698,-12357.792966271652,17698.004730356446,68.78447888396892,67834.5,49,49
5,S,716993,716996,-12857.97162931444,17731.28941035665,-12357.792966271652,17698.004730356446,-13358.150292357226,17764.57409035685,67.12004321234726,66131.5,49,49
5,S,716996,716999,-13501.960879564827,17796.188970356918,-13358.150292357226,17764.57409035685,-13645.77146677243,17827.803850356988,67.56767072439894,65801.0,49,49
5,S,716999,717001,-14215.61918953625,18056.176830356628,-13645.77146677243,17827.803850356988,-14785.466912300068,18284.549810356268,68.41974806093268,70792.5,49,49
5,S,717001,717002,-15404.511780478908,18639.27099035646,-14785.466912300068,18284.549810356268,-16023.556648657746,18993.992170356658,65.51067885450168,69578.5,49,49
5,S,717002,764151,-16114.527565156524,19097.40845035658,-16023.556648657746,18993.992170356658,-16205.4984816553,19200.8247303565,63.43735296495412,66977.5,49,48
5,S,764151,715996,-16402.840358298497,19425.69113035669,-16205.4984816553,19200.8247303565,-16600.182234941694,19650.557530356877,65.8118686813038,90909.0,49,48
5,S,715996,717004,-16688.340568619056,19752.47099035664,-16600.182234941694,19650.557530356877,-16776.49890229642,19854.3844503564,67.99645324246268,111002.0,49,48
5,S,717004,717006,-16973.149160212844,20078.91689035664,-16776.49890229642,19854.3844503564,-17169.79941812927,20303.449330356878,65.79392913669318,116477.0,49,48
5,S,717006,759228,-17436.948678239118,20605.73879035657,-17169.79941812927,20303.449330356878,-17704.09793834896,20908.028250356256,65.93675689449447,120342.0,48,48
5,S,759228,759250,-17815.725200814355,21035.65663035635,-17704.09793834896,20908.028250356256,-17927.35246327975,21163.28501035644,66.97961843992655,115832.5,48,48
5,S,759250,718392,-18205.29097552343,21538.48907035673,-17927.35246327975,21163.28501035644,-18483.22948776711,21913.69313035702,66.6343490296297,87640.0,48,48
5,S,718392,718393,-18652.491644111775,22168.33763035677,-18483.22948776711,21913.69313035702,-18821.75380045644,22422.982130356526,66.63722281492255,56924.0,12,12
5,S,718393,759822,-18960.12365368181,22590.685710356684,-18821.75380045644,22422.982130356526,-19098.493506907183,22758.38929035684,67.42503258220356,61632.5,12,12
5,S,759822,759844,-19187.896754293128,22910.67505035677,-19098.493506907183,22758.38929035684,-19277.30000167907,23062.9608103567,66.37970844019834,67204.5,12,12
5,S,759844,759835,-19364.53617705472,23168.492170356818,-19277.30000167907,23062.9608103567,-19451.772352430373,23274.023530356935,66.28051227718979,66535.5,12,12
5,S,759835,759850,-19530.939642662983,23361.075770356645,-19451.772352430373,23274.023530356935,-19610.10693289559,23448.128010356355,68.4619688668275,57620.5,12,12
5,S,759850,759858,-20696.178873157656,24742.334330356323,-19610.10693289559,23448.128010356355,-21782.250813419723,26036.540650356288,68.61164801479845,73127.5,26,12
5,S,759858,718405,-22245.95811561471,26652.084590356455,-21782.250813419723,26036.540650356288,-22709.6654178097,27267.628530356626,68.79443926998198,94397.5,29,29
5,S,718405,774344,-22973.587123861937,27659.80889035677,-22709.6654178097,27267.628530356626,-23237.50882991417,28051.98925035691,65.35617805593589,84246.5,29,29
5,S,774344,775536,-23741.376126165094,28445.78375035693,-23237.50882991417,28051.98925035691,-24245.243422416017,28839.578250356954,63.17162656197811,80669.5,29,29
5,S,775536,768701,-24447.93381721082,29274.060210356678,-24245.243422416017,28839.578250356954,-24650.62421200562,29708.542170356406,65.07450607542299,62724.0,50,29
5,S,768701,759172,-25302.912886973987,30117.142230356618,-24650.62421200562,29708.542170356406,-25955.20156194236,30525.74229035683,67.66103506691991,40967.0,50,29
5,S,759172,759870,-27408.799693493995,31518.49405035658,-25955.20156194236,30525.74229035683,-28862.397825045635,32511.245810356333,68.68158637105807,51482.0,50,29
5,S,759870,716010,-29083.57749379742,33028.99513035663,-28862.397825045635,32511.245810356333,-29304.757162549206,33546.74445035692,65.61479245333213,68158.5,50,29
5,S,716010,759888,-29498.272082237992,33900.686390356714,-29304.757162549206,33546.74445035692,-29691.78700192678,34254.6283303565,64.69622302257655,74873.0,50,50
5,S,759888,759900,-29804.613070185114,34468.9193303565,-29691.78700192678,34254.6283303565,-29917.43913844345,34683.21033035649,64.94133469238173,72540.0,50,50
5,S,759900,774514,-30166.975174983032,35447.64477035646,-29917.43913844345,34683.21033035649,-30416.511211522615,36212.07921035643,65.07502717714354,72111.0,50,50
5,S,774514,769090,-30431.634607677024,36291.39471035669,-30416.511211522615,36212.07921035643,-30446.758003831434,36370.71021035695,64.88808500381728,74405.0,50,50
5,S,769090,772055,-30668.998154629888,37142.04649035689,-30446.758003831434,36370.71021035695,-30891.23830542834,37913.38277035684,63.893665817864445,71068.5,50,50
5,S,772055,759906,-30915.1683133669,37981.78891035657,-30891.23830542834,37913.38277035684,-30939.098321305457,38050.19505035629,64.73152186663253,65284.0,50,50
5,S,759906,759914,-31202.42062446155,38735.20267035628,-30939.098321305457,38050.19505035629,-31465.74292761764,39420.21029035627,65.75509953770103,59135.5,50,50
5,S,759914,716016,-31754.88566323135,39996.959210356305,-31465.74292761764,39420.21029035627,-32044.02839884506,40573.70813035635,64.70383407674748,55952.0,50,50
5,S,716016,769030,-32326.531594684253,40865.14389035654,-32044.02839884506,40573.70813035635,-32609.034790523445,41156.57965035674,65.00842951513961,53368.0,50,50
5,S,769030,769043,-32786.27361618118,41319.2738303565,-32609.034790523445,41156.57965035674,-32963.51244183892,41481.96801035625,67.87206988342257,40930.5,50,50
5,S,769043,769055,-33166.98667119046,41611.43317035645,-32963.51244183892,41481.96801035625,-33370.460900542006,41740.89833035665,67.32088817726716,65305.0,50,50
5,S,769055,759927,-33969.95601271719,42432.974770356595,-33370.460900542006,41740.89833035665,-34569.45112489238,43125.051210356534,67.33088290825759,70075.5,50,50
5,S,759927,773630,-34570.97268609023,43312.12447035643,-34569.45112489238,43125.051210356534,-34572.49424728808,43499.197730356325,66.70708918982788,33898.0,50,50
5,S,773630,759933,-34936.23958953954,45624.073890356325,-34572.49424728808,43499.197730356325,-35299.984931791,47748.950050356325,66.60120339041805,31490.5,50,50
10,E,759257,737229,-22166.929149127067,-5455.163769643332,-22343.199708567456,-5621.308869643469,-21990.658589686678,-5289.018669643195,63.15997889973127,38247.5,31,31
10,E,737229,737237,-21710.9679766689,-5066.545649643293,-21990.658589686678,-5289.018669643195,-21431.277363651127,-4844.0726296433895,62.57665448647171,42746.5,31,31
10,E,737237,737246,-21117.74354094768,-4742.604449643296,-21431.277363651127,-4844.0726296433895,-20804.20971824423,-4641.1362696432025,56.36797757205033,45486.0,31,31
10,E,737246,737257,-20465.316542233693,-4539.445449643275,-20804.20971824423,-4641.1362696432025,-20126.423366223156,-4437.754629643348,50.57112850203231,52648.0,31,31
10,E,737257,765506,-19673.920287398192,-4373.912609643175,-20126.423366223156,-4437.754629643348,-19221.41720857323,-4310.070589643001,47.93103472666739,56307.5,31,31
10,E,765506,737278,-19080.004232950854,-4264.6520296433755,-19221.41720857323,-4310.070589643001,-18938.591257328477,-4219.23346964375,51.28817313860998,61545.0,31,31
10,E,737278,764054,-18523.06672641617,-4122.66336964355,-18938.591257328477,-4219.23346964375,-18107.542195503866,-4026.09326964335,50.508697868201125,61477.0,31,31
10,E,764054,718410,-17792.025732450733,-3975.275689643514,-18107.542195503866,-4026.09326964335,-17476.5092693976,-3924.458109643678,50.17323338569339,46262.0,31,31
10,E,718410,764125,-17380.881453473336,-3918.613809643405,-17476.5092693976,-3924.458109643678,-17285.25363754907,-3912.7695096431316,56.77970070256322,39792.5,31,31
10,E,764125,764130,-17277.276968236,-3912.546869643298,-17285.25363754907,-3912.7695096431316,-17269.300298922928,-3912.324229643465,55.47369233126416,47854.5,31,31
10,E,764130,718412,-16937.784389328663,-3910.2091496432686,-17269.300298922928,-3912.324229643465,-16606.2684797344,-3908.0940696430716,51.822527496141916,67991.0,31,31
10,E,718412,763336,-16338.565924644055,-3910.376129643242,-16606.2684797344,-3908.0940696430716,-16070.86336955371,-3912.6581896434127,44.64227397024351,77060.5,31,31
10,E,763336,717008,-15892.425738103033,-3964.867269643295,-16070.86336955371,-3912.6581896434127,-15713.988106652356,-4017.0763496431773,42.869566317366626,76313.0,31,31
10,E,717008,717009,-15324.099576537717,-4083.4787296432146,-15713.988106652356,-4017.0763496431773,-14934.21104642308,-4149.881109643252,40.328204193995,90657.5,31,31
10,E,717009,768584,-14471.610334190402,-4139.750989643121,-14934.21104642308,-4149.881109643252,-14009.009621957723,-4129.62086964299,33.350613969253764,91779.0,31,31
10,E,768584,717011,-13879.354164686527,-4047.0214296431113,-14009.009621957723,-4129.62086964299,-13749.698707415331,-3964.421989643233,34.4738780398762,80933.0,31,44
10,E,717011,716036,-13506.018376093518,-3790.2618496431623,-13749.698707415331,-3964.421989643233,-13262.338044771705,-3616.1017096430915,31.927063158933116,82600.0,31,44
10,E,716036,717014,-12996.295374624824,-3474.947949643136,-13262.338044771705,-3616.1017096430915,-12730.252704477942,-3333.7941896431803,23.42529146267634,79229.5,31,44
10,E,717014,717016,-12531.158727061305,-3363.460969643422,-12730.252704477942,-3333.7941896431803,-12332.064749644667,-3393.127749643663,18.980628407491416,70581.5,31,44
10,E,717016,717020,-12177.833773623128,-3433.592569643535,-12332.064749644667,-3393.127749643663,-12023.602797601588,-3474.057389643407,17.378341753041255,67687.5,31,8
10,E,717020,717022,-11789.374588876362,-3534.8381096433995,-12023.602797601588,-3474.057389643407,-11555.146380151138,-3595.6188296433925,16.695682003717017,75598.5,31,8
10,E,717022,718415,-11325.160099615206,-3637.5864696434255,-11555.146380151138,-3595.6188296433925,-11095.173819079275,-3679.554109643458,18.581979214185594,82683.0,44,8
10,E,718415,763963,-10749.318347888002,-3665.750429643506,-11095.173819079275,-3679.554109643458,-10403.462876696727,-3651.9467496435536,25.337750628523175,82546.0,44,8
10,E,763963,764249,-10347.165112355357,-3649.330729643435,-10403.462876696727,-3651.9467496435536,-10290.867348013986,-3646.714709643317,33.14722155111237,79816.5,8,8
10,E,764249,717028,-10106.159040109345,-3637.9760896432326,-10290.867348013986,-3646.714709643317,-9921.450732204705,-3629.237469643148,38.21761928211954,75378.5,8,8
10,E,717028,716047,-9785.247950989622,-3619.7752696433085,-9921.450732204705,-3629.237469643148,-9649.045169774541,-3610.313069643469,53.958854390305945,77130.0,8,8
10,E,716047,716050,-9360.54794497196,-3592.8358296433003,-9649.045169774541,-3610.313069643469,-9072.050720169382,-3575.3585896431314,56.366590485967265,84820.0,8,8
10,E,716050,717032,-8686.404118244036,-3553.261569643157,-9072.050720169382,-3575.3585896431314,-8300.75751631869,-3531.164549643183,47.30761115470902,91627.5,8,8
10,E,717032,717035,-7751.058952455319,-3458.3612696430914,-8300.75751631869,-3531.164549643183,-7201.360388591947,-3385.557989643,48.68434421477327,96246.0,8,8
10,E,717035,763346,-7027.1185774155765,-3361.735509643032,-7201.360388591947,-3385.557989643,-6852.876766239206,-3337.9130296430635,48.571482457913376,88156.0,8,8
10,E,763346,716057,-6749.226173086883,-3329.953649643385,-6852.876766239206,-3337.9130296430635,-6645.575579934561,-3321.994269643706,50.656792606184155,76166.0,8,8
10,E,716057,717039,-6350.116059951902,-3322.4395496433726,-6645.575579934561,-3321.994269643706,-6054.656539969243,-3322.884829643039,50.9850778792902,80031.5,8,9
10,E,717039,737184,-5664.814117768936,-3328.6178096431977,-6054.656539969243,-3322.884829643039,-5274.971695568629,-3334.3507896433566,46.99931325130933,80509.0,8,9
10,E,737184,717042,-5203.273887582925,-3335.575309643429,-5274.971695568629,-3334.3507896433566,-5131.576079597221,-3336.799829643501,44.010881518736994,71806.0,8,9
10,E,717042,718335,-4788.2104358218,-3338.135669643292,-5131.576079597221,-3336.799829643501,-4444.8447920463805,-3339.4715096430837,38.73619589389295,83362.0,8,9
10,E,718335,717046,-4307.489312953347,-3336.9668096430796,-4444.8447920463805,-3339.4715096430837,-4170.133833860312,-3334.4621096430756,33.35202098015236,92993.0,8,51
10,E,717046,759385,-4073.952722954238,-3324.3319896433404,-4170.133833860312,-3334.4621096430756,-3977.771612048164,-3314.2018696436053,34.27725318775035,77561.0,8,51
10,E,759385,764026,-3876.4725225660786,-3291.7152296434283,-3977.771612048164,-3314.2018696436053,-3775.1734330839927,-3269.2285896432513,40.061310149165706,66745.5,8,51
10,E,764026,759280,-3427.1969977980734,-3234.441089643283,-3775.1734330839927,-3269.2285896432513,-3079.220562512154,-3199.6535896433147,55.319462799814076,36485.0,9,51
10,E,759280,718419,-3001.989804714244,-3214.069529643303,-3079.220562512154,-3199.6535896433147,-2924.7590469163347,-3228.4854696432913,66.42678362973426,7716.5,9,51
10,E,718419,763453,-2335.9609710450068,-3598.513149643204,-2924.7590469163347,-3228.4854696432913,-1747.1628951736793,-3968.5408296431165,66.41332603139833,7718.0,9,51
10,E,763453,718421,-1445.4788066513877,-4137.0236496432835,-1747.1628951736793,-3968.5408296431165,-1143.794718129096,-4305.50646964345,67.93182961889795,23624.5,9,51
10,E,718421,763458,-704.3401792782313,-4553.972709643378,-1143.794718129096,-4305.50646964345,-264.8856404273665,-4802.438949643305,69.45033320639757,39531.0,9,16
10,E,763458,737158,155.2957899104249,-4648.761689643328,-264.8856404273665,-4802.438949643305,575.4772202482163,-4495.084429643352,69.45033320639757,39531.0,16,16
10,E,737158,737313,720.2099657581803,-4425.899049643223,575.4772202482163,-4495.084429643352,864.9427112681442,-4356.713669643093,64.37326373012846,38652.5,16,16
10,E,737313,737320,1313.111646073839,-2899.0339296433644,864.9427112681442,-4356.713669643093,1761.2805808795335,-1441.3541896436357,62.08841908936739,41909.5,16,47
10,E,737320,716028,2011.6926678064915,-1367.8829896436487,1761.2805808795335,-1441.3541896436357,2262.1047547334497,-1294.4117896436617,65.84619447239788,35780.5,47,47
10,E,716028,716067,2477.70536575673,-1314.783349643642,2262.1047547334497,-1294.4117896436617,2693.30597678001,-1335.1549096436222,62.12018453311196,29664.0,47,47
10,E,716067,716069,2861.3693273323915,-1390.536609643404,2693.30597678001,-1335.1549096436222,3029.4326778847726,-1445.9183096431861,63.086683252850165,36808.0,45,47
10,E,716069,716072,3247.7997638144834,-1428.9976696431938,3029.4326778847726,-1445.9183096431861,3466.166849744194,-1412.0770296432015,65.5723051981919,62968.5,45,47
10,E,716072,717059,3682.5512953248754,-1351.7972496431305,3466.166849744194,-1412.0770296432015,3898.935740905556,-1291.5174696430595,65.32632592777583,82535.5,45,47
10,E,717059,716075,4180.009591376219,-1285.2278896431196,3898.935740905556,-1291.5174696430595,4461.083441846881,-1278.9383096431798,66.58076991122084,81781.0,45,47
10,E,716075,716078,4775.308883277101,-1280.1071696433926,4461.083441846881,-1278.9383096431798,5089.5343247073215,-1281.2760296436054,63.351125398097835,89949.0,45,47
10,E,716078,765098,5526.406820312359,-1069.3784096435002,5089.5343247073215,-1281.2760296436054,5963.279315917396,-857.4807896433947,63.119932333497125,77235.5,27,47
10,E,765098,716081,6054.7113115680095,-809.2235696434221,5963.279315917396,-857.4807896433947,6146.143307218623,-760.9663496434496,62.54420636768631,60629.5,27,47
10,E,716081,737344,6324.212075348092,-682.6527296434284,6146.143307218623,-760.9663496434496,6502.2808434775625,-604.3391096434073,60.63401935516851,61666.0,27,47
10,E,737344,717070,6654.80582663934,-609.2928496435559,6502.2808434775625,-604.3391096434073,6807.330809801117,-614.2465896437045,62.37356674902994,66828.0,27,45
10,E,717070,716085,7025.974543222059,-578.5685296436117,6807.330809801117,-614.2465896437045,7244.618276643002,-542.8904696435188,64.33775792306523,71132.5,27,45
10,E,716085,716087,7567.788653602987,-322.25422964332904,7244.618276643002,-542.8904696435188,7890.959030562973,-101.61798964313931,64.31506277127389,77243.0,27,45
10,E,716087,765451,8155.572355341979,71.54027035669245,7890.959030562973,-101.61798964313931,8420.185680120987,244.6985303565242,62.353147466637125,81034.5,27,45
10,E,765451,716092,8790.57056214696,370.37881035639344,8420.185680120987,244.6985303565242,9160.955444172936,496.0590903562627,60.375177037475225,78650.0,27,45
10,E,716092,717077,9463.792230572526,500.734530356323,9160.955444172936,496.0590903562627,9766.629016972114,505.40997035638327,60.078464082794085,74699.0,27,27
10,E,717077,717075,9839.75617032635,505.799590356586,9766.629016972114,505.40997035638327,9912.883323680582,506.1892103567888,59.74192710198399,69380.5,27,27
10,E,717075,717089,10356.533682805752,511.5325703567447,9912.883323680582,506.1892103567888,10800.184041930921,516.8759303567006,59.8957754989624,71530.0,27,27
10,E,717089,717083,10879.35133216353,518.1004503567729,10800.184041930921,516.8759303567006,10958.518622396137,519.3249703568451,57.9105281255692,69421.0,27,27
10,E,717083,717084,11191.363593668473,525.6702103566445,10958.518622396137,519.3249703568451,11424.208564940809,532.0154503564438,55.243130235007364,72829.0,27,27
10,E,717084,717093,11784.311381899119,537.0805103567069,11424.208564940809,532.0154503564438,12144.414198857428,542.14557035697,52.768071845144036,82669.0,27,27
10,E,717093,717097,12224.41143156177,542.9804703568395,12144.414198857428,542.14557035697,12304.40866426611,543.8153703567091,51.26915636100874,79721.0,27,27
10,E,717097,717105,12617.15865241281,546.6540303566609,12304.40866426611,543.8153703567091,12929.908640559514,549.4926903566127,50.7808200324422,83137.0,27,27
10,E,717105,717110,13034.481392014197,551.4407903564401,12929.908640559514,549.4926903566127,13139.054143468882,553.3888903562674,50.24056521143453,77317.0,27,27
10,E,717110,717114,13444.56518894427,557.1737703565988,13139.054143468882,553.3888903562674,13750.076234419661,560.9586503569301,52.2373852959534,70404.0,27,27
10,E,717114,718445,13846.533992816312,562.4058103568358,13750.076234419661,560.9586503569301,13942.991751212965,563.8529703567415,52.10663435044124,76815.5,27,27
10,E,718445,717123,14280.640013515576,568.5840703566612,13942.991751212965,563.8529703567415,14618.288275818188,573.3151703565809,51.35475230667919,72307.5,41,27
10,E,717123,717127,15004.211525234112,580.3283303566714,14618.288275818188,573.3151703565809,15390.134774650036,587.3414903567618,54.66136113505523,71094.5,41,27
10,E,717127,717131,15510.891404305798,588.0094103566574,15390.134774650036,587.3414903567618,15631.64803396156,588.6773303565531,59.12979849405913,71924.0,41,27
10,E,717131,717133,15776.841858622705,589.9575103564848,15631.64803396156,588.6773303565531,15922.03568328385,591.2376903564166,62.219110374270656,71751.5,41,41
10,E,717133,717136,16494.55766512347,601.5904503563806,15922.03568328385,591.2376903564166,17067.079646963088,611.9432103563446,63.08608580929646,76001.5,41,41
10,E,717136,716126,17272.352085003717,592.0169303564267,17067.079646963088,611.9432103563446,17477.624523044342,572.0906503565086,62.33388813368669,74822.5,41,41
10,E,716126,717146,17989.74513609826,379.28441035645176,17477.624523044342,572.0906503565086,18501.865749152177,186.4781703563949,55.48433214874901,78594.0,17,17
10,E,717146,774440,18757.303598825172,156.47743035660127,18501.865749152177,186.4781703563949,19012.74144849817,126.47669035680764,58.582813446241595,81796.0,17,17
10,E,774440,717152,19342.228609827762,128.2578103566611,19012.74144849817,126.47669035680764,19671.715771157353,130.03893035651458,67.66012951179022,71344.5,17,17
10,E,717152,717155,20039.195854531936,75.88175035640944,19671.715771157353,130.03893035651458,20406.675937906522,21.724570356304298,67.1142828217096,72658.0,17,17
10,E,717155,717156,20947.152918749547,-145.75636964362374,20406.675937906522,21.724570356304298,21487.629899592575,-313.2373096435518,63.10838419630774,73130.0,17,17
10,E,717156,768173,21972.50073482035,-238.37460964351862,21487.629899592575,-313.2373096435518,22457.371570048123,-163.51190964348547,58.60352399965346,62608.5,17,17
10,E,768173,775552,23013.15637870551,-71.78422964331958,22457.371570048123,-163.51190964348547,23568.941187362896,19.943450356846313,51.339504307271284,67506.5,17,17
10,E,775552,717165,23815.29577776051,59.796010356682245,23568.941187362896,19.943450356846313,24061.650368158123,99.64857035651818,35.20598055893172,68199.5,17,17
10,E,717165,775030,24213.022653442604,121.30031035643015,24061.650368158123,99.64857035651818,24364.394938727084,142.9520503563421,29.209963477960663,59240.0,17,17
10,E,775030,717174,25127.38871785914,265.57103035642615,24364.394938727084,142.9520503563421,25890.3824969912,388.19001035651013,50.25704210263142,61065.5,17,17
10,E,717174,764222,26321.53761112343,443.0151103565109,25890.3824969912,388.19001035651013,26752.692725255656,497.84021035651165,67.89656213322483,63645.5,17,17
10,E,764222,717179,27103.620067108608,542.8134903564701,26752.692725255656,497.84021035651165,27454.54740896156,587.7867703564286,67.89656213322483,63645.5,17,40
10,E,717179,763695,27822.673003147273,604.3177903566135,27454.54740896156,587.7867703564286,28190.798597332985,620.8488103567984,68.2464252601024,63638.0,17,40
10,E,763695,717185,28559.800241906072,616.8412903566337,28190.798597332985,620.8488103567984,28928.80188647916,612.8337703564691,68.67865412443521,51611.0,17,40
10,E,717185,717190,29041.07465975568,611.3866103565634,28928.80188647916,612.8337703564691,29153.347433032202,609.9394503566577,68.74474245939673,39804.0,17,40
10,E,717190,716152,29474.212414237594,605.931930356493,29153.347433032202,609.9394503566577,29795.077395442986,601.9244103563284,68.3125135950639,51831.0,17,40
10,E,716152,717195,30245.044538937764,596.3027503566796,29795.077395442986,601.9244103563284,30695.011682432538,590.6810903570308,67.88028473073109,63858.0,40,40
10,E,717195,717198,30778.605332515042,589.6235503569325,30695.011682432538,590.6810903570308,30862.198982597547,588.5660103568341,67.88028473073109,63858.0,40,24
10,E,717198,764217,31212.665245298664,583.667930356545,30862.198982597547,588.5660103568341,31563.13150799978,578.7698503562558,67.89656213322483,63645.5,40,24
10,E,764217,717205,32037.305306923692,570.587830356348,31563.13150799978,578.7698503562558,32511.479105847604,562.4058103564403,67.89656213322483,63645.5,24,24
10,E,717205,718118,32913.40180180466,560.5690303567274,32511.479105847604,562.4058103564403,33315.324497761714,558.7322503570144,67.89656213322483,63645.5,19,24
10,E,718118,717214,33628.766104635186,553.5002103567774,33315.324497761714,558.7322503570144,33942.20771150866,548.2681703565404,68.24647168106507,63637.5,19,24
10,E,717214,717219,34304.70814005219,477.6356303565053,33942.20771150866,548.2681703565404,34667.20856859573,407.00309035647024,68.58010382641157,63842.0,19,24
10,E,717219,718119,34798.47780289475,328.856450356423,34667.20856859573,407.00309035647024,34929.74703719377,250.70981035637573,68.59633480794264,63630.0,19,19
10,E,718119,763479,36075.66705126038,198.33375035651954,34929.74703719377,250.70981035637573,37221.587065326996,145.95769035666336,68.61256578947369,63418.0,19,19
10,E,763479,717236,38289.4924870383,-99.3915896432236,37221.587065326996,145.95769035666336,39357.397908749605,-344.74086964311056,69.02710733072237,51608.0,19,19
10,E,717236,716181,39940.20195565689,-136.29416964338873,39357.397908749605,-344.74086964311056,40523.00600256418,72.1525303563331,55.64973973153701,57621.5,19,19
10,E,716181,717241,41257.22844267224,370.49013035650785,40523.00600256418,72.1525303563331,41991.4508827803,668.8277303566827,39.43622884900335,75092.0,19,19
10,E,717241,717243,42288.43196396146,670.831490356765,41991.4508827803,668.8277303566827,42585.413045142624,672.8352503568474,38.730966687975155,76619.0,19,19
10,E,717243,716187,43023.7148861162,613.1120703565574,42585.413045142624,672.8352503568474,43462.016727089765,553.3888903562674,44.23982220623225,78628.5,19,19
10,E,716187,717247,43843.69804831574,502.0147103566502,43462.016727089765,553.3888903562674,44225.37936954172,450.64053035703296,49.63100622849012,77666.5,19,19
10,E,717247,768328,44573.6785602332,576.8217503568239,44225.37936954172,450.64053035703296,44921.977750924685,703.0029703566149,51.071228193549345,68237.5,19,20
10,E,768328,717251,45201.66836394246,841.8190103565405,44921.977750924685,703.0029703566149,45481.35897696024,980.6350503564661,50.33159210086123,68773.0,20,20
10,E,717251,717254,45879.08585264299,1177.3374903565732,45481.35897696024,980.6350503564661,46276.812728325734,1374.0399303566803,48.13848920174733,77584.5,20,20
10,E,717254,774729,46765.69495216786,1507.51261035665,46276.812728325734,1374.0399303566803,47254.57717600999,1640.9852903566198,47.210287387466735,76523.5,20,20
10,E,774729,717257,47286.80660866719,1641.4862303565415,47254.57717600999,1640.9852903566198,47319.03604132438,1641.9871703564631,47.993645099933325,70838.0,20,20
10,E,717257,717260,47826.31532329221,1651.8389903565055,47319.03604132438,1641.9871703564631,48333.59460526004,1661.690810356548,48.238065378091704,66390.0,20,20
10,E,717260,774744,48598.39236169965,1665.920970356546,48333.59460526004,1661.690810356548,48863.19011813926,1670.151130356544,47.66701933211641,71384.5,20,20
10,W,759259,737232,-22179.74714952623,-5440.302549643282,-22354.542255683096,-5608.50706964336,-22004.952043369358,-5272.098029643203,61.74255257308491,46465.0,31,31
10,W,737232,764050,-21828.865915588918,-5106.453869643383,-22004.952043369358,-5272.098029643203,-21652.779787808475,-4940.809709643564,62.94209786768427,52783.5,31,31
10,W,764050,737242,-21547.10044639148,-4883.3685896434445,-21652.779787808475,-4940.809709643564,-21441.421104974488,-4825.927469643325,64.07418984219007,51645.0,31,31
10,W,737242,737258,-20785.48990471231,-4622.768469643304,-21441.421104974488,-4825.927469643325,-20129.558704450137,-4419.609469643284,66.16711169286089,42682.0,31,31
10,W,737258,763490,-19980.860678242112,-4382.9851896432065,-20129.558704450137,-4419.609469643284,-19832.16265203409,-4346.36090964313,67.03880803099197,49112.5,31,31
10,W,763490,737269,-19631.501005503305,-4343.522249643178,-19832.16265203409,-4346.36090964313,-19430.839358972524,-4340.683589643226,67.52747840111738,60825.5,31,31
10,W,737269,764059,-18771.127309672236,-4174.649809643203,-19430.839358972524,-4340.683589643226,-18111.415260371952,-4008.6160296431813,65.43613957906996,50208.0,31,31
10,W,764059,718411,-17786.400566807897,-3955.794689643263,-18111.415260371952,-4008.6160296431813,-17461.385873243842,-3902.9733496433446,62.98655384955734,43704.5,31,31
10,W,718411,737292,-17040.927795415475,-3893.5668096433646,-17461.385873243842,-3902.9733496433446,-16620.469717587104,-3884.1602696433843,64.88925494377551,65833.5,31,31
10,W,737292,763325,-16377.434897076422,-3884.82818964328,-16620.469717587104,-3884.1602696433843,-16134.40007656574,-3885.4961096431757,65.3513676157144,84912.5,31,31
10,W,763325,716032,-15922.21145126002,-3941.1561096434416,-16134.40007656574,-3885.4961096431757,-15710.022825954298,-3996.816109643707,62.29162746188187,87101.5,31,31
10,W,716032,763341,-15322.992986575407,-4061.8826496435577,-15710.022825954298,-3996.816109643707,-14935.963147196517,-4126.949189643408,58.179904531751774,90308.0,31,31
10,W,763341,718099,-14470.042665076253,-4114.370029643528,-14935.963147196517,-4126.949189643408,-14004.122182955989,-4101.790869643648,56.239902683374474,88683.5,31,31
10,W,718099,717012,-13639.961869468993,-3849.762389643619,-14004.122182955989,-4101.790869643648,-13275.801555981994,-3597.7339096435894,57.574380927562174,84824.0,31,44
10,W,717012,717015,-13019.257116346034,-3459.5301296433045,-13275.801555981994,-3597.7339096435894,-12762.712676710073,-3321.326349643019,56.318081903698605,84853.5,31,31
10,W,717015,717019,-12389.330780202732,-3387.506089643223,-12762.712676710073,-3321.326349643019,-12015.948883695391,-3453.6858296434266,54.87787677129501,84885.5,31,8
10,W,717019,718414,-11553.993682273842,-3553.5398696432453,-12015.948883695391,-3453.6858296434266,-11092.038480852292,-3653.393909643064,55.55958105229078,88156.5,31,8
10,W,718414,764244,-10691.729561923716,-3635.3044096432545,-11092.038480852292,-3653.393909643064,-10291.420642995141,-3617.214909643445,55.95306894272259,87189.5,44,8
10,W,764244,773647,-10211.238978630197,-3612.984749643447,-10291.420642995141,-3617.214909643445,-10131.057314265254,-3608.754589643449,57.70330444825117,81764.0,8,8
10,W,773647,717026,-10026.80731821679,-3603.0216096432905,-10131.057314265254,-3608.754589643449,-9922.557322168326,-3597.2886296431316,60.342308810730344,86520.5,8,8
10,W,717026,717029,-9786.3084330376,-3589.6632096434005,-9922.557322168326,-3597.2886296431316,-9650.059543906877,-3582.0377896436694,61.14707781626325,86877.5,8,8
10,W,717029,717031,-9361.377887443694,-3566.6199696434423,-9650.059543906877,-3582.0377896436694,-9072.696230980511,-3551.2021496432153,60.96149431475531,91212.0,8,8
10,W,717031,718103,-8960.377349788347,-3545.02388964339,-9072.696230980511,-3551.2021496432153,-8848.058468596182,-3538.8456296435643,62.038426042741136,99517.0,8,8
10,W,718103,717033,-8582.937956751663,-3522.5372496436084,-8848.058468596182,-3538.8456296435643,-8317.817444907143,-3506.228869643652,64.26188566127306,97275.5,8,8
10,W,717033,763330,-7760.142211730701,-3432.980309643499,-8317.817444907143,-3506.228869643652,-7202.466978554258,-3359.731749643345,66.04933618817634,99665.5,8,8
10,W,763330,717036,-6923.975171329423,-3325.556509643413,-7202.466978554258,-3359.731749643345,-6645.483364104587,-3291.3812696434807,64.95474283030204,98133.0,8,8
10,W,717036,763743,-6629.437809648471,-3290.602029643471,-6645.483364104587,-3291.3812696434807,-6613.392255192353,-3289.8227896434605,62.17186921816156,87491.0,8,8
10,W,763743,776177,-6533.302806657384,-3287.652049643404,-6613.392255192353,-3289.8227896434605,-6453.213358122414,-3285.481309643348,61.51180140826012,85288.5,8,9
10,W,776177,717040,-6253.473869894648,-3287.0397896433683,-6453.213358122414,-3285.481309643348,-6053.734381666881,-3288.5982696433884,60.23346875847221,87354.0,8,9
10,W,717040,717041,-5846.617627022185,-3290.3237296433826,-6053.734381666881,-3288.5982696433884,-5639.500872377489,-3292.0491896433764,58.89502365359187,86205.0,8,9
10,W,717041,716063,-5384.524101855019,-3297.2255696433585,-5639.500872377489,-3292.0491896433764,-5129.547331332549,-3302.4019496433402,62.14291444951447,72811.0,8,9
10,W,716063,717043,-5023.4069107643745,-3304.2387296434486,-5129.547331332549,-3302.4019496433402,-4917.2664901962,-3306.075509643557,64.60129977151185,75755.5,8,9
10,W,717043,768598,-4681.655044017432,-3308.0792696436392,-4917.2664901962,-3306.075509643557,-4446.043597838664,-3310.0830296437216,63.32551988290223,86709.0,8,9
10,W,768598,717045,-4309.518061217363,-3309.693409643519,-4446.043597838664,-3310.0830296437216,-4172.99252459606,-3309.303789643316,62.81406814582132,90829.0,8,51
10,W,717045,759289,-3875.1353930281775,-3254.3117096433416,-4172.99252459606,-3309.303789643316,-3577.2782614602947,-3199.319629643367,64.91205875350975,67290.5,8,51
10,W,759289,763727,-3382.241780572346,-3178.614109643439,-3577.2782614602947,-3199.319629643367,-3187.2052996843977,-3157.908589643511,66.41637298595161,22309.5,9,51
10,W,763727,769097,-2460.5906655688545,-3555.7106096433017,-3187.2052996843977,-3157.908589643511,-1733.9760314533114,-3953.512629643092,66.17423565325302,54165.0,9,51
10,W,769097,769105,-1433.352424978998,-4122.106769643374,-1733.9760314533114,-3953.512629643092,-1132.7288185046846,-4290.700909643655,66.25186655436943,113197.5,9,51
10,W,769105,769118,-159.34462275533355,-4324.041249643322,-1132.7288185046846,-4290.700909643655,814.0395729940175,-4357.38158964299,66.59550303030304,125780.0,16,16
10,W,769118,764941,1282.9109616806602,-2891.5198296433528,814.0395729940175,-4357.38158964299,1751.782350367303,-1425.6580696437159,67.72160909321703,82653.0,16,47
10,W,764941,717047,2006.4363654842084,-1349.5151896433554,1751.782350367303,-1425.6580696437159,2261.090380601114,-1273.3723096429949,68.72549589238989,39719.0,47,47
10,W,717047,737329,2457.18734353573,-1286.3967496433324,2261.090380601114,-1273.3723096429949,2653.2843064703466,-1299.4211896436698,68.72549589238989,39719.0,47,47
10,W,737329,717049,2675.8310769560185,-1307.3249096434893,2653.2843064703466,-1299.4211896436698,2698.37784744169,-1315.2286296433088,68.41393516075232,51697.5,45,47
10,W,717049,717052,2863.720831002628,-1370.0537296433095,2698.37784744169,-1315.2286296433088,3029.0638145635658,-1424.8788296433102,67.93021994805235,63863.5,45,47
10,W,717052,717055,3145.5324081150493,-1438.3485496433145,3029.0638145635658,-1424.8788296433102,3262.0010016665324,-1451.8182696433187,65.57393564365034,60165.0,45,47
10,W,717055,717060,3576.088119351136,-1357.4745696434297,3262.0010016665324,-1451.8182696433187,3890.175237035739,-1263.1308696435408,65.78772290002702,68414.5,45,47
10,W,717060,716076,4173.785022837242,-1256.1733696433098,3890.175237035739,-1263.1308696435408,4457.3948086387445,-1249.2158696430788,67.08170915012835,83429.5,45,47
10,W,716076,718020,4771.620250068964,-1250.440389643151,4457.3948086387445,-1249.2158696430788,5085.845691499184,-1251.6649096432234,66.69194081714346,82919.0,45,47
10,W,718020,718332,5519.536740962252,-1041.1031296433048,5085.845691499184,-1251.6649096432234,5953.227790425321,-830.5413496433863,65.79510914524867,69190.5,27,47
10,W,718332,717065,6045.628052292628,-783.1190296432833,5953.227790425321,-830.5413496433863,6138.028314159936,-735.6967096431802,65.4090888638903,59528.5,27,47
10,W,717065,737345,6318.033614724103,-658.2179896434241,6138.028314159936,-735.6967096431802,6498.03891528827,-580.739269643668,67.01242962381049,62025.5,27,47
10,W,737345,716084,6651.670488412357,-588.3090296435396,6498.03891528827,-580.739269643668,6805.302061536445,-595.8787896434112,66.36267331354225,62140.5,27,45
10,W,716084,717071,7132.89879834698,-457.17406964320446,6805.302061536445,-595.8787896434112,7460.495535157515,-318.46934964299777,64.81088508879608,57775.0,27,45
10,W,717071,716088,7678.217110276097,-185.33062964337134,7460.495535157515,-318.46934964299777,7895.938685394679,-52.19190964374491,63.71939136610625,70193.5,27,45
10,W,716088,717073,8081.430827855409,68.868590356319,7895.938685394679,-52.19190964374491,8266.92297031614,189.92909035638291,65.52195959876263,76182.0,27,45
10,W,717073,716091,8636.201262379805,373.16181035648583,8266.92297031614,189.92909035638291,9005.479554443471,556.3945303565888,66.55697130224192,73238.0,27,45
10,W,716091,717079,9385.915961962175,548.1011903565666,9005.479554443471,556.3945303565888,9766.352369480881,539.8078503565443,63.937007695776245,74294.0,27,27
10,W,717079,717081,9839.479522835114,540.8097303567832,9766.352369480881,539.8078503565443,9912.606676189349,541.8116103570221,62.94270583521288,69547.5,27,27
10,W,717081,717087,10372.210373940661,549.6596703569821,9912.606676189349,541.8116103570221,10831.814071691973,557.5077303569421,62.671146384692705,73493.5,27,27
10,W,717087,717091,10903.926850913871,558.3982903566712,10831.814071691973,557.5077303569421,10976.03963013577,559.2888503564001,61.71523889991004,75759.5,27,27
10,W,717091,716101,11192.331859885822,563.1850503564503,10976.03963013577,559.2888503564001,11408.624089635874,567.0812503565005,62.36451948555259,84435.0,27,27
10,W,716101,717095,11801.048555081352,574.4283703565388,11408.624089635874,567.0812503565005,12193.47302052683,581.775490356577,62.80476419815848,84107.5,27,27
10,W,717095,717101,12265.493583918753,583.5566103564306,12193.47302052683,581.775490356577,12337.514147310678,585.337730356284,61.74050908011888,73700.5,27,27
10,W,717101,717108,12642.149142399348,593.074470356525,12337.514147310678,585.337730356284,12946.784137488019,600.811210356766,61.720568553549256,79061.0,27,27
10,W,717108,717112,13043.103572139054,596.6923703568824,12946.784137488019,600.811210356766,13139.42300679009,592.5735303569988,61.0007516204417,80673.5,27,27
10,W,717112,717116,13468.910168119026,598.306510356762,13139.42300679009,592.5735303569988,13798.397329447962,604.0394903565252,55.03504495150448,75643.5,27,27
10,W,717116,717119,13878.76342547351,605.8206103567742,13798.397329447962,604.0394903565252,13959.129521499057,607.6017303570231,51.15822330461793,76845.0,41,27
10,W,717119,717121,14274.277121230984,612.5554703567763,13959.129521499057,607.6017303570231,14589.42472096291,617.5092103565294,52.65700466931384,73010.5,41,27
10,W,717121,717125,14989.779747806473,623.9101103565837,14589.42472096291,617.5092103565294,15390.134774650036,630.311010356638,52.76828391041345,68001.5,41,27
10,W,717125,717129,15486.638640961675,632.3704303565798,15390.134774650036,630.311010356638,15583.142507273313,634.4298503565216,54.619889273785745,71760.5,41,27
10,W,717129,717134,15760.51965667601,635.3204103566461,15583.142507273313,634.4298503565216,15937.896806078708,636.2109703567705,53.633464589548865,86438.0,41,41
10,W,717134,717135,16340.972199913715,644.6156303565117,15937.896806078708,636.2109703567705,16744.04759374872,653.0202903562529,51.328588681826346,83206.0,41,41
10,W,717135,717139,17110.88216631152,633.0383503564753,16744.04759374872,653.0202903562529,17477.71673887432,613.0564103566979,54.18762921331455,72905.0,41,41
10,W,717139,717142,17816.65602279984,444.3509503566976,17477.71673887432,613.0564103566979,18155.595306725365,275.6454903566973,57.3661824627115,73900.5,17,17
10,W,717142,774441,18585.551615065313,211.63649035654984,18155.595306725365,275.6454903566973,19015.507923405257,147.6274903564024,63.980265368787364,72888.5,17,17
10,W,774441,717150,19208.976735179058,145.2341103565128,19015.507923405257,147.6274903564024,19402.445546952862,142.84073035662317,69.46784348085515,76926.5,17,17
10,W,717150,717154,19620.858740798216,149.57559035662527,19402.445546952862,142.84073035662317,19839.27193464357,156.31045035662737,69.79432433348546,76284.5,17,17
10,W,717154,767329,20127.538619870556,100.59479035650213,19839.27193464357,156.31045035662737,20415.805305097543,44.87913035637689,68.90146039747921,68809.0,17,17
10,W,767329,717157,20953.4697031185,-123.3810496435612,20415.805305097543,44.87913035637689,21491.134101139454,-291.6412296434993,68.36744032517575,51270.5,17,17
10,W,717157,768174,21973.51510895203,-215.88796964334165,21491.134101139454,-291.6412296434993,22455.896116764605,-140.134709643184,61.92666670943726,54996.5,17,17
10,W,768174,717160,22787.642565933806,-83.4728296434703,22455.896116764605,-140.134709643184,23119.389015103003,-26.8109496437566,55.06088532760754,74206.5,17,17
10,W,717160,717162,23509.047005642708,34.91599035661565,23119.389015103003,-26.8109496437566,23898.70499618241,96.6429303569879,52.24046478921075,73051.5,17,17
10,W,717162,717167,23994.332812106673,110.1126503569921,23898.70499618241,96.6429303569879,24089.960628030938,123.58237035699631,50.97631574812374,67729.5,17,17
10,W,717167,775029,24225.241250944968,144.45487035689823,24089.960628030938,123.58237035699631,24360.521873858997,165.32737035680015,52.59164017156694,65871.0,17,17
10,W,775029,717169,24606.830356341627,206.0148303569011,24360.521873858997,165.32737035680015,24853.138838824252,246.70229035700203,60.28934173015084,64010.0,17,17
10,W,717169,717171,25386.192445335364,329.02343035679235,24853.138838824252,246.70229035700203,25919.246051846476,411.3445703565827,67.88028473073109,63858.0,17,17
10,W,717171,764227,26334.586151098178,463.99893035652724,25919.246051846476,411.3445703565827,26749.92625034988,516.6532903564718,67.50439829321309,71597.0,17,17
10,W,764227,717176,27037.45520893511,552.609650356653,26749.92625034988,516.6532903564718,27324.98416752034,588.5660103568341,67.09570361353616,79600.0,17,40
10,W,717176,716146,27756.9692241243,614.5592303568585,27324.98416752034,588.5660103568341,28188.95428072826,640.552450356883,67.8214995988944,71853.0,17,40
10,W,716146,717187,28558.324788622554,636.0439903567967,28188.95428072826,640.552450356883,28927.69529651685,631.5355303567103,68.23019427857133,63850.0,17,40
10,W,717187,717192,28999.946399483706,630.6449703565858,28927.69529651685,631.5355303567103,29072.197502450566,629.7544103564612,67.88028473073109,63858.0,17,40
10,W,717192,716153,29433.591341031788,624.4110503565054,29072.197502450566,629.7544103564612,29794.98517961301,619.0676903565495,67.82155025636753,71860.5,17,40
10,W,716153,717196,30204.838436967497,613.946970356427,29794.98517961301,619.0676903565495,30614.69169432198,608.8262503563044,68.25377912070036,59833.5,40,40
10,W,717196,717200,30709.489567774508,607.8800303563205,30614.69169432198,608.8262503563044,30804.28744122704,606.9338103563365,68.3125135950639,51831.0,40,40
10,W,717200,763731,31183.70947461341,602.0357303564429,30804.28744122704,606.9338103563365,31563.13150799978,597.1376503565491,66.62971748328096,81292.0,40,24
10,W,763731,717202,31908.756439615463,594.1320103566234,31563.13150799978,597.1376503565491,32254.381371231146,591.1263703566976,66.62971748328096,81292.0,24,24
10,W,717202,717207,32326.724690028634,590.1244903568543,32254.381371231146,591.1263703566976,32399.068008826118,589.1226103570108,67.88028473073109,63858.0,24,24
10,W,717207,717209,32720.62460875763,585.8943303568562,32399.068008826118,589.1226103570108,33042.18120868914,582.6660503567016,67.47159005105416,71861.0,19,24
10,W,717209,717211,33162.75340668429,581.1632303565409,33042.18120868914,582.6660503567016,33283.32560467945,579.6604103563802,67.47159005105416,71861.0,19,24
10,W,717211,717216,33540.46944721155,576.8774103566834,33283.32560467945,579.6604103563802,33797.613289743655,574.0944103569865,67.88028473073109,63858.0,19,24
10,W,717216,717220,34194.27968337908,523.0541903569215,33797.613289743655,574.0944103569865,34590.94607701451,472.0139703568566,67.47159005105416,71861.0,19,24
10,W,717220,717224,34703.172742376046,408.22761035693804,34590.94607701451,472.0139703568566,34815.39940773758,344.44125035701944,67.47159005105416,71861.0,19,19
10,W,717224,717226,35832.90887824092,297.01893035691637,34815.39940773758,344.44125035701944,36850.41834874427,249.59661035681336,67.88028473073109,63858.0,19,19
10,W,717226,717235,38100.21949553814,-36.3288096434556,36850.41834874427,249.59661035681336,39350.02064233202,-322.25422964372456,68.3125135950639,51831.0,19,19
10,W,717235,717238,39932.54804174938,-114.9207296435651,39350.02064233202,-322.25422964372456,40515.075441166744,92.41277035659436,66.37854599708727,51375.5,19,19
10,W,717238,717240,41061.77699054875,364.75715035674466,40515.075441166744,92.41277035659436,41608.47853993076,637.101530356895,64.74105812420744,69102.5,19,19
10,W,717240,763485,41871.93916683181,662.7051303567166,41608.47853993076,637.101530356895,42135.39979373287,688.3087303565384,64.006267552371,72766.0,19,19
10,W,763485,717245,42799.12323164685,630.4223303567524,42135.39979373287,688.3087303565384,43462.84666956084,572.5359303569664,63.41085475646892,73572.5,19,19
10,W,717245,717246,43844.343559126864,521.9409903569638,43462.84666956084,572.5359303569664,44225.84044869289,471.346050356961,64.6273199853938,76526.0,19,19
10,W,717246,717249,44571.511488223565,596.9706703569707,44225.84044869289,471.346050356961,44917.18252775424,722.5952903569805,63.31722009596183,72361.5,19,20
10,W,717249,768339,45201.62225602748,864.3613103569725,44917.18252775424,722.5952903569805,45486.06198430071,1006.1273303569644,61.217524097049896,61977.5,20,20
10,W,768339,717252,45635.26719757555,1079.2089103567487,45486.06198430071,1006.1273303569644,45784.4724108504,1152.2904903565327,60.63317398631307,56654.0,20,20
10,W,717252,768349,46037.005461872,1276.6905903564702,45784.4724108504,1152.2904903565327,46289.53851289361,1401.0906903564078,60.46699501249396,61042.5,20,20
10,W,768349,774728,46772.150060281776,1531.2794303563633,46289.53851289361,1401.0906903564078,47254.76160766994,1661.468170356319,61.627644914838584,75412.0,20,20
10,W,774728,716193,47286.991040327135,1662.080430356355,47254.76160766994,1661.468170356319,47319.22047298433,1662.6926903563913,63.17785503554596,90049.5,20,20
10,W,716193,717258,47609.331474815386,1667.7020903563994,47319.22047298433,1662.6926903563913,47899.44247664644,1672.7114903564075,62.509060683894084,85746.0,20,20
10,W,717258,774743,48381.63905279842,1681.3387903563776,47899.44247664644,1672.7114903564075,48863.835628950386,1689.9660903563474,62.40722890002668,76984.5,20,20
14,N,764262,764276,-23824.232049606493,33732.426210356774,-24323.534662261907,32921.79397035677,-23324.929436951083,34543.05845035677,65.13867379156625,52258.0,50,29
14,N,764276,764269,-23201.54465613385,34669.350990356674,-23324.929436951083,34543.05845035677,-23078.159875316618,34795.64353035658,65.25503513230143,50679.5,50,29
14,N,764269,764304,-22011.68379897384,35655.033930356476,-23078.159875316618,34795.64353035658,-20945.20772263107,36514.42433035637,64.93469933134975,46928.0,50,29
14,N,764304,764318,-20185.764252962188,37037.57267035648,-20945.20772263107,36514.42433035637,-19426.320783293308,37560.72101035659,66.80620695755286,41157.5,50,29
14,N,764318,766694,-18074.206172884362,38751.733690356465,-19426.320783293308,37560.72101035659,-16722.091562475413,39942.74637035634,67.36380239811206,33872.0,50,29
14,N,766694,766721,-14811.932855568815,40449.47501035638,-16722.091562475413,39942.74637035634,-12901.774148662216,40956.203650356416,65.96554086907503,28079.5,50,36
14,N,766740,766758,-5783.72643082063,45998.164750356664,-7950.614009022483,44514.21349035642,-3616.8388526187773,47482.1160103569,66.87066579435378,35879.5,36,36
14,S,775511,764283,-24093.27173423474,32062.29225035636,-24650.808643665565,29764.981410356286,-23535.734824803916,34359.60309035644,65.58891113870573,56220.5,50,29
14,S,764283,764290,-23402.067978919018,34499.4210103566,-23535.734824803916,34359.60309035644,-23268.40113303412,34639.23893035677,66.85405052638279,54374.0,50,29
14,S,764290,764297,-22414.75919280885,35393.93287035681,-23268.40113303412,34639.23893035677,-21561.117252583583,36148.62681035685,66.81516436399968,49150.0,50,29
14,S,764297,764311,-20765.94014870932,36691.256150356814,-21561.117252583583,36148.62681035685,-19970.763044835054,37233.88549035678,66.99251699605216,43250.5,50,29
14,S,764311,764322,-19705.50420924426,37407.043750356606,-19970.763044835054,37233.88549035678,-19440.24537365347,37580.20201035644,67.10431323985807,37509.5,50,29
14,S,764322,766703,-18227.10001936669,38694.236910356485,-19440.24537365347,37580.20201035644,-17013.95466507991,39808.27181035653,66.24552425503103,33027.0,50,29
14,S,766703,766712,-15349.597253590426,40342.49649035675,-17013.95466507991,39808.27181035653,-13685.23984210094,40876.72117035698,67.76382755100173,30936.5,50,36
14,S,766730,766749,-6396.73116212175,45733.66843035686,-8597.046978773737,44486.82877035675,-4196.4153454697625,46980.50809035698,67.03418033304773,41806.5,36,36
23,N,771253,771578,-57116.22161048358,12801.7615103565,-57082.9316957784,12548.786810356485,-57149.511525188755,13054.736210356514,66.17820299423093,37573.0,55,55
23,N,771578,771268,-57076.79934307006,13729.558050356514,-57149.511525188755,13054.736210356514,-57004.087160951356,14404.379890356515,64.54856642613848,40233.5,55,55
23,N,771268,771285,-56923.85938867142,14555.051510356567,-57004.087160951356,14404.379890356515,-56843.63161639149,14705.723130356617,65.65461285039794,36238.0,55,55
23,N,771285,771294,-56668.19099942284,14953.131830356444,-56843.63161639149,14705.723130356617,-56492.75038245419,15200.540530356273,64.97500993076885,37925.5,55,55
23,N,771294,771306,-56290.382743064954,15477.94997035629,-56492.75038245419,15200.540530356273,-56088.01510367571,15755.35941035631,65.73817832522249,34857.0,55,55
23,N,771306,771318,-56068.14259226649,15923.508270356528,-56088.01510367571,15755.35941035631,-56048.270080857284,16091.657130356747,66.40245385505469,30209.0,55,55
23,N,771318,771349,-56067.12821813482,16304.222670356748,-56048.270080857284,16091.657130356747,-56085.98635541235,16516.78821035675,65.89950168898545,32523.0,55,55
23,N,771349,771329,-56027.19876365512,17066.59769035678,-56085.98635541235,16516.78821035675,-55968.4111718979,17616.407170356804,66.3123636401067,32087.0,55,55
23,N,771329,771340,-55893.71634943018,17807.20965035678,-55968.4111718979,17616.407170356804,-55819.02152696245,17998.012130356754,66.00804286508486,30624.0,55,55
23,N,771340,771360,-55512.91107859092,18727.32511035681,-55819.02152696245,17998.012130356754,-55206.80063021939,19456.638090356864,66.7796286746303,27248.0,55,55
23,N,771360,771371,-55194.997003952565,19633.414250356655,-55206.80063021939,19456.638090356864,-55183.19337768574,19810.19041035645,67.77198143976575,24449.0,55,55
23,N,771371,771386,-55202.09762287826,20228.2526703565,-55183.19337768574,19810.19041035645,-55221.00186807078,20646.314930356555,66.58664932768649,26186.0,55,55
23,N,771386,771396,-55361.861548712004,21036.3802103565,-55221.00186807078,20646.314930356555,-55502.72122935323,21426.445490356444,65.77548388053637,26942.5,55,55
23,N,771396,771410,-55856.23061445136,21816.17681035644,-55502.72122935323,21426.445490356444,-56209.73999954948,22205.908130356438,67.40907143847016,23418.0,55,55
23,N,771410,771421,-56227.906518100244,22233.960770356403,-56209.73999954948,22205.908130356438,-56246.07303665101,22262.013410356372,67.38048090351236,22527.0,55,55
23,N,771421,771431,-56529.9133620281,22688.369010356444,-56246.07303665101,22262.013410356372,-56813.75368740519,23114.72461035652,66.01645489345123,25308.5,55,55
23,N,771431,771441,-57073.06460194693,23519.81809035649,-56813.75368740519,23114.72461035652,-57332.37551648867,23924.91157035646,64.42525165530333,22743.0,55,55
23,S,771254,771577,-57153.56902171744,12674.578410356866,-57152.3702159245,12417.429210356713,-57154.767827510375,12931.727610357017,66.50183553961766,41647.5,55,55
23,S,771577,771565,-57177.96010880718,13491.72287035664,-57154.767827510375,12931.727610357017,-57201.152390103976,14051.718130356261,65.03114176399102,41936.5,55,55
23,S,771565,771553,-57130.51506416559,14208.790650356366,-57201.152390103976,14051.718130356261,-57059.87773822721,14365.863170356472,63.83602948992329,38593.5,55,55
23,S,771553,771295,-56836.25434997522,14751.753950356673,-57059.87773822721,14365.863170356472,-56612.630961723225,15137.644730356875,65.75917891667655,37639.5,55,55
23,S,771295,771542,-56449.823913493135,15290.431430356726,-56612.630961723225,15137.644730356875,-56287.01686526304,15443.218130356578,66.04780749261553,38048.5,55,55
23,S,771542,771531,-56212.7370140315,15577.804010356505,-56287.01686526304,15443.218130356578,-56138.45716279997,15712.389890356433,66.39373837952921,34018.0,55,55
23,S,771531,771350,-56127.2068315143,16070.617650356477,-56138.45716279997,15712.389890356433,-56115.95650022863,16428.84541035652,66.97313398006577,33893.5,55,55
23,S,771350,771521,-56110.746305821995,16890.26681035665,-56115.95650022863,16428.84541035652,-56105.53611141536,17351.68821035678,66.83020544670438,34896.5,55,55
23,S,771521,771509,-56051.77428240482,17497.239110356706,-56105.53611141536,17351.68821035678,-55998.01245339429,17642.790010356635,66.93225920819155,33031.5,55,55
23,S,771509,771499,-55738.74764676754,18196.217390356625,-55998.01245339429,17642.790010356635,-55479.48284014079,18749.644770356615,66.82075530830114,32913.5,55,55
23,S,771499,771488,-55392.846067661274,19001.840230356618,-55479.48284014079,18749.644770356615,-55306.20929518176,19254.035690356624,67.8725133161044,28952.5,55,55
23,S,771488,771385,-55282.00263975262,19927.243390356743,-55306.20929518176,19254.035690356624,-55257.79598432349,20600.451090356866,68.72834410407525,26141.0,55,55
23,S,771385,771400,-55391.370614378415,20996.86161035661,-55257.79598432349,20600.451090356866,-55524.94524443334,21393.272130356356,67.97715842463906,27816.5,55,55
23,S,771400,771475,-55781.67411572924,21647.582670356554,-55524.94524443334,21393.272130356356,-56038.402987025154,21901.893210356757,68.10335826117984,25103.5,55,55
23,S,771475,771463,-56157.40751590682,22069.151510356853,-56038.402987025154,21901.893210356757,-56276.41204478849,22236.409810356945,68.6411231383727,21520.0,55,55
23,S,771463,771432,-56558.36194564653,22662.04183035687,-56276.41204478849,22236.409810356945,-56840.31184650457,23087.673850356794,68.4364267534547,23657.5,55,55
23,S,771432,771453,-57018.24229088842,23360.46351035661,-56840.31184650457,23087.673850356794,-57196.172735272274,23633.253170356427,67.19072371661395,23712.5,55,55
47,N,772410,772421,-3224.9676821544545,-35349.53750964343,-3777.7554763298203,-35346.977149643564,-2672.1798879790886,-35352.09786964329,66.44630294669841,11309.5,39,39
47,S,775762,775763,-4534.2941473466535,-35384.49198964297,-4534.2941473466535,-35384.49198964297,-4534.2941473466535,-35384.49198964297,67.54142354008218,17813.5,39,39
47,S,775763,772396,-4159.252365895193,-35361.448749643016,-4534.2941473466535,-35384.49198964297,-3784.2105844437324,-35338.40550964306,67.0899280274238,15315.5,39,39
47,S,772396,772411,-3784.2105844437324,-35338.40550964306,-3784.2105844437324,-35338.40550964306,-3784.2105844437324,-35338.40550964306,66.30489980032145,11308.5,39,39
47,S,772411,772420,-3228.103020381436,-35340.57624964311,-3784.2105844437324,-35338.40550964306,-2671.99545631914,-35342.74698964317,67.60971674573545,10903.0,39,39
57,N,774826,763539,35195.42084402075,-12242.566809643286,34856.71209967082,-12627.1217496433,35534.129588370684,-11858.01186964327,63.702923460718395,66216.0,46,46
57,N,763539,769061,35801.50938805546,-11490.099269643159,35534.129588370684,-11858.01186964327,36068.88918774025,-11122.186669643048,62.54184204248985,61691.5,46,46
57,N,769061,763546,36231.281264734804,-10862.198809643338,36068.88918774025,-11122.186669643048,36393.673341729365,-10602.21094964363,60.88714231718363,59619.5,46,46
57,N,763546,774854,36571.00438321708,-10326.805269643299,36393.673341729365,-10602.21094964363,36748.33542470479,-10051.399589642968,58.70250557878995,57868.0,46,46
57,N,774854,769068,36769.083986501384,-9711.539629643219,36748.33542470479,-10051.399589642968,36789.83254829797,-9371.679669643469,52.210023581329395,57427.5,46,46
57,N,769068,763553,36756.21987818723,-9031.430089643516,36789.83254829797,-9371.679669643469,36722.60720807649,-8691.180509643564,42.66418068818318,60468.5,46,46
57,N,763553,774813,36955.12942394326,-8136.973889643564,36722.60720807649,-8691.180509643564,37187.651639810036,-7582.767269643564,33.07696781832491,63832.5,46,46
57,N,774813,774866,38355.79566895676,-6147.462849643502,37187.651639810036,-7582.767269643564,39523.93969810348,-4712.15842964344,45.77894633748632,54401.0,46,46
57,N,774866,763558,39685.36350888069,-4261.089789643273,39523.93969810348,-4712.15842964344,39846.7873196579,-3810.0211496431066,63.81548988406763,42948.0,46,19
57,N,763558,774877,39984.51166207148,-3575.9708496431676,39846.7873196579,-3810.0211496431066,40122.23600448507,-3341.9205496432282,64.60763146231778,46456.5,46,19
57,N,774877,763563,40362.18159468376,-2977.5701896432192,40122.23600448507,-3341.9205496432282,40602.127184882454,-2613.2198296432102,63.93122758369647,46784.5,19,19
57,N,763563,763568,40613.193084506864,-2457.9284296433543,40602.127184882454,-2613.2198296432102,40624.25898413127,-2302.637029643499,65.1582719948079,45609.0,19,19
57,N,763568,774841,40535.82400296333,-1943.9639896433937,40624.25898413127,-2302.637029643499,40447.389021795396,-1585.2909496432883,64.659247573071,51132.0,19,19
57,N,774841,716203,40344.6144790298,-1196.5058496432748,40447.389021795396,-1585.2909496432883,40241.839936264194,-807.7207496432616,64.06765915149015,39203.0,19,19
57,N,716203,774902,40114.766522238824,-326.4843896433272,40241.839936264194,-807.7207496432616,39987.693108213454,154.75197035660727,63.370201955342296,25338.0,19,19
57,N,774902,764096,39696.15276101453,692.9285103567391,39987.693108213454,154.75197035660727,39404.612413815594,1231.105050356871,61.09199564334985,45425.0,19,19
57,N,764096,718356,39146.63862881176,1981.4575103568013,39404.612413815594,1231.105050356871,38888.66484380792,2731.8099703567314,62.5897379538828,59752.0,19,52
57,N,718356,718053,38892.53790867666,3072.8387903566936,38888.66484380792,2731.8099703567314,38896.410973545404,3413.8676103566563,65.36685679700608,58362.0,52,52
57,N,718053,774799,38880.088771598705,3704.5797903567045,38896.410973545404,3413.8676103566563,38863.76656965201,3995.2919703567527,66.35741900001472,62806.0,52,52
57,N,774799,718051,38832.59761904214,4087.242290356752,38863.76656965201,3995.2919703567527,38801.42866843227,4179.192610356751,66.59077018560575,60494.0,52,52
57,N,718051,764089,38631.33656961522,4842.826790356523,38801.42866843227,4179.192610356751,38461.24447079816,5506.460970356296,68.13756461339139,55702.0,52,52
57,S,774827,763970,35167.202799977254,-12238.503629643263,34830.33837223139,-12630.238709643341,35504.06722772312,-11846.768549643182,65.07441702451037,65473.0,46,46
57,S,763970,763597,35774.7206893805,-11478.35500964315,35504.06722772312,-11846.768549643182,36045.37415103788,-11109.941469643116,63.17275508360065,62104.5,46,46
57,S,763597,774855,36385.09726952015,-10579.279029643392,36045.37415103788,-11109.941469643116,36724.82038800242,-10048.616589643667,62.03089594293887,53067.5,46,46
57,S,774855,763590,36753.914482432636,-9746.71674964339,36724.82038800242,-10048.616589643667,36783.00857686285,-9444.816909643112,64.35035497579801,53534.5,46,46
57,S,763590,774812,36976.56960446728,-8505.999689643239,36783.00857686285,-9444.816909643112,37170.13063207172,-7567.182469643363,67.24392614263178,61249.0,46,46
57,S,774812,774865,38335.96926546253,-6136.6648096434765,37170.13063207172,-7567.182469643363,39501.807898853345,-4706.147149643589,61.29156626700633,53559.5,46,46
57,S,774865,763583,39576.36439757545,-4415.601949643515,39501.807898853345,-4706.147149643589,39650.92089629757,-4125.05674964344,57.030050099864106,43455.5,46,19
57,S,763583,774878,39874.175421228356,-3728.4235896434666,39650.92089629757,-4125.05674964344,40097.429946159136,-3331.790429643493,61.4952591953528,48399.0,46,19
57,S,774878,763578,40275.54482220425,-3104.586309643275,40097.429946159136,-3331.790429643493,40453.65969824936,-2877.3821896430572,62.983994069388444,50979.0,46,19
57,S,763578,763573,40526.92517534856,-2648.5639296433556,40453.65969824936,-2877.3821896430572,40600.19065244775,-2419.7456696436534,63.04921284933022,47208.5,19,19
57,S,763573,774842,40510.92572880743,-2005.4682896435372,40600.19065244775,-2419.7456696436534,40421.66080516711,-1591.190909643421,65.6105282765699,48811.0,19,19
57,S,774842,764420,40321.65273730793,-1203.4633496435058,40421.66080516711,-1591.190909643421,40221.64466944876,-815.7357896435908,66.78095401500255,37774.5,19,19
57,S,764420,774901,40093.87963669662,-336.6145096434577,40221.64466944876,-815.7357896435908,39966.11460394448,142.50677035667536,64.90102690409343,24015.0,19,19
57,S,774901,718054,39644.00470903181,718.9217303567636,39966.11460394448,142.50677035667536,39321.89481411915,1295.336690356852,62.60099928636647,43153.5,19,19
57,S,718054,763649,39090.340864469734,2011.8478703567976,39321.89481411915,1295.336690356852,38858.78691482031,2728.3590503567434,62.42468308094654,60950.5,19,52
57,S,763649,718052,38856.481519065055,2923.948290356497,38858.78691482031,2728.3590503567434,38854.17612330981,3119.537530356251,64.18751704845086,58308.0,52,52
57,S,718052,774800,38849.15036056377,3556.579850356632,38854.17612330981,3119.537530356251,38844.12459781773,3993.6221703570136,66.15577135430428,63684.0,52,52
57,S,774800,768779,38819.456863237414,4069.9320303569525,38844.12459781773,3993.6221703570136,38794.789128657096,4146.241890356891,64.90723370973946,63431.5,52,52
57,S,768779,718050,38724.797313529845,4312.164350356799,38794.789128657096,4146.241890356891,38654.805498402595,4478.086810356707,64.074457974996,54256.0,52,52
57,S,718050,774891,38561.9441573841,4722.879490356813,38654.805498402595,4478.086810356707,38469.08281636562,4967.672170356919,67.40289281472765,56408.0,52,52
57,S,774891,774890,38469.08281636562,4967.672170356919,38469.08281636562,4967.672170356919,38469.08281636562,4967.672170356919,69.66673785320124,57697.0,52,52
57,S,774890,718048,38445.521671747614,5218.086510356674,38469.08281636562,4967.672170356919,38421.9605271296,5468.500850356428,66.72313898625984,53891.5,52,52
60,E,717262,773281,2659.001687943811,-4260.143569643289,2281.3778632465232,-4205.09582964306,3036.625512641099,-4315.191309643519,70.16273034912518,75381.0,16,16
60,E,773281,717264,3474.9734615296534,-4227.415489643263,3036.625512641099,-4315.191309643519,3913.321410418208,-4139.6396696430065,68.68379850304035,91848.5,16,16
60,E,717264,717265,4290.6685876249185,-4032.1045496432016,3913.321410418208,-4139.6396696430065,4668.015764831629,-3924.569429643397,67.01056237506805,84395.0,16,45
60,E,717265,717268,4993.445429631876,-3890.839469643527,4668.015764831629,-3924.569429643397,5318.875094432124,-3857.109509643657,67.6627027141598,80079.0,3,45
60,E,717268,716213,5784.657252806772,-3698.589829643647,5318.875094432124,-3857.109509643657,6250.43941118142,-3540.070149643637,67.3201314139094,77469.0,3,45
60,E,716213,773258,6502.096411816305,-3490.644069643451,6250.43941118142,-3540.070149643637,6753.7534124511885,-3441.217989643266,65.9719662121962,85653.5,3,45
60,E,773258,773274,7071.759702920175,-3408.823869643187,6753.7534124511885,-3441.217989643266,7389.765993389161,-3376.429749643108,64.17802878759665,97243.5,3,45
60,E,773274,717273,7823.825906172781,-3417.673809643386,7389.765993389161,-3376.429749643108,8257.885818956402,-3458.917869643664,62.33791055904849,87457.5,3,3
60,E,717273,717279,8408.151514278572,-3542.6305096435003,8257.885818956402,-3458.917869643664,8558.41720960074,-3626.343149643337,62.062212388741045,82327.0,3,3
60,E,717279,768444,8844.470714902454,-3699.4247296435165,8558.41720960074,-3626.343149643337,9130.524220204166,-3772.506309643696,59.362805912714165,84338.0,3,3
60,E,768444,773222,9519.72113159269,-3765.548809643465,9130.524220204166,-3772.506309643696,9908.918042981213,-3758.591309643234,58.4589691957353,77558.5,3,3
60,E,773222,773232,11015.922976699818,-3717.4585696434665,9908.918042981213,-3758.591309643234,12122.927910418424,-3676.325829643699,60.83134873930034,71372.5,3,3
60,E,773232,773304,12512.724224703088,-3574.9133096434643,12122.927910418424,-3676.325829643699,12902.520538987752,-3473.5007896432303,60.92116038783286,73538.0,3,3
60,E,773304,773293,13143.757150809353,-3469.771569643154,12902.520538987752,-3473.5007896432303,13384.993762630957,-3466.0423496430776,59.0809817380877,84686.0,41,3
60,E,773293,717285,13496.943780501915,-3455.2443096430516,13384.993762630957,-3466.0423496430776,13608.893798372874,-3444.446269643025,56.375277284239644,85518.0,41,3
60,E,717285,717290,13740.900759314307,-3407.7663296430887,13608.893798372874,-3444.446269643025,13872.907720255738,-3371.0863896431524,60.663790672626014,72560.5,41,3
60,E,717290,773245,14096.623324337706,-3303.0698696432355,13872.907720255738,-3371.0863896431524,14320.338928419675,-3235.053349643319,65.96623911921466,82921.5,41,3
60,E,773245,773342,14320.338928419675,-3235.053349643319,14320.338928419675,-3235.053349643319,14320.338928419675,-3235.053349643319,48.45820661549832,106977.5,41,3
60,E,773342,717292,14536.1700790192,-3152.0642896432378,14320.338928419675,-3235.053349643319,14752.001229618725,-3069.0752296431565,48.08933025565914,96579.0,41,3
60,E,717292,773317,15120.172931719426,-2968.386289643073,14752.001229618725,-3069.0752296431565,15488.344633820125,-2867.697349642989,65.36760754048093,76666.0,41,41
60,E,773317,717296,15855.133098468592,-2855.3964896431976,15488.344633820125,-2867.697349642989,16221.921563117061,-2843.095629643406,64.65212611571744,77623.0,41,41
60,E,717296,717301,16342.263221536628,-2845.4333496434365,16221.921563117061,-2843.095629643406,16462.604879956194,-2847.7710696434665,63.164780463506354,82631.0,41,41
60,E,717301,717303,16874.025806424826,-2917.4017296432626,16462.604879956194,-2847.7710696434665,17285.446732893455,-2987.0323896430587,63.738949433854444,82880.5,41,41
60,E,717303,717308,17387.852412337852,-3008.294509643163,17285.446732893455,-2987.0323896430587,17490.25809178225,-3029.556629643268,64.52230326204881,90099.5,41,41
60,E,717308,773330,17757.453459807082,-3086.107189643263,17490.25809178225,-3029.556629643268,18024.648827831912,-3142.657749643258,64.97363296063253,92508.0,41,41
60,E,773330,717312,18322.874822721,-3205.887509643395,18024.648827831912,-3142.657749643258,18621.10081761009,-3269.1172696435324,66.69542831238994,83940.5,41,41
60,E,717312,716235,19069.500291991375,-3410.326689643348,18621.10081761009,-3269.1172696435324,19517.899766372662,-3551.536109643163,66.21525327006238,70009.0,41,41
60,E,716235,716237,19889.11459087037,-3761.2629896432118,19517.899766372662,-3551.536109643163,20260.32941536808,-3970.989869643261,64.32773502901338,72165.5,41,41
60,E,716237,717318,20670.597643958758,-4091.3824496434295,20260.32941536808,-3970.989869643261,21080.865872549435,-4211.775029643598,66.69924123570598,94743.0,41,41
60,E,717318,773409,21527.328814496024,-4229.697549643433,21080.865872549435,-4211.775029643598,21973.79175644261,-4247.620069643269,67.80919813422608,93904.5,41,41
60,E,773409,773460,22552.72273848181,-4644.6985096433045,21973.79175644261,-4247.620069643269,23131.653720521008,-5041.77694964334,65.9499042421609,78228.0,41,41
60,E,773460,767722,23332.6381224567,-5294.3620296435465,23131.653720521008,-5041.77694964334,23533.622524392395,-5546.947109643753,66.7204549877764,72370.0,41,41
60,E,767722,718453,23798.374172917018,-5828.252749643425,23533.622524392395,-5546.947109643753,24063.12582144164,-6109.558389643098,65.52873269153226,77102.0,41,41
60,E,718453,773424,24374.07760089926,-6240.6376896431775,24063.12582144164,-6109.558389643098,24685.029380356882,-6371.716989643258,65.08435086137433,77579.5,41,41
60,E,773424,717322,25070.81430602719,-6512.091509643204,24685.029380356882,-6371.716989643258,25456.5992316975,-6652.466029643149,66.22703300528269,71409.5,41,41
60,E,717322,717328,25615.164351738305,-6711.1873296432,25456.5992316975,-6652.466029643149,25773.729471779112,-6769.9086296432515,62.868564788907946,67486.5,41,41
60,E,717328,718123,26105.983108015134,-6892.750249643169,25773.729471779112,-6769.9086296432515,26438.236744251153,-7015.591869643086,62.46188041416072,75861.0,41,41
60,E,718123,773473,26770.49038048652,-7138.823109643206,26438.236744251153,-7015.591869643086,27102.74401672189,-7262.0543496433265,63.62222376265507,80304.5,41,41
60,E,773473,773492,27404.658644819116,-7374.376229643306,27102.74401672189,-7262.0543496433265,27706.573272916343,-7486.6981096432855,62.01622918438998,72883.5,17,17
60,E,773492,717332,28116.195990695236,-7631.803729643151,27706.573272916343,-7486.6981096432855,28525.81870847413,-7776.909349643017,63.3969381028431,64942.5,17,17
60,E,717332,717334,28684.153288939997,-7803.180869643129,28525.81870847413,-7776.909349643017,28842.487869405868,-7829.452389643242,64.32934934828253,62879.5,17,17
60,E,717334,716254,29009.35241416531,-7853.4418496431845,28842.487869405868,-7829.452389643242,29176.21695892475,-7877.431309643127,63.18449772371783,68411.0,17,17
60,E,716254,773520,29294.99094823083,-7896.745329643404,29176.21695892475,-7877.431309643127,29413.764937536904,-7916.059349643681,63.91871554448339,73929.0,46,46
60,E,773520,717340,30145.681981889065,-8004.89270964364,29413.764937536904,-7916.059349643681,30877.599026241223,-8093.7260696436,59.69922333578087,70010.5,46,46
60,E,717340,717343,31030.262333149272,-8094.560969643469,30877.599026241223,-8093.7260696436,31182.92564005732,-8095.395869643338,53.309731492157454,59058.0,46,46
60,E,717343,773507,31416.04725882024,-8094.22700964352,31182.92564005732,-8095.395869643338,31649.168877583154,-8093.0581496437035,58.328479026697785,66689.0,46,46
60,E,773507,773505,31649.168877583154,-8093.0581496437035,31649.168877583154,-8093.0581496437035,31649.168877583154,-8093.0581496437035,57.416850942689706,78173.5,46,46
60,E,773505,717346,32034.9999111691,-8093.559089643625,31649.168877583154,-8093.0581496437035,32420.83094475505,-8094.060029643547,46.20487826032713,72401.5,46,46
60,E,717346,717352,32541.310926920232,-8097.622269643649,32420.83094475505,-8094.060029643547,32661.790909085415,-8101.184509643752,39.481222546218916,67369.0,46,46
60,E,717352,773535,33035.49556099898,-8053.094269643753,32661.790909085415,-8101.184509643752,33409.20021291254,-8005.004029643755,32.505217601896476,78080.5,46,46
60,E,773535,717357,33772.43836809717,-7935.707329643511,33409.20021291254,-8005.004029643755,34135.67652328181,-7866.410629643267,32.975939292336854,87361.0,46,46
60,E,717357,717358,34317.203385044486,-7832.012749643502,34135.67652328181,-7866.410629643267,34498.73024680716,-7797.614869643736,52.69511103391765,74250.0,46,46
60,E,717358,716265,34979.35915384564,-7702.157969643494,34498.73024680716,-7797.614869643736,35459.98806088411,-7606.701069643252,64.67385027304621,82515.5,46,46
60,E,716265,773439,35617.0777276414,-7575.086189643183,35459.98806088411,-7606.701069643252,35774.16739439869,-7543.471309643114,63.687822946898585,100894.0,46,46
60,E,773439,718127,36117.948009410306,-7470.890669643251,35774.16739439869,-7543.471309643114,36461.72862442192,-7398.310029643389,66.9105348070772,82024.0,46,46
60,E,718127,774164,36744.093496515496,-7346.3792496432,36461.72862442192,-7398.310029643389,37026.45836860907,-7294.44846964301,66.9105348070772,82024.0,46,46
60,E,774164,774180,37338.05565887848,-7226.877229643156,37026.45836860907,-7294.44846964301,37649.65294914789,-7159.3059896433015,65.90823007843584,100615.0,46,46
60,E,774180,774947,37954.2879442359,-6893.139869643372,37649.65294914789,-7159.3059896433015,38258.922939323915,-6626.973749643443,66.10441431943006,125767.0,46,46
60,E,774947,766806,38424.49646246045,-6434.724109643563,38258.922939323915,-6626.973749643443,38590.06998559697,-6242.474469643682,61.21295552278617,116587.0,46,46
60,E,766806,774927,38821.85447482199,-5920.704009643347,38590.06998559697,-6242.474469643682,39053.638964047,-5598.93354964301,56.77297011467766,85588.5,46,46
60,E,774927,766661,39411.20584567447,-5170.741169643223,39053.638964047,-5598.93354964301,39768.77272730193,-4742.548789643436,58.54715484543533,75586.0,46,19
60,E,766661,774475,41375.77189240273,-4695.516089643535,39768.77272730193,-4742.548789643436,42982.771057503516,-4648.483389643636,61.55309396701773,65379.5,46,20
60,E,774475,766569,43559.67329127804,-4694.848169643641,42982.771057503516,-4648.483389643636,44136.57552505257,-4741.2129496436455,62.09035144467482,65444.0,20,20
60,E,766569,766600,44474.03935569523,-4749.339309643694,44136.57552505257,-4741.2129496436455,44811.5031863379,-4757.465669643741,62.66492240905578,60461.0,20,20
60,E,766600,766644,44951.25627701616,-4794.9805096435475,44811.5031863379,-4757.465669643741,45091.009367694416,-4832.495349643354,62.870710162160684,54637.5,20,20
60,E,766644,766620,45382.3652832334,-4824.146349643472,45091.009367694416,-4832.495349643354,45673.72119877238,-4815.79734964359,57.7446687206874,50845.0,20,20
60,E,766620,766585,45845.05821129671,-4785.796609643401,45673.72119877238,-4815.79734964359,46016.39522382103,-4755.7958696432115,55.62016459401078,55105.5,20,20
60,E,766585,766843,46529.53021100729,-4711.935789643211,46016.39522382103,-4755.7958696432115,47042.66519819354,-4668.075709643211,56.15989656225611,60258.5,20,20
60,W,764418,716206,2448.334623835939,-4168.304569643009,2169.9811403560648,-4136.522709642966,2726.6881073158133,-4200.086429643052,68.79631572903412,39664.5,16,47
60,W,716206,717263,3292.801088955853,-4167.636649643113,2726.6881073158133,-4200.086429643052,3858.914070595893,-4135.186869643175,68.30095575099642,59828.0,16,16
60,W,717263,717266,4260.23736365615,-4020.248969643077,3858.914070595893,-4135.186869643175,4661.560656716406,-3905.3110696429794,67.40297759764516,76214.0,16,45
60,W,717266,717269,5032.452725808549,-3852.545389643316,4661.560656716406,-3905.3110696429794,5403.344794900691,-3799.7797096436525,66.5561013905614,75868.0,3,45
60,W,717269,717270,5753.995489263067,-3670.8711496436285,5403.344794900691,-3799.7797096436525,6104.646183625443,-3541.9625896436046,65.4076191311876,73895.5,3,45
60,W,717270,773257,6428.185423905979,-3480.959229643383,6104.646183625443,-3541.9625896436046,6751.724664186517,-3419.9558696431613,65.91799802355557,70397.5,3,45
60,W,773257,773273,7070.376465466632,-3387.2834496433898,6751.724664186517,-3419.9558696431613,7389.028266746748,-3354.611029643618,67.32069437569962,85035.5,3,45
60,W,773273,717274,7828.1600501920475,-3397.6918696436087,7389.028266746748,-3354.611029643618,8267.291833637348,-3440.7727096435992,68.07539110761451,96243.5,3,3
60,W,717274,717277,8394.595787238308,-3509.2901696434374,8267.291833637348,-3440.7727096435992,8521.899740839266,-3577.807629643276,68.72853225018713,96053.5,3,3
60,W,717277,717281,8829.80839789988,-3666.251369643428,8521.899740839266,-3577.807629643276,9137.717054960493,-3754.6951096435796,68.96150132840452,98469.5,3,3
60,W,717281,773221,9523.455872715813,-3745.7895096435213,9137.717054960493,-3754.6951096435796,9909.194690471133,-3736.8839096434626,66.95267030150356,90609.5,3,3
60,W,773221,773233,11012.87985430281,-3694.6379696433414,9909.194690471133,-3736.8839096434626,12116.565018134484,-3652.3920296432207,65.0540757114444,80271.5,3,3
60,W,773233,773305,12505.992469098597,-3551.536109643163,12116.565018134484,-3652.3920296432207,12895.419920062712,-3450.680189643105,64.62756701685987,83455.5,3,3
60,W,773305,717282,13136.5182081387,-3449.4000096431737,12895.419920062712,-3450.680189643105,13377.616496214685,-3448.1198296432417,65.87499311150258,84013.5,41,3
60,W,717282,773294,13377.616496214685,-3448.1198296432417,13377.616496214685,-3448.1198296432417,13377.616496214685,-3448.1198296432417,64.73816356182056,97440.0,41,3
60,W,773294,717288,13543.512774756777,-3421.2917096433475,13377.616496214685,-3448.1198296432417,13709.409053298868,-3394.463589643454,64.73816356182056,97440.0,41,3
60,W,717288,773343,14010.585954754994,-3304.962309643599,13709.409053298868,-3394.463589643454,14311.762856211119,-3215.4610296437445,67.1791594061535,102821.5,41,3
60,W,773343,773246,14311.762856211119,-3215.4610296437445,14311.762856211119,-3215.4610296437445,14311.762856211119,-3215.4610296437445,66.59550303030304,125780.0,41,3
60,W,773246,717294,14571.8576053096,-3113.2136096436407,14311.762856211119,-3215.4610296437445,14831.95235440808,-3010.966189643537,64.19738161148906,113899.5,41,3
60,W,717294,773316,15157.889206274496,-2929.758249643309,14831.95235440808,-3010.966189643537,15483.826058140912,-2848.550309643081,62.915287947163506,99572.0,41,41
60,W,773316,717298,15796.437722542,-2836.7503896432113,15483.826058140912,-2848.550309643081,16109.049386943085,-2824.9504696433414,64.65384314339317,92634.0,41,41
60,W,717298,717300,16229.713800768874,-2825.173109643175,16109.049386943085,-2824.9504696433414,16350.378214594662,-2825.3957496430085,65.4342779344112,87714.5,41,41
60,W,717300,717306,16795.550134918336,-2886.9557096430112,16350.378214594662,-2825.3957496430085,17240.722055242008,-2948.515669643014,66.14642062863987,89135.0,41,41
60,W,717306,718455,17398.180585320504,-2982.746569643201,17240.722055242008,-2948.515669643014,17555.639115399,-3016.9774696433883,65.88745212817787,89462.5,41,41
60,W,718455,773329,17792.54158320068,-3065.7912896435373,17555.639115399,-3016.9774696433883,18029.44405100236,-3114.605109643687,64.4165108577698,85580.0,41,41
60,W,773329,717315,18345.421593206673,-3181.230129643557,18029.44405100236,-3114.605109643687,18661.39913541099,-3247.855149643428,64.19546134707691,86761.0,41,41
60,W,717315,717316,19095.643479855215,-3389.5655096435603,18661.39913541099,-3247.855149643428,19529.887824299436,-3531.2758696436927,62.89296123897734,80570.0,41,41
60,W,717316,716238,19899.719411344257,-3736.828249643603,19529.887824299436,-3531.2758696436927,20269.550998389077,-3942.3806296435137,63.62335036393462,83876.5,41,41
60,W,716238,769454,20730.076854442093,-4061.2703896435214,20269.550998389077,-3942.3806296435137,21190.602710495114,-4180.160149643529,65.05902995294511,95547.5,41,41
60,W,769454,717320,21321.226433983662,-4179.993169643555,21190.602710495114,-4180.160149643529,21451.850157472207,-4179.8261896435815,58.672258207660995,93560.0,41,41
60,W,717320,773407,21716.463482250558,-4200.4203896433955,21451.850157472207,-4179.8261896435815,21981.07680702891,-4221.014589643209,54.321487223128216,91456.5,41,41
60,W,773407,773458,22565.310199304724,-4623.492049643455,21981.07680702891,-4221.014589643209,23149.54359158054,-5025.969509643702,59.84385303589521,81697.5,41,41
60,W,773458,767723,23348.545353167203,-5279.389489643381,23149.54359158054,-5025.969509643702,23547.547114753866,-5532.809469643062,63.714403216218884,68681.5,41,41
60,W,767723,716241,23809.947259607598,-5811.888709643214,23547.547114753866,-5532.809469643062,24072.34740446133,-6090.967949643366,61.904541237272,72182.5,41,41
60,W,716241,773422,24381.73151480546,-6222.882149643316,24072.34740446133,-6090.967949643366,24691.11562514959,-6354.796349643266,59.507743999920066,81959.0,41,41
60,W,773422,717324,24978.09128875366,-6459.938089643181,24691.11562514959,-6354.796349643266,25265.066952357738,-6565.079829643097,62.937649019031326,76639.0,41,41
60,W,717324,718124,25853.772812399093,-6781.541569643148,25265.066952357738,-6565.079829643097,26442.478672440448,-6998.003309643199,64.95680611108853,67045.0,41,41
60,W,718124,773474,26774.50176910022,-7120.95624964323,26442.478672440448,-6998.003309643199,27106.52486576,-7243.909189643262,63.69423250706201,68803.0,41,41
60,W,773474,773490,27408.024522621687,-7356.5093696433305,27106.52486576,-7243.909189643262,27709.524179483375,-7469.109549643398,63.53303965596131,68488.5,17,17
60,W,773490,717330,27989.26090041614,-7570.633389643352,27709.524179483375,-7469.109549643398,28268.997621348903,-7672.157229643304,63.68719370064575,67163.5,17,17
60,W,717330,717337,28446.881957817768,-7720.859729643339,28268.997621348903,-7672.157229643304,28624.766294286634,-7769.562229643374,66.34055044870826,69126.0,17,17
60,W,717337,716253,28902.428159039737,-7809.0251696434025,28624.766294286634,-7769.562229643374,29180.090023792836,-7848.488109643431,65.21206462832134,70104.5,17,17
60,W,716253,773522,29298.771797268942,-7867.356849643251,29180.090023792836,-7848.488109643431,29417.453570745045,-7886.225589643071,62.2237628023218,72997.5,46,46
60,W,773522,717339,30059.598504391368,-7977.118369643367,29417.453570745045,-7886.225589643071,30701.743438037687,-8068.011149643663,63.06611269152824,73427.0,46,46
60,W,717339,717342,30869.991220250016,-8068.289449643356,30701.743438037687,-8068.011149643663,31038.239002462346,-8068.567749643049,64.84929436983708,69513.0,46,46
60,W,717342,718125,31696.198950988535,-8069.402649643314,31038.239002462346,-8068.567749643049,32354.158899514725,-8070.237549643579,64.54875035216703,63983.0,46,46
60,W,718125,717350,32458.455003478834,-8071.406409643396,32354.158899514725,-8070.237549643579,32562.75110744294,-8072.575269643214,64.84706621726889,62853.0,46,46
60,W,717350,773537,32984.22355940365,-8025.15294964311,32562.75110744294,-8072.575269643214,33405.69601136435,-7977.730629643008,64.29161481548255,74503.5,46,46
60,W,773537,717355,33650.713472224066,-7934.594129643157,33405.69601136435,-7977.730629643008,33895.73093308378,-7891.457629643308,61.41269602817388,80745.5,46,46
60,W,717355,718126,34675.9690724649,-7739.227529643237,33895.73093308378,-7891.457629643308,35456.207211846006,-7586.9974296431665,63.817565842718516,69608.0,46,46
60,W,718126,773437,35613.527418178885,-7556.217449643363,35456.207211846006,-7586.9974296431665,35770.847624511756,-7525.437469643559,66.9105348070772,82024.0,46,46
60,W,773437,774125,35990.59794789501,-7482.412289643427,35770.847624511756,-7525.437469643559,36210.348271278264,-7439.387109643297,65.90823007843584,100615.0,46,46
60,W,774125,717361,36218.18661684572,-7437.772969643418,36210.348271278264,-7439.387109643297,36226.024962413176,-7436.158829643538,66.89425740458347,82236.5,46,46
60,W,717361,774165,36624.9967518032,-7354.672589643617,36226.024962413176,-7436.158829643538,37023.96854119322,-7273.186349643696,66.89425740458347,82236.5,46,46
60,W,774165,774181,37334.55145733029,-7206.338689643597,37023.96854119322,-7273.186349643696,37645.13437346736,-7139.491029643497,65.90823007843584,100615.0,46,46
60,W,774181,774946,37943.68312376201,-6870.820209643563,37645.13437346736,-7139.491029643497,38242.23187405667,-6602.1493896436305,66.10441431943006,125767.0,46,46
60,W,774946,774958,38452.253427352756,-6356.855769643604,38242.23187405667,-6602.1493896436305,38662.27498064884,-6111.562149643576,55.32762691721862,126644.0,46,46
60,W,774958,774926,38846.56831731794,-5846.676209643578,38662.27498064884,-6111.562149643576,39030.86165398705,-5581.79026964358,40.147400253026234,106504.5,46,46
60,W,774926,766788,39400.50880937127,-5146.584729643308,39030.86165398705,-5581.79026964358,39770.15596475548,-4711.379189643035,42.91679128862995,88017.0,46,19
60,W,766788,765456,41429.11875017772,-4685.218989643036,39770.15596475548,-4711.379189643035,43088.08153559996,-4659.058789643038,54.41096249330563,66174.5,46,20
60,W,765456,774491,43188.873438016526,-4698.020789643145,43088.08153559996,-4659.058789643038,43289.6653404331,-4736.982789643252,61.251339376098336,62520.0,20,20
60,W,774491,766571,43716.255770969816,-4718.44800964338,43289.6653404331,-4736.982789643252,44142.84620150654,-4699.913229643508,62.89193187652526,56136.0,20,20
60,W,766571,766602,44480.35614006419,-4713.995209643548,44142.84620150654,-4699.913229643508,44817.86607862184,-4728.077189643589,64.05895136034027,58824.5,20,20
60,W,766602,766642,44957.34252180952,-4767.150509643415,44817.86607862184,-4728.077189643589,45096.8189649972,-4806.223829643241,67.00915618257002,54496.0,20,20
60,W,766642,766622,45383.05690195951,-4797.5408696434115,45096.8189649972,-4806.223829643241,45669.29483892183,-4788.8579096435815,65.57612651443748,53542.0,20,20
60,W,766622,766587,45841.04682268235,-4756.686429643336,45669.29483892183,-4788.8579096435815,46012.79880644287,-4724.514949643091,61.58761097265224,61702.5,20,20
60,W,766587,765461,46378.75732861895,-4686.276529643135,46012.79880644287,-4724.514949643091,46744.71585079503,-4648.038109643178,61.01615326747895,64472.0,20,20
71,N,767166,775101,41344.55683387852,-655.6576296431651,40416.681150336706,-0.762069643081702,42272.43251742033,-1310.5531896432485,66.09734151329243,50314.0,19,19
71,N,775101,769292,42484.16006357553,-1559.7430096433263,42272.43251742033,-1310.5531896432485,42695.88760973073,-1808.932829643404,66.09734151329243,50314.0,19,19
71,N,769292,769279,43036.80953400528,-2195.268889643273,42695.88760973073,-1808.932829643404,43377.731458279835,-2581.6049496431415,66.05155726606588,62884.5,20,20
71,N,769279,766673,43783.89608242618,-3041.189569643164,43377.731458279835,-2581.6049496431415,44190.06070657253,-3500.774189643186,66.05155726606588,62884.5,20,20
71,S,716271,775100,41377.80064066805,-768.3691296433474,40291.08318959486,31.743370356320497,42464.51809174125,-1568.4816296430151,34.084020809184274,23884.0,19,19
71,S,775100,769294,42678.043846585526,-1809.7120696430184,42464.51809174125,-1568.4816296430151,42891.5696014298,-2050.942509643022,47.09666545205709,29640.5,19,20
71,S,769294,766685,43851.12142264766,-3141.8785096432475,42891.5696014298,-2050.942509643022,44810.67324386551,-4232.814509643474,63.76741411817537,28256.5,20,20
90,E,774227,774244,-18560.506353480665,-9161.507509643357,-18560.506353480665,-9161.507509643357,-18560.506353480665,-9161.507509643357,62.81180871667394,23815.5,44,44
90,E,774244,774217,-18507.482251111236,-9177.092309643162,-18560.506353480665,-9161.507509643357,-18454.458148741807,-9192.677109642967,66.34820422507524,21131.5,44,44
90,E,774217,774236,-18282.245085830764,-9269.153949643276,-18454.458148741807,-9192.677109642967,-18110.03202291972,-9345.630789643585,62.16382313767642,26764.5,44,44
90,E,774236,774302,-17823.932409702364,-9409.639789643337,-18110.03202291972,-9345.630789643585,-17537.832796485007,-9473.648789643088,61.59255336457113,33972.5,44,44
90,E,774302,774279,-16231.042266622993,-9119.873829643271,-17537.832796485007,-9473.648789643088,-14924.251736760978,-8766.098869643456,67.55857938944446,21492.0,44,44
90,W,774226,774245,-18571.480037275098,-9144.141589643697,-18571.480037275098,-9144.141589643697,-18571.480037275098,-9144.141589643697,57.4627876840319,17711.0,44,44
90,W,774245,774216,-18516.565510386616,-9155.496229643504,-18571.480037275098,-9144.141589643697,-18461.650983498133,-9166.850869643313,61.0665611891528,26665.0,44,44
90,W,774216,774235,-18274.176200687718,-9208.595869643512,-18461.650983498133,-9166.850869643313,-18086.701417877302,-9250.34086964371,62.58301772150082,29696.0,44,44
90,W,774235,774301,-17797.1437110274,-9313.181009643646,-18086.701417877302,-9250.34086964371,-17507.586004177498,-9376.02114964358,65.54902834558773,26952.0,44,44
90,W,774301,774278,-16227.630280905432,-9058.369529643525,-17507.586004177498,-9376.02114964358,-14947.674557633369,-8740.717909643468,67.07375860305302,17193.0,44,44
91,E,716272,716273,-4060.9041829801417,-21616.545709643455,-4420.77646036286,-21619.32870964355,-3701.031905597423,-21613.762709643364,65.29301337243456,31074.5,2,2
91,E,716273,717367,-3218.743113615477,-21622.946609643514,-3701.031905597423,-21613.762709643364,-2736.454321633531,-21632.13050964366,65.96518730915274,55385.5,2,2
91,E,717367,717369,-2427.6235062705555,-21584.652529643696,-2736.454321633531,-21632.13050964366,-2118.7926909075804,-21537.174549643732,65.63635439146495,69776.5,2,2
91,E,717369,718130,-1910.7998858755095,-21528.15762964356,-2118.7926909075804,-21537.174549643732,-1702.8070808434388,-21519.140709643387,64.82352826254512,64972.0,2,2
91,E,718130,717376,-1334.5892708270972,-21518.584109643212,-1702.8070808434388,-21519.140709643387,-966.3714608107556,-21518.027509643034,65.63106505047968,64555.0,2,2
91,E,717376,717373,-718.4492012996506,-21526.766129643118,-966.3714608107556,-21518.027509643034,-470.5269417885455,-21535.5047496432,66.2522743594947,63558.0,2,2
91,E,717373,717379,-46.14969117644901,-21521.534089643275,-470.5269417885455,-21535.5047496432,378.2275594356475,-21507.563429643353,65.66637521967633,63524.5,2,43
91,E,717379,717381,826.4426021563293,-21491.533349643483,378.2275594356475,-21507.563429643353,1274.657644877011,-21475.503269643617,64.99053133263718,68421.0,43,43
91,E,717381,717383,1641.5844332704391,-21496.87670964344,1274.657644877011,-21475.503269643617,2008.5112216638672,-21518.250149643263,66.10634402375857,71630.5,43,43
91,E,717383,717387,2288.4784821722196,-21525.65292964316,2008.5112216638672,-21518.250149643263,2568.445742680572,-21533.05570964306,66.62118799877511,69429.5,43,43
91,E,717387,717390,3004.718835389468,-21572.351669643114,2568.445742680572,-21533.05570964306,3440.9919280983636,-21611.64762964317,66.624358359345,71063.5,43,43
91,E,717390,773381,3728.152023362387,-21562.22154964338,3440.9919280983636,-21611.64762964317,4015.31211862641,-21512.795469643588,68.05615505310078,73897.0,43,43
91,E,773381,717393,4289.60810557694,-21375.537909643288,4015.31211862641,-21512.795469643588,4563.90409252747,-21238.280349642988,63.902417066596215,60362.5,43,43
91,E,717393,717396,4894.543951734358,-21197.759869643254,4563.90409252747,-21238.280349642988,5225.183810941247,-21157.239389643524,61.33179507180234,61938.0,43,7
91,E,717396,716296,5521.288841735692,-21155.56958964339,5225.183810941247,-21157.239389643524,5817.393872530135,-21153.899789643256,64.04553098926249,86597.5,43,7
91,E,716296,717402,6365.709198940618,-21202.268329643342,5817.393872530135,-21153.899789643256,6914.024525351101,-21250.63686964343,62.45493650597112,87231.5,43,7
91,E,717402,717406,7256.9290899753405,-21230.20964964359,6914.024525351101,-21250.63686964343,7599.83365459958,-21209.78242964375,61.59259674335661,84443.5,43,7
91,E,717406,765467,8013.006681841649,-21172.824189643725,7599.83365459958,-21209.78242964375,8426.179709083717,-21135.8659496437,61.946453310725474,90428.5,43,7
91,E,765467,718326,8731.137459577953,-21132.52634964343,8426.179709083717,-21135.8659496437,9036.095210072188,-21129.186749643162,62.017193648170206,85833.5,21,7
91,E,718326,717418,9204.342992285172,-21127.238649643332,9036.095210072188,-21129.186749643162,9372.590774498156,-21125.290549643505,63.44681436573882,82862.5,21,7
91,E,717418,717420,9705.1210582241,-21154.45638964343,9372.590774498156,-21125.290549643505,10037.651341950046,-21183.622229643355,65.87193567307916,87649.0,21,11
91,E,717420,768898,10290.322716717266,-21211.340909643375,10037.651341950046,-21183.622229643355,10542.994091484486,-21239.05958964339,66.61564102832625,87296.5,21,11
91,E,768898,717426,10719.172435094246,-21236.387909643414,10542.994091484486,-21239.05958964339,10895.350778704003,-21233.716229643436,66.96224563574967,85629.0,21,11
91,E,717426,716312,11262.093135437484,-21210.672989643477,10895.350778704003,-21233.716229643436,11628.835492170963,-21187.629749643518,68.1868067236015,93988.5,21,11
91,E,716312,716313,12089.914643205138,-21200.43154964363,11628.835492170963,-21187.629749643518,12550.993794239314,-21213.23334964374,65.02888123569913,77359.5,21,21
91,E,716313,766209,13008.568743725955,-21210.728649643734,12550.993794239314,-21213.23334964374,13466.143693212594,-21208.22394964373,60.96421753704101,76660.0,21,21
91,E,766209,717431,13939.395333834802,-21206.108869643533,13466.143693212594,-21208.22394964373,14412.64697445701,-21203.993789643337,60.48827610338434,94212.0,21,21
91,E,717431,717434,14613.124189326534,-21203.604169643528,14412.64697445701,-21203.993789643337,14813.601404196059,-21203.214549643722,61.15742251559784,90842.0,21,21
91,E,717434,717436,15078.214728975065,-21201.32210964336,14813.601404196059,-21203.214549643722,15342.828053754072,-21199.429669642996,60.959582151192265,83094.5,21,21
91,E,717436,717439,15526.521987526376,-21198.98438964333,15342.828053754072,-21199.429669642996,15710.215921298679,-21198.53910964366,60.982573119649146,76207.5,21,21
91,E,717439,717441,15975.059785652622,-21238.55864964347,15710.215921298679,-21198.53910964366,16239.903650006565,-21278.57818964328,63.287258278033285,83507.0,21,21
91,E,717441,759980,16440.519188621704,-21408.87824964335,16239.903650006565,-21278.57818964328,16641.134727236844,-21539.17830964342,63.834198575407356,83428.0,21,21
91,E,759980,768223,16697.432491578216,-21584.596869643443,16641.134727236844,-21539.17830964342,16753.73025591959,-21630.015429643463,61.301423983555345,72782.5,21,21
91,E,768223,717443,17196.781212148617,-21989.579029643297,16753.73025591959,-21630.015429643463,17639.832168377645,-22349.14262964313,61.505980300028455,66701.5,21,21
91,E,717443,773363,17976.9271356991,-22562.209109643052,17639.832168377645,-22349.14262964313,18314.022103020558,-22775.275589642977,64.63943872152923,71562.5,21,21
91,W,764425,717365,-3474.595934524667,-21595.673209643555,-3699.2798048239843,-21594.615669643455,-3249.9120642253497,-21596.730749643655,56.85641947167328,42396.0,2,2
91,W,717365,717368,-2685.6895071043655,-21555.09706964357,-3249.9120642253497,-21596.730749643655,-2121.4669499833813,-21513.463389643483,55.10312013853269,64350.0,2,2
91,W,717368,765591,-1913.1974974607333,-21506.33890964328,-2121.4669499833813,-21513.463389643483,-1704.9280449380851,-21499.214429643074,58.13147426355182,75998.0,2,2
91,W,765591,717375,-1336.5258032617953,-21498.60216964304,-1704.9280449380851,-21499.214429643074,-968.1235615855054,-21497.989909643,59.29835192123355,82230.0,2,2
91,W,717375,717374,-720.062978328784,-21506.561549643113,-968.1235615855054,-21497.989909643,-472.00239507206254,-21515.133189643224,62.445538862482024,74311.5,2,2
91,W,717374,717378,-55.46349002742116,-21501.218189643158,-472.00239507206254,-21515.133189643224,361.0754150172202,-21487.30318964309,66.17564269099526,66713.0,2,43
91,W,717378,717380,817.4976666265641,-21468.267469643295,361.0754150172202,-21487.30318964309,1273.919918235908,-21449.231749643503,66.88013867006764,69100.5,43,43
91,W,717380,717384,1641.353893694849,-21472.05234964363,1273.919918235908,-21449.231749643503,2008.7878691537896,-21494.87294964375,66.06870787399205,53695.5,43,43
91,W,717384,717388,2289.4928563039007,-21502.943649643545,2008.7878691537896,-21494.87294964375,2570.1978434540115,-21511.01434964334,66.04373851923971,52195.0,43,43
91,W,717388,718327,3005.7332095211486,-21547.41598964319,2570.1978434540115,-21511.01434964334,3441.268575588286,-21583.817629643036,67.96029418492361,69480.0,43,43
91,W,718327,773382,3728.336455022335,-21535.33776964323,3441.268575588286,-21583.817629643036,4015.4043344563843,-21486.857909643422,68.61809873157554,73250.0,43,43
91,W,773382,717392,4289.60810557694,-21352.49466964333,4015.4043344563843,-21486.857909643422,4563.811876697496,-21218.131429643236,63.823119012067956,59003.5,43,43
91,W,717392,717397,4894.128980498821,-21177.49962964339,4563.811876697496,-21218.131429643236,5224.446084300145,-21136.867829643543,61.899789727398854,54643.5,43,7
91,W,717397,716295,5520.689438839549,-21132.58200964329,5224.446084300145,-21136.867829643543,5816.932793378954,-21128.29618964304,65.71190317372074,80381.5,43,7
91,W,716295,717399,6166.707437353954,-21158.241269643368,5816.932793378954,-21128.29618964304,6516.482081328956,-21188.186349643696,67.40658614244964,91503.5,43,7
91,W,717399,717404,6915.546086549605,-21207.22206964349,6516.482081328956,-21188.186349643696,7314.610091770254,-21226.257789643285,66.79920458773498,87029.0,43,7
91,W,717404,717410,7701.547715318515,-21170.096849643494,7314.610091770254,-21226.257789643285,8088.485338866775,-21113.9359096437,63.979584129371844,86892.5,43,7
91,W,717410,717413,8530.199165557902,-21110.985929643633,8088.485338866775,-21113.9359096437,8971.912992249028,-21108.035949643567,61.58327863755959,82348.5,43,7
91,W,717413,717416,9052.186872443946,-21106.811429643494,8971.912992249028,-21108.035949643567,9132.460752638865,-21105.58690964342,60.60204949306536,73771.5,21,7
91,W,717416,717421,9586.07042142679,-21133.361249643298,9132.460752638865,-21105.58690964342,10039.680090214717,-21161.135589643178,62.75650085537446,76825.0,21,11
91,W,717421,717424,10292.766436217476,-21188.52030964325,10039.680090214717,-21161.135589643178,10545.852782220236,-21215.90502964332,64.88015233951033,82009.0,21,11
91,W,717424,768907,10722.353881236215,-21213.344669643455,10545.852782220236,-21215.90502964332,10898.854980252194,-21210.784309643594,65.11428348471111,79469.0,21,11
91,W,768907,716311,11265.827876560608,-21184.345809643506,10898.854980252194,-21210.784309643594,11632.800772869023,-21157.90730964342,67.55085249354283,82475.0,21,11
91,W,716311,716314,12093.557168498288,-21172.712869643212,11632.800772869023,-21157.90730964342,12554.313564127553,-21187.51842964301,67.56521234267345,78677.5,21,21
91,W,716314,766211,13010.1364128401,-21185.959949642987,12554.313564127553,-21187.51842964301,13465.959261552647,-21184.40146964297,64.93204737511775,58815.0,21,21
91,W,766211,717428,13938.842038853647,-21182.00808964308,13465.959261552647,-21184.40146964297,14411.724816154647,-21179.61470964319,57.4842055659132,69827.0,21,21
91,W,717428,717433,14612.06370727921,-21177.72226964322,14411.724816154647,-21179.61470964319,14812.402598403774,-21175.829829643255,50.74290933842889,89332.0,21,21
91,W,717433,717435,15044.832598440571,-21175.106249643497,14812.402598403774,-21175.829829643255,15277.26259847737,-21174.382669643743,48.44695297175128,86613.0,21,21
91,W,717435,717438,15437.856466782192,-21172.71286964361,15277.26259847737,-21174.382669643743,15598.450335087016,-21171.043069643474,49.288201885914695,89002.0,21,21
91,W,717438,717440,15885.610430351695,-21198.539109643265,15598.450335087016,-21171.043069643474,16172.770525616372,-21226.035149643056,53.995525389161415,84279.5,21,21
91,W,717440,766555,16406.21489978485,-21364.73986964326,16172.770525616372,-21226.035149643056,16639.65927395333,-21503.444589643466,59.17585465509394,75108.0,21,21
91,W,766555,768222,16701.443880192575,-21554.930089643596,16639.65927395333,-21503.444589643466,16763.22848643182,-21606.415589643722,61.9165181364794,69477.0,21,21
91,W,768222,717442,17160.770930453313,-21933.863369643565,16763.22848643182,-21606.415589643722,17558.3133744748,-22261.31114964341,62.61485501879656,65349.5,21,21
91,W,717442,773362,17940.594098597576,-22508.218909643318,17558.3133744748,-22261.31114964341,18322.874822720347,-22755.126669643225,65.61886098715814,67932.5,21,21
101,N,776425,773023,546.1525862424124,-1311.3880896435135,1204.2047505985784,-1529.4083096435847,-111.89957811375352,-1093.3678696434422,20.37588666262966,56708.5,51,47
101,N,773023,776136,-503.5863169181288,-669.4056496432577,-111.89957811375352,-1093.3678696434422,-895.2730557225041,-245.44342964307305,22.491272884176617,80970.5,51,54
101,N,776136,717445,-1317.4832343243122,18.384970356826216,-895.2730557225041,-245.44342964307305,-1739.6934129261203,282.2133703567255,33.08363392866324,91052.5,51,54
101,N,717445,717447,-2116.625618897292,467.39419035665577,-1739.6934129261203,282.2133703567255,-2493.5578248684637,652.5750103565861,43.05431258672493,89467.0,51,51
101,N,717447,717452,-2737.468695765867,779.9250903565899,-2493.5578248684637,652.5750103565861,-2981.3795666632705,907.2751703565937,45.184173555948504,94373.5,51,51
101,N,717452,716337,-3411.474198748176,1050.488350356491,-2981.3795666632705,907.2751703565937,-3841.568830833082,1193.7015303563887,51.95629050766075,92599.5,51,51
101,N,716337,765164,-4121.397767595818,1271.0132703565664,-3841.568830833082,1193.7015303563887,-4401.226704358553,1348.3250103567443,55.33803743783977,85581.5,51,5
101,N,765164,717456,-4616.873423297477,1472.2798303566196,-4401.226704358553,1348.3250103567443,-4832.520142236399,1596.2346503564947,48.489545800435906,85686.0,51,5
101,N,717456,717459,-5020.77875960356,1704.49335035645,-4832.520142236399,1596.2346503564947,-5209.037376970721,1812.7520503564053,48.18835673792886,85295.5,5,5
101,N,717459,717460,-5403.520562877515,1964.258570356325,-5209.037376970721,1812.7520503564053,-5598.003748784308,2115.765090356245,52.11092424887765,81816.0,5,5
101,N,717460,717463,-5789.720459784672,2354.435170356385,-5598.003748784308,2115.765090356245,-5981.437170785035,2593.1052503565247,47.608011584051724,79517.5,5,5
101,N,717463,717465,-6190.536565778761,2845.1893903564137,-5981.437170785035,2593.1052503565247,-6399.635960772486,3097.2735303563027,40.69611459967064,77897.0,5,5
101,N,717465,717469,-6519.2398925509515,3200.968110356312,-6399.635960772486,3097.2735303563027,-6638.843824329417,3304.6626903563215,47.895997199242544,84977.0,5,5
101,N,717469,717473,-6745.307000303156,3489.732190356533,-6638.843824329417,3304.6626903563215,-6851.770176276896,3674.8016903567445,56.13578681868782,95363.0,5,5
101,N,717473,769372,-6898.154738871152,3767.976530356816,-6851.770176276896,3674.8016903567445,-6944.539301465409,3861.1513703568876,59.241538082715536,80016.5,5,5
101,N,769372,717480,-7442.1359212617135,4108.3930903567425,-6944.539301465409,3861.1513703568876,-7939.732541058018,4355.634810356597,60.72364043272461,69601.0,25,5
101,N,717480,769389,-8253.081932101519,4593.525650356727,-7939.732541058018,4355.634810356597,-8566.431323145018,4831.416490356857,57.487583762358945,72896.0,32,5
101,N,769389,717483,-8690.876586008919,5132.25879035664,-8566.431323145018,4831.416490356857,-8815.321848872818,5433.101090356424,54.78595853606825,83140.0,32,5
101,N,717483,769402,-8977.160630886221,5786.542090356687,-8815.321848872818,5433.101090356424,-9138.999412899626,6139.983090356951,54.658922560901146,110211.0,32,25
101,N,769402,769418,-9300.515439506811,6318.707350356968,-9138.999412899626,6139.983090356951,-9462.031466113996,6497.4316103569845,57.32001618976422,113121.0,32,25
101,N,769418,764949,-9608.19355699249,6698.475530356809,-9462.031466113996,6497.4316103569845,-9754.355647870983,6899.519450356633,61.979389762809454,96776.0,32,25
101,N,764949,765176,-10008.041396769884,7153.496030356489,-9754.355647870983,6899.519450356633,-10261.727145668785,7407.472610356346,66.63585791324672,87745.5,32,25
101,N,765176,764760,-10391.659250430559,7448.716670356624,-10261.727145668785,7407.472610356346,-10521.591355192331,7489.960730356902,66.81389089195488,86805.0,32,25
101,N,764760,768469,-10679.095993185814,7549.683910356796,-10521.591355192331,7489.960730356902,-10836.600631179297,7609.407090356691,65.54540652212978,82891.0,32,32
101,N,768469,716359,-11139.06855425768,7859.431810356638,-10836.600631179297,7609.407090356691,-11441.53647733606,8109.456530356585,66.12008239638395,80524.0,32,32
101,N,716359,717491,-11704.997104237114,8540.654550356692,-11441.53647733606,8109.456530356585,-11968.457731138169,8971.852570356801,67.69801330803458,82394.5,32,32
101,N,717491,718141,-12145.051045984776,9197.108590356796,-11968.457731138169,8971.852570356801,-12321.644360831384,9422.364610356792,67.0033100358426,58022.5,32,32
101,N,718141,764858,-12407.082327517957,9555.892950356621,-12321.644360831384,9422.364610356792,-12492.520294204529,9689.42129035645,61.83671801352027,37742.0,32,32
101,N,764858,717492,-12703.648437462925,9730.887990356561,-12492.520294204529,9689.42129035645,-12914.776580721324,9772.354690356673,58.277187727963046,61883.0,32,32
101,N,717492,769467,-13653.748136084847,9769.905650356528,-12914.776580721324,9772.354690356673,-14392.719691448372,9767.456610356383,59.337762271404046,78947.5,32,32
101,N,769467,769346,-14847.897029349788,9893.025570356534,-14392.719691448372,9767.456610356383,-15303.074367251205,10018.594530356684,61.74797784927604,83308.5,32,32
101,N,769346,717497,-15688.76707709154,10020.598290356767,-15303.074367251205,10018.594530356684,-16074.459786931871,10022.602050356849,62.68256159581827,90025.0,32,32
101,N,717497,769358,-16411.04756718716,10014.475690356801,-16074.459786931871,10022.602050356849,-16747.635347442447,10006.349330356752,61.52874809403777,92649.5,32,32
101,N,769358,717498,-17223.238491734235,9953.027050356515,-16747.635347442447,10006.349330356752,-17698.841636026023,9899.70477035628,58.30673349651538,92097.5,53,32
101,N,717498,769443,-17939.893816187025,9901.151930356582,-17698.841636026023,9899.70477035628,-18180.945996348022,9902.599090356884,56.93485715749274,93487.5,53,49
101,N,769443,717501,-18724.281667927455,9997.722030356781,-18180.945996348022,9902.599090356884,-19267.617339506887,10092.84497035668,60.045591969446015,92414.0,53,53
101,N,717501,769431,-19574.603838265793,10148.449310356691,-19267.617339506887,10092.84497035668,-19881.5903370247,10204.053650356702,57.083120650383535,92170.0,53,53
101,N,769431,764794,-20453.328484307574,10332.405610356549,-19881.5903370247,10204.053650356702,-21025.066631590453,10460.757570356396,49.66551220620938,81761.5,53,53
101,N,764794,765099,-21163.574808560785,10616.49425035671,-21025.066631590453,10460.757570356396,-21302.082985531113,10772.230930357024,48.12109553162685,80598.5,53,53
101,N,765099,717502,-21424.130636810445,10859.56147035682,-21302.082985531113,10772.230930357024,-21546.178288089777,10946.89201035662,43.004783386017934,87930.5,53,53
101,N,717502,772168,-21940.677609714912,10962.142850356478,-21546.178288089777,10946.89201035662,-22335.17693134005,10977.393690356335,50.14174341302524,102618.0,53,53
101,N,772168,776081,-23036.662751724092,11181.999850356657,-22335.17693134005,10977.393690356335,-23738.148572108137,11386.60601035698,55.424022590753694,115472.0,53,53
101,N,776081,772178,-23989.021738186275,11504.605210356862,-23738.148572108137,11386.60601035698,-24239.894904264416,11622.604410356746,46.03318002057716,107955.0,53,53
101,N,772178,772596,-24562.18923083703,11625.498730356558,-24239.894904264416,11622.604410356746,-24884.48355740964,11628.393050356368,47.37957971908129,110664.0,53,53
101,N,772596,717510,-25319.880599731812,11630.118510356362,-24884.48355740964,11628.393050356368,-25755.27764205399,11631.843970356356,48.75092995208048,107160.5,53,53
101,N,717510,776066,-26251.53713231239,11657.447570356573,-25755.27764205399,11631.843970356356,-26747.796622570797,11683.051170356792,54.10365763845012,105386.0,53,53
101,N,776066,717513,-27067.969985049414,11775.502430356712,-26747.796622570797,11683.051170356792,-27388.143347528036,11867.953690356633,55.964336427064595,102507.0,53,53
101,N,717513,776060,-27944.297019505975,11879.197010356722,-27388.143347528036,11867.953690356633,-28500.45069148391,11890.44033035681,56.84631528918879,101221.5,53,53
101,N,776060,717515,-28734.217821058613,11894.44785035658,-28500.45069148391,11890.44033035681,-28967.984950633312,11898.455370356349,62.1370738265708,101256.5,53,53
101,N,717515,772609,-29241.81985843266,11894.726150356668,-28967.984950633312,11898.455370356349,-29515.654766232008,11890.996930356987,61.86665872406877,101844.5,53,53
101,N,772609,717517,-30064.062308472465,11776.504310356951,-29515.654766232008,11890.996930356987,-30612.469850712925,11662.011690356916,63.45722382799366,101764.5,53,53
101,N,717517,717519,-31419.220041278422,11492.972270356968,-30612.469850712925,11662.011690356916,-32225.97023184392,11323.93285035702,66.90394987089395,94727.0,53,53
101,N,717519,776073,-32471.633203514764,11369.685370356987,-32225.97023184392,11323.93285035702,-32717.29617518561,11415.437890356956,67.83906197651277,89850.5,53,53
101,N,776073,776052,-33113.732029245446,11488.630790356856,-32717.29617518561,11415.437890356956,-33510.16788330528,11561.823690356754,67.66683127466015,83014.5,53,53
101,N,776052,717522,-33662.00124774094,11575.070770356528,-33510.16788330528,11561.823690356754,-33813.8346121766,11588.317850356303,66.26910925891534,76791.0,53,53
101,N,717522,772583,-34639.53515584895,11197.1393703564,-33813.8346121766,11588.317850356303,-35465.235699521305,10805.960890356499,64.77339187070052,75033.5,53,53
101,N,772583,717524,-35656.076360134946,10721.635990356626,-35465.235699521305,10805.960890356499,-35846.917020748595,10637.311090356752,64.009266383685,74896.0,53,53
101,N,717524,760002,-36323.53453917272,10425.413470356647,-35846.917020748595,10637.311090356752,-36800.152057596846,10213.515850356542,64.05045143069721,71217.5,53,53
101,N,760002,772354,-36866.17859202538,10184.294350356759,-36800.152057596846,10213.515850356542,-36932.20512645392,10155.072850356975,65.67445703488507,71081.5,53,53
101,N,772354,776313,-37460.27907813332,9883.173750356887,-36932.20512645392,10155.072850356975,-37988.35302981272,9611.274650356798,65.84520580227563,71311.0,53,53
101,N,776313,770611,-38048.47775110785,9588.175750356586,-37988.35302981272,9611.274650356798,-38108.60247240298,9565.076850356372,65.64113041915535,70613.0,53,53
101,N,770611,737433,-40092.16498015373,9367.59517035665,-38108.60247240298,9565.076850356372,-42075.727487904485,9170.11349035693,66.12483094722516,68264.5,55,55
101,N,737433,776457,-42779.14984072323,8659.878270356648,-42075.727487904485,9170.11349035693,-43482.57219354197,8149.643050356369,66.26592124114228,65009.0,55,55
101,N,776457,768253,-44111.345831807324,8042.107930356564,-43482.57219354197,8149.643050356369,-44740.11947007267,7934.572810356759,66.54405523954411,66542.5,55,55
101,N,768253,764958,-45349.85053940119,8225.73027035687,-44740.11947007267,7934.572810356759,-45959.58160872971,8516.88773035698,67.26962645073446,65654.0,55,55
101,N,764958,764963,-46917.24300542851,8668.895190356823,-45959.58160872971,8516.88773035698,-47874.90440212731,8820.902650356664,67.24387813309184,62274.0,55,55
101,N,764963,772340,-48049.88393994478,8847.953410356786,-47874.90440212731,8820.902650356664,-48224.86347776226,8875.00417035691,67.24342192628588,57550.5,55,55
101,N,772340,759271,-49088.14197224472,8896.711570356681,-48224.86347776226,8875.00417035691,-49951.420466727184,8918.418970356452,66.87926553190496,58571.0,55,55
101,N,759271,765101,-50892.759661479286,9029.238030356666,-49951.420466727184,8918.418970356452,-51834.09885623139,9140.05709035688,63.11360777970931,59787.5,55,55
101,N,765101,765472,-52003.868199642224,9203.119870356648,-51834.09885623139,9140.05709035688,-52173.63754305305,9266.182650356417,63.122233135513866,57047.0,55,55
101,N,765472,764803,-53160.66968167265,9814.099690356477,-52173.63754305305,9266.182650356417,-54147.70182029223,10362.016730356536,65.06781626218626,57709.5,55,55
101,N,764803,764808,-54160.2892811158,10371.924210356437,-54147.70182029223,10362.016730356536,-54172.87674193937,10381.83169035634,67.14964460006965,54770.0,55,55
101,N,764808,764819,-54690.85306021171,10797.5005703565,-54172.87674193937,10381.83169035634,-55208.82937848406,11213.169450356663,69.15933460674776,59129.5,55,55
101,N,764819,764829,-56176.35786901499,11703.367070356515,-55208.82937848406,11213.169450356663,-57143.88635954591,12193.564690356368,64.23999006103486,60112.0,55,55
101,N,764829,776465,-57360.22469721095,12212.711730356672,-57143.88635954591,12193.564690356368,-57576.56303487599,12231.858770356976,62.046719969574546,55905.0,55,55
101,N,776465,764839,-58207.91871638782,12294.476270356681,-57576.56303487599,12231.858770356976,-58839.27439789965,12357.093770356387,64.89006388120039,60523.0,55,55
101,N,764839,764863,-59500.27746882285,12721.221490356562,-58839.27439789965,12357.093770356387,-60161.28053974606,13085.349210356739,66.35487479944035,60230.5,55,55
101,N,764863,764879,-60945.576175655864,13093.252930356557,-60161.28053974606,13085.349210356739,-61729.87181156566,13101.156650356377,64.50000956957214,50723.0,55,55
101,N,764879,764891,-61882.719550133654,13099.375530356523,-61729.87181156566,13101.156650356377,-62035.567288701655,13097.59441035667,65.09682586014159,50448.5,55,55
101,N,764891,764900,-62739.819583992125,13159.877950356824,-62035.567288701655,13097.59441035667,-63444.071879282594,13222.161490356977,66.89145462427561,55422.5,55,55
101,N,764900,764910,-63896.713281853175,13450.86843035696,-63444.071879282594,13222.161490356977,-64349.35468442376,13679.575370356943,66.85978833181962,49494.0,55,55
101,N,764910,764915,-64491.41317085726,13755.38429035696,-64349.35468442376,13679.575370356943,-64633.471657290764,13831.193210356978,68.15657338874743,48441.0,55,55
101,N,764915,764921,-66594.07242332031,14632.641550356831,-64633.471657290764,13831.193210356978,-68554.67318934985,15434.089890356687,66.57034867143075,50152.0,55,55
101,N,764921,764932,-69603.67436586865,15889.555670356825,-68554.67318934985,15434.089890356687,-70652.67554238743,16345.021450356964,64.97411580872647,47746.5,55,55
101,N,775302,775365,-83147.50556418876,17359.591930356997,-83051.18612953773,17351.91085035701,-83243.82499883979,17367.27301035698,65.03286503338569,45894.5,55,55
101,S,773062,776328,634.9564307322119,-1467.9040096434412,788.5880038569541,-1478.646389643608,481.32485760746977,-1457.1616296432744,60.65914829581864,71109.0,51,47
101,S,776328,773024,177.8886683110837,-1281.4986696434387,481.32485760746977,-1457.1616296432744,-125.54752098530236,-1105.835709643603,63.26007240412622,74438.0,51,47
101,S,773024,764853,-535.8157495753244,-666.4000096433318,-125.54752098530236,-1105.835709643603,-946.0839781653464,-226.96430964306074,62.90864534263304,89759.5,51,54
101,S,764853,716328,-1101.1448966586186,-98.33404964312521,-946.0839781653464,-226.96430964306074,-1256.2058151518906,30.29621035681032,58.8395235613787,101705.0,51,54
101,S,716328,716331,-1606.210998702482,193.65831035685474,-1256.2058151518906,30.29621035681032,-1956.2161822530732,357.02041035689916,40.02464716078548,98160.0,51,54
101,S,716331,717446,-2122.757971606295,438.2840103565911,-1956.2161822530732,357.02041035689916,-2289.2997609595172,519.547610356283,24.49634907675182,89211.0,51,51
101,S,717446,717450,-2638.428894123389,705.1737103562756,-2289.2997609595172,519.547610356283,-2987.5580272872603,890.7998103562682,21.13114639920152,85329.5,51,51
101,S,717450,717453,-3330.831455232051,1009.2999503564686,-2987.5580272872603,890.7998103562682,-3674.104883176842,1127.800090356669,16.947667929917092,80744.0,51,51
101,S,717453,716339,-4046.1496501469373,1207.8948303565435,-3674.104883176842,1127.800090356669,-4418.194417117033,1287.9895703564182,12.261245724054485,71834.0,51,5
101,S,716339,717458,-4823.2524513010685,1534.0624303564557,-4418.194417117033,1287.9895703564182,-5228.310485485105,1780.1352903564932,11.989666684592983,72703.0,5,5
101,S,717458,717461,-5419.151146098094,1939.9351503564353,-5228.310485485105,1780.1352903564932,-5609.991806711082,2099.735010356377,13.174855176955248,73351.0,5,5
101,S,717461,717462,-5802.9073235037295,2338.62773035635,-5609.991806711082,2099.735010356377,-5995.822840296377,2577.5204503563236,12.60705527236582,69309.5,5,5
101,S,717462,717466,-6206.259364828658,2830.1611903563894,-5995.822840296377,2577.5204503563236,-6416.695889360939,3082.801930356455,20.54722712266726,67888.0,5,5
101,S,717466,717468,-6535.331554922055,3188.2219703564588,-6416.695889360939,3082.801930356455,-6653.967220483172,3293.642010356462,35.1997413049839,68584.5,5,5
101,S,717468,717472,-6758.770511513447,3471.3643903566353,-6653.967220483172,3293.642010356462,-6863.57380254372,3649.0867703568083,47.154184617646884,66741.0,5,5
101,S,717472,769373,-6912.586516298792,3749.6643903567774,-6863.57380254372,3649.0867703568083,-6961.599230053863,3850.242010356747,56.898691830927774,65792.0,5,5
101,S,769373,717479,-7295.558859148337,4016.275790356769,-6961.599230053863,3850.242010356747,-7629.518488242811,4182.3095703567915,62.16892320609571,69682.0,5,5
101,S,717479,717481,-7829.488516046168,4286.059810356661,-7629.518488242811,4182.3095703567915,-8029.458543849525,4389.810050356529,64.01647356712678,71914.0,25,5
101,S,717481,769388,-8304.999444507983,4601.485030356405,-8029.458543849525,4389.810050356529,-8580.540345166439,4813.160010356282,61.51776505322236,79021.5,32,5
101,S,769388,717484,-8710.74909741879,5112.165530356353,-8580.540345166439,4813.160010356282,-8840.95784967114,5411.171050356423,58.54943060438406,85773.5,32,5
101,S,717484,769403,-8998.231948089033,5767.283730356665,-8840.95784967114,5411.171050356423,-9155.506046506925,6123.396410356907,58.39678875600025,86105.0,32,25
101,S,769403,769405,-9317.298720604687,6302.454630356871,-9155.506046506925,6123.396410356907,-9479.09139470245,6481.512850356836,59.35528105275857,94853.0,32,25
101,S,769405,717486,-9676.15662385507,6744.67333035684,-9479.09139470245,6481.512850356836,-9873.22185300769,7007.833810356843,58.22461844195439,101435.5,32,25
101,S,717486,775990,-10109.156054592022,7206.706990356611,-9873.22185300769,7007.833810356843,-10345.090256176352,7405.580170356378,58.103548523442925,95044.5,32,25
101,S,775990,764766,-10445.1905398655,7435.803550356401,-10345.090256176352,7405.580170356378,-10545.290823554646,7466.026930356424,63.009662717361905,90503.5,32,32
101,S,764766,717488,-10703.394864444926,7525.583130356345,-10545.290823554646,7466.026930356424,-10861.498905335206,7585.1393303562645,65.36670825599876,88459.5,32,32
101,S,717488,717489,-11161.2464614228,7840.0621303565,-10861.498905335206,7585.1393303562645,-11460.994017510393,8094.984930356737,65.08460590357492,92472.5,32,32
101,S,717489,717490,-11723.763025684675,8528.242370356787,-11460.994017510393,8094.984930356737,-11986.532033858959,8961.499810356838,65.1419802209976,92322.0,32,32
101,S,717490,768066,-12176.634967830843,9177.794570356915,-11986.532033858959,8961.499810356838,-12366.73790180273,9394.089330356992,62.32091299956019,88856.5,32,32
101,S,768066,768477,-12640.526701687091,9567.247590356823,-12366.73790180273,9394.089330356992,-12914.315501571453,9740.405850356656,59.4847508913739,68634.0,32,32
101,S,768477,717493,-13533.590909325882,9741.519050356614,-12914.315501571453,9740.405850356656,-14152.86631708031,9742.632250356572,43.68505361909722,64114.0,32,32
101,S,717493,769345,-14729.076932128068,9870.204970356408,-14152.86631708031,9742.632250356572,-15305.287547175827,9997.777690356246,31.147942018578625,88063.5,32,32
101,S,769345,717495,-15546.616374827401,9998.946550356459,-15305.287547175827,9997.777690356246,-15787.945202478977,10000.115410356671,31.700420231119903,91092.5,32,32
101,S,717495,769359,-16269.819023225384,9993.04659035672,-15787.945202478977,10000.115410356671,-16751.692843971792,9985.97777035677,33.490738772329735,92248.5,32,32
101,S,769359,760013,-16986.79710308439,9934.32529035667,-16751.692843971792,9985.97777035677,-17221.90136219699,9882.67281035657,36.77294720441504,93534.0,53,32
101,S,760013,769444,-17704.466801669514,9881.949230356418,-17221.90136219699,9882.67281035657,-18187.03224114204,9881.225650356268,36.963051411143496,94926.0,53,49
101,S,769444,717499,-18583.65252686182,9912.506570356389,-18187.03224114204,9881.225650356268,-18980.272812581607,9943.78749035651,44.71417205200817,97074.0,53,53
101,S,717499,769430,-19435.12739507746,10061.5083903567,-18980.272812581607,9943.78749035651,-19889.981977573312,10179.22929035689,52.79071054483596,102617.0,53,53
101,S,769430,760024,-20121.58203513772,10241.067550356587,-19889.981977573312,10179.22929035689,-20353.18209270213,10302.905810356282,57.26056904278989,109896.5,53,53
101,S,760024,764781,-20764.74134291572,10394.021230356411,-20353.18209270213,10302.905810356282,-21176.300593129312,10485.136650356542,62.35188507106385,100007.0,53,53
101,S,764781,772140,-21341.551360860278,10696.477670356471,-21176.300593129312,10485.136650356542,-21506.80212859124,10907.818690356398,62.409095074456204,105368.5,53,53
101,S,772140,772167,-21924.908702749373,10929.414770356452,-21506.80212859124,10907.818690356398,-22343.015276907503,10951.010850356504,49.820114887433405,125382.0,53,53
101,S,772167,717504,-22664.57187683901,10949.50803035674,-22343.015276907503,10951.010850356504,-22986.12847677052,10948.005210356974,45.92965951237757,121989.0,53,53
101,S,717504,772151,-23364.951107260746,11155.004750356791,-22986.12847677052,10948.005210356974,-23743.773737750973,11362.004290356606,54.97351658025485,110041.5,53,53
101,S,772151,772597,-24314.26697132592,11485.68081035679,-23743.773737750973,11362.004290356606,-24884.760204900867,11609.35733035697,56.37023041292066,109171.0,53,53
101,S,772597,717508,-25166.57178201329,11610.74883035662,-24884.760204900867,11609.35733035697,-25448.38335912571,11612.140330356273,52.62587622140987,107024.5,53,53
101,S,717508,717511,-26097.49058795211,11635.684510356547,-25448.38335912571,11612.140330356273,-26746.597816778514,11659.228690356822,46.586414996925875,99905.0,53,53
101,S,717511,717514,-27621.264966290953,11764.704390356685,-26746.597816778514,11659.228690356822,-28495.93211580339,11870.180090356549,41.215070508490385,95299.0,53,53
101,S,717514,772610,-29002.842534450665,11869.90179035646,-28495.93211580339,11870.180090356549,-29509.75295309794,11869.623490356373,42.46913399206675,96807.5,53,53
101,S,772610,717516,-29923.340951576203,11811.347470356384,-29509.75295309794,11869.623490356373,-30336.928950054466,11753.071450356394,46.5236347893289,95393.5,53,53
101,S,717516,717518,-31100.937103318858,11501.543910356682,-30336.928950054466,11753.071450356394,-31864.94525658325,11250.01637035697,50.66853857084614,91442.0,53,53
101,S,717518,717520,-32285.449442326608,11320.426270356777,-31864.94525658325,11250.01637035697,-32705.95362806997,11390.836170356582,52.9551714455756,89155.0,53,53
101,S,717520,718142,-33101.88229506364,11463.750770356788,-32705.95362806997,11390.836170356582,-33497.8109620573,11536.665370356994,54.27780653930904,82973.5,53,53
101,S,718142,718143,-33601.27712354968,11550.41339035669,-33497.8109620573,11536.665370356994,-33704.743285042045,11564.161410356388,56.03163776291016,75283.5,53,53
101,S,718143,718144,-33920.39000398097,11511.674030356418,-33704.743285042045,11564.161410356388,-34136.03672291989,11459.186650356447,53.17908920611652,67682.5,53,53
101,S,718144,772582,-34795.79488013516,11124.28043035645,-34136.03672291989,11459.186650356447,-35455.55303735044,10789.374210356453,55.64538889633777,66952.0,53,53
101,S,772582,718146,-35939.36339053088,10573.357750356463,-35455.55303735044,10789.374210356453,-36423.17374371133,10357.341290356475,60.88413381858391,69022.0,53,53
101,S,718146,772208,-36525.902178561955,10311.867070356595,-36423.17374371133,10357.341290356475,-36628.63061341257,10266.392850356715,61.9956984385381,66436.5,53,53
101,S,772208,772355,-36775.66875467713,10202.049890356619,-36628.63061341257,10266.392850356715,-36922.70689594169,10137.706930356524,64.36027541369715,65889.5,53,53
101,S,772355,718148,-37292.81513047709,9944.956350356722,-36922.70689594169,10137.706930356524,-37662.92336501248,9752.20577035692,65.60885256691495,67203.0,53,53
101,S,718148,770610,-37879.44613433878,9645.282910356756,-37662.92336501248,9752.20577035692,-38095.968903665074,9538.360050356592,63.540766016368714,68341.0,53,53
101,S,770610,765444,-38095.968903665074,9538.360050356592,-38095.968903665074,9538.360050356592,-38095.968903665074,9538.360050356592,63.22316230773277,69066.0,53,53
101,S,765444,716390,-38939.23656299205,9352.233010356678,-38095.968903665074,9538.360050356592,-39782.504222319025,9166.105970356764,64.26392982298294,67128.5,53,53
101,S,716390,716391,-40164.877162271776,9271.692990356742,-39782.504222319025,9166.105970356764,-40547.25010222452,9377.280010356719,63.91912854259094,67229.0,55,55
101,S,716391,716392,-41313.978622480354,9255.050650356838,-40547.25010222452,9377.280010356719,-42080.707142736195,9132.821290356957,64.60081089769514,65919.0,55,55
101,S,716392,764646,-42170.29482178208,9018.606970356614,-42080.707142736195,9132.821290356957,-42259.88250082797,8904.39265035627,66.73572973432314,62260.5,55,55
101,S,764646,772564,-42285.287962050046,8873.000410356432,-42259.88250082797,8904.39265035627,-42310.693423272125,8841.60817035659,68.24153273795687,60803.0,55,55
101,S,772564,776440,-42690.76096746962,8571.712830356584,-42310.693423272125,8841.60817035659,-43070.82851166712,8301.81749035658,68.47514275413832,62647.5,55,55
101,S,776440,764637,-43623.339658351906,8146.581750356583,-43070.82851166712,8301.81749035658,-44175.8508050367,7991.346010356588,66.46140647597578,64822.5,55,55
101,S,764637,768265,-44422.75869041613,7954.554750356537,-44175.8508050367,7991.346010356588,-44669.66657579555,7917.763490356486,63.46497577072887,65591.5,55,55
101,S,768265,764632,-45306.41688337397,8204.746450356457,-44669.66657579555,7917.763490356486,-45943.16719095239,8491.729410356429,63.96298646954311,64652.0,55,55
101,S,764632,765100,-46120.406016610126,8491.17281035665,-45943.16719095239,8491.729410356429,-46297.64484226786,8490.616210356868,65.67996319207569,67919.5,55,55
101,S,765100,772193,-47024.12115263779,8633.384110356703,-46297.64484226786,8490.616210356868,-47750.59746300772,8776.152010356538,67.34760792971188,64395.0,55,55
101,S,772193,718149,-47758.57413232079,8777.37653035661,-47750.59746300772,8776.152010356538,-47766.550801633864,8778.601050356683,67.86559431322783,55839.5,55,55
101,S,718149,718150,-48693.50432687397,8850.847730356598,-47766.550801633864,8778.601050356683,-49620.45785211407,8923.094410356513,67.42002873741535,58656.0,55,55
101,S,718150,764627,-50647.41944521335,8988.327930356732,-49620.45785211407,8923.094410356513,-51674.38103831263,9053.561450356952,67.95525090181086,59433.0,55,55
101,S,764627,764622,-51834.09885623139,9113.117650356871,-51674.38103831263,9053.561450356952,-51993.81667415015,9172.673850356792,68.2582416105307,56996.0,55,55
101,S,764622,765150,-52802.18064174347,9534.797810356886,-51993.81667415015,9172.673850356792,-53610.544609336794,9896.92177035698,68.24172021743843,62918.0,55,55
101,S,765150,764798,-53716.177842838806,9982.192890356837,-53610.544609336794,9896.92177035698,-53821.81107634081,10067.464010356693,69.13150368050557,65819.0,55,55
101,S,764798,764814,-54357.354510267774,10497.10355035678,-53821.81107634081,10067.464010356693,-54892.89794419474,10926.74309035687,68.77693758323974,55876.0,55,55
101,S,764814,764834,-55626.520981406,11488.46381035688,-54892.89794419474,10926.74309035687,-56360.14401861726,12050.184530356892,69.03963159637453,42181.5,55,55
101,S,764834,764824,-56664.825121620925,12102.059650356827,-56360.14401861726,12050.184530356892,-56969.50622462459,12153.934770356762,68.91545635681172,39627.5,55,55
101,S,764824,764848,-57657.8512892039,12217.66547035682,-56969.50622462459,12153.934770356762,-58346.19635378322,12281.39617035688,66.01295253155192,53103.5,55,55
101,S,764848,764868,-59022.4150366908,12544.890610356832,-58346.19635378322,12281.39617035688,-59698.63371959839,12808.385050356783,62.19832278293474,62554.5,55,55
101,S,764868,764874,-59815.93225562161,12878.850610356843,-59698.63371959839,12808.385050356783,-59933.230791644826,12949.316170356906,60.34027979994329,57773.0,55,55
101,S,764874,764885,-60759.945709449516,13015.106290356907,-59933.230791644826,12949.316170356906,-61586.660627254205,13080.896410356907,61.70370746852757,57366.5,55,55
101,S,764885,765106,-61715.30171039306,13079.393590356747,-61586.660627254205,13080.896410356907,-61843.94279353191,13077.890770356586,57.13766561227527,59643.0,55,55
101,S,765106,764905,-62982.53164909659,13309.603350356494,-61843.94279353191,13077.890770356586,-64121.12050466127,13541.315930356403,49.29792371765956,52202.0,55,55
101,S,764905,764927,-66345.64297674305,14478.519010356398,-64121.12050466127,13541.315930356403,-68570.16544882483,15415.722090356394,57.003876139513075,49520.5,55,55
101,S,764927,764937,-69647.24634564148,15883.767030356412,-68570.16544882483,15415.722090356394,-70724.32724245814,16351.81197035643,66.48031717692174,48881.0,55,55
105,E,760046,773047,-13398.125854751248,-15107.053049643444,-13662.462532039677,-15101.987989643576,-13133.789177462819,-15112.11810964331,67.42674408748519,57490.5,15,15
105,E,773047,766875,-13077.629736867064,-15111.171889643327,-13133.789177462819,-15112.11810964331,-13021.470296271309,-15110.225669643343,65.95648608504865,50305.5,15,15
105,E,766875,760063,-12628.861399165227,-15179.355389643217,-13021.470296271309,-15110.225669643343,-12236.252502059146,-15248.485109643092,66.17372018966407,16435.5,15,15
105,E,760063,767838,-11690.795866385066,-15154.030089643089,-12236.252502059146,-15248.485109643092,-11145.339230710988,-15059.575069643086,62.643987801535104,23311.5,15,15
105,E,767838,773656,-10903.687647653847,-14973.52470964322,-11145.339230710988,-15059.575069643086,-10662.036064596707,-14887.474349643353,53.13627804328448,42689.0,10,10
105,E,773656,760074,-10441.271367081772,-14874.394249643552,-10662.036064596707,-14887.474349643353,-10220.506669566837,-14861.31414964375,41.90993218203588,52371.5,10,10
105,E,760074,760080,-9869.487111883911,-15040.595009643548,-10220.506669566837,-14861.31414964375,-9518.467554200983,-15219.875869643345,44.75168844390484,49423.5,10,10
105,E,760080,716414,-9115.115512876055,-15507.192789643264,-9518.467554200983,-15219.875869643345,-8711.763471551125,-15794.509709643184,41.439017087034934,56763.5,10,10
105,E,716414,760101,-8392.835022780433,-15797.626669643225,-8711.763471551125,-15794.509709643184,-8073.906574009739,-15800.743629643264,32.27614629197131,68515.5,10,10
105,E,760101,760112,-7836.865782463097,-15783.656009643299,-8073.906574009739,-15800.743629643264,-7599.824990916455,-15766.568389643333,45.35933269258456,69832.0,10,10
105,E,760112,716419,-7120.902076736427,-15762.338229643334,-7599.824990916455,-15766.568389643333,-6641.9791625563985,-15758.108069643336,56.89864034866579,79443.0,0,10
105,E,716419,716421,-6247.11097761071,-15693.876429643355,-6641.9791625563985,-15758.108069643336,-5852.24279266502,-15629.644789643375,58.43006998811856,83260.0,0,10
105,E,716421,716424,-5387.106145100846,-15516.543669643386,-5852.24279266502,-15629.644789643375,-4921.969497536672,-15403.442549643396,62.59158290673179,79426.5,0,10
105,E,716424,774614,-4442.032209224963,-15400.436909643471,-4921.969497536672,-15403.442549643396,-3962.094920913253,-15397.431269643545,66.18274256006262,58900.5,0,0
105,E,774614,765476,-3682.2659841505174,-15400.715209643558,-3962.094920913253,-15397.431269643545,-3402.4370473877816,-15403.999149643572,62.55415968137846,46218.5,0,0
105,E,765476,760167,-3394.46037807471,-15404.667069643467,-3402.4370473877816,-15403.999149643572,-3386.4837087616384,-15405.334989643363,62.48293476015737,48047.0,0,0
105,E,760167,716427,-3195.4125085730598,-15434.055549643224,-3386.4837087616384,-15405.334989643363,-3004.341308384481,-15462.776109643088,65.43246279385727,48294.5,0,0
105,E,716427,716431,-2677.528406131346,-15495.392869643394,-3004.341308384481,-15462.776109643088,-2350.7155038782107,-15528.009629643702,64.6137016288562,65787.0,0,0
105,E,716431,716433,-2192.2887075823664,-15528.900189643431,-2350.7155038782107,-15528.009629643702,-2033.8619112865217,-15529.79074964316,64.48105437353553,78867.0,0,0
105,E,716433,760187,-1562.1779397784612,-15482.368429643451,-2033.8619112865217,-15529.79074964316,-1090.493968270401,-15434.946109643744,63.82380076553669,69605.0,0,0
105,E,760187,760196,-520.0007346947976,-15430.381989643403,-1090.493968270401,-15434.946109643744,50.492498880805684,-15425.817869643062,61.527142192553015,62780.5,0,1
105,E,760196,716440,681.5254249864172,-15373.60878964318,50.492498880805684,-15425.817869643062,1312.5583510920287,-15321.399709643298,57.26081322797265,57311.0,0,1
105,E,716440,716442,1625.0316917481541,-15324.906289643146,1312.5583510920287,-15321.399709643298,1937.5050324042795,-15328.412869642993,54.809328112673974,62390.5,1,1
105,E,716442,760226,2504.540172346681,-15624.13444964305,1937.5050324042795,-15328.412869642993,3071.5753122890824,-15919.856029643106,49.43701352939683,66280.5,1,1
105,E,760226,760236,3214.3715253643486,-15995.720609643377,3071.5753122890824,-15919.856029643106,3357.167738439615,-16071.585189643649,43.278528897568194,61620.5,1,1
105,E,760236,716449,3847.2026601590414,-16332.686249643317,3357.167738439615,-16071.585189643649,4337.2375818784685,-16593.787309642983,52.728903350923446,69804.0,1,1
105,E,716449,718155,4778.9975164852385,-16792.771809643258,4337.2375818784685,-16593.787309642983,5220.757451092008,-16991.756309643537,62.948889985518406,54698.5,1,7
105,E,718155,716453,5674.0904723887015,-17161.574969643494,5220.757451092008,-16991.756309643537,6127.4234936853945,-17331.393629643455,64.30684278457232,36564.0,11,7
105,E,716453,767857,6135.446270913453,-17332.172869643466,6127.4234936853945,-17331.393629643455,6143.469048141512,-17332.952109643473,66.50040460708263,37963.5,11,7
105,E,767857,767868,6183.67515011178,-17336.848309643523,6143.469048141512,-17332.952109643473,6223.881252082047,-17340.744509643573,67.31116105282905,38078.0,11,7
105,E,767868,716456,6657.01900656396,-17324.65876964345,6223.881252082047,-17340.744509643573,7090.156761045873,-17308.57302964333,64.32604090242114,46877.0,11,7
105,E,716456,760283,7408.439699005437,-17270.11196964354,7090.156761045873,-17308.57302964333,7726.722636965001,-17231.65090964375,65.22607236163117,46913.0,11,11
105,E,760283,716460,8125.233347203839,-17190.573829643447,7726.722636965001,-17231.65090964375,8523.744057442678,-17149.49674964314,68.41393516075232,51697.5,11,11
105,E,716460,760301,8763.735755556354,-17140.535489643225,8523.744057442678,-17149.49674964314,9003.72745367003,-17131.574229643305,67.99642702640017,63656.5,11,11
105,E,760301,760315,9244.04190718927,-17131.017629643524,9003.72745367003,-17131.574229643305,9484.35636070851,-17130.461029643746,67.96276921157265,63438.5,11,11
105,E,760315,716466,9804.575831102116,-17128.123309643714,9484.35636070851,-17130.461029643746,10124.795301495724,-17125.785589643685,67.94649735054611,63651.0,18,11
105,E,716466,760330,10524.458709612516,-17112.538509643513,10124.795301495724,-17125.785589643685,10924.122117729308,-17099.29142964334,65.66598577291138,59434.0,18,11
105,E,760330,716470,11323.186122949957,-17071.517089643465,10924.122117729308,-17099.29142964334,11722.250128170606,-17043.74274964359,62.934111088775296,57739.0,18,11
105,W,716402,716404,-13902.776985558918,-15060.688269643439,-14143.091439078156,-15047.88646964333,-13662.462532039677,-15073.490069643547,67.64040347496771,23788.5,15,15
105,W,716404,716405,-13342.473601221662,-15075.660809643603,-13662.462532039677,-15073.490069643547,-13022.484670403646,-15077.83154964366,68.79191908969281,39798.5,15,15
105,W,716405,716407,-12630.01409704318,-15144.567889643644,-13022.484670403646,-15077.83154964366,-12237.543523682714,-15211.304229643629,65.96638026264203,39098.5,15,15
105,W,716407,716409,-11611.813007813718,-15086.959789643552,-12237.543523682714,-15211.304229643629,-10986.082491944722,-14962.615349643474,64.54204296776727,37517.5,10,15
105,W,716409,760426,-10442.00909372353,-14943.023029643504,-10986.082491944722,-14962.615349643474,-9897.93569550234,-14923.430709643533,65.61643526704674,52227.5,10,10
105,W,760426,716413,-9448.060767838193,-15267.298189643447,-9897.93569550234,-14923.430709643533,-8998.185840174045,-15611.165669643362,65.46292600436684,78040.0,10,10
105,W,716413,760440,-8615.997331881244,-15690.815129643175,-8998.185840174045,-15611.165669643362,-8233.808823588446,-15770.464589642987,64.9190135880875,88919.0,10,10
105,W,760440,760452,-7995.799765824455,-15753.265649643301,-8233.808823588446,-15770.464589642987,-7757.790708060464,-15736.066709643617,60.29466077943508,97764.5,10,10
105,W,760452,716420,-7200.9915252707415,-15728.107329643542,-7757.790708060464,-15736.066709643617,-6644.192342481018,-15720.147949643468,60.874053694505605,96786.0,0,10
105,W,716420,716422,-6248.863078384149,-15654.747449643273,-6644.192342481018,-15720.147949643468,-5853.533814287279,-15589.34694964308,64.34930044137523,87840.5,0,10
105,W,716422,760473,-5466.596190739019,-15486.320289643361,-5853.533814287279,-15589.34694964308,-5079.658567190759,-15383.293629643644,63.9947858801731,82520.5,0,10
105,W,760473,760481,-4832.612358066373,-15366.206009643678,-5079.658567190759,-15383.293629643644,-4585.566148941987,-15349.118389643712,62.89031757202845,64617.5,0,0
105,W,760481,716426,-4353.59722805637,-15348.951409643343,-4585.566148941987,-15349.118389643712,-4121.628307170753,-15348.784429642974,64.41399613355146,57318.5,0,0
105,W,716426,716428,-3563.123131522578,-15385.186069643216,-4121.628307170753,-15348.784429642974,-3004.6179558744034,-15421.58770964346,65.93903356476618,55358.5,0,0
105,W,716428,760496,-2677.7589457062813,-15453.75918964331,-3004.6179558744034,-15421.58770964346,-2350.899935538159,-15485.93066964316,65.85694701349225,58157.5,0,0
105,W,760496,716434,-2192.5192471579567,-15487.544809643434,-2350.899935538159,-15485.93066964316,-2034.1385587777545,-15489.15894964371,66.96659078498391,73567.0,0,0
105,W,716434,760512,-1718.529879894647,-15473.240189643562,-2034.1385587777545,-15489.15894964371,-1402.9212010115393,-15457.321429643413,64.2062196575472,71873.5,0,0
105,W,760512,716437,-842.0645216924727,-15407.338749643446,-1402.9212010115393,-15457.321429643413,-281.20784237340604,-15357.35606964348,62.64879665155455,68496.5,0,1
105,W,716437,760535,204.8617986466511,-15393.757709643327,-281.20784237340604,-15357.35606964348,690.9314396667082,-15430.159349643174,63.71010243832393,66502.0,0,1
105,W,760535,716441,999.393391709132,-15358.079649643234,690.9314396667082,-15430.159349643174,1307.8553437515557,-15285.999949643294,63.38127709914163,61961.0,0,1
105,W,716441,716443,1623.7406701252407,-15291.176329643276,1307.8553437515557,-15285.999949643294,1939.6259964989256,-15296.352709643257,64.04728294323051,67090.5,1,1
105,W,716443,760558,2298.483899749308,-15478.527889643261,1939.6259964989256,-15296.352709643257,2657.3418029996906,-15660.703069643267,65.9978890844814,66987.5,1,1
105,W,760558,760568,2800.9679585466893,-15735.06482964338,2657.3418029996906,-15660.703069643267,2944.594114093688,-15809.42658964349,64.12504992583263,56716.5,1,1
105,W,760568,716448,3300.040031626511,-16001.230949643308,2944.594114093688,-15809.42658964349,3655.485949159334,-16193.035309643124,51.88462866582548,61530.0,1,1
105,W,716448,716450,4004.061787341395,-16376.045389643394,3655.485949159334,-16193.035309643124,4352.637625523456,-16559.055469643663,55.584256968736916,74663.0,1,1
105,W,716450,760599,4650.494757091995,-16699.98658964339,4352.637625523456,-16559.055469643663,4948.351888660533,-16840.91770964312,67.73940582670019,64592.5,1,7
105,W,760599,763712,5088.704382235588,-16901.086169643073,4948.351888660533,-16840.91770964312,5229.056875810644,-16961.25462964303,42.36868785044171,49261.0,1,7
105,W,763712,760606,5236.572465972535,-16964.148949643237,5229.056875810644,-16961.25462964303,5244.088056134425,-16967.043269643444,23.396946496468747,44387.5,1,7
105,W,760606,760619,5687.922846920198,-17131.51856964345,5244.088056134425,-16967.043269643444,6131.757637705971,-17295.99386964345,48.606833123047245,41191.5,11,7
105,W,760619,716457,6610.081148989202,-17283.247729643597,6131.757637705971,-17295.99386964345,7088.404660272433,-17270.501589643744,68.7139094912713,51684.0,11,7
105,W,716457,716459,7485.393809313424,-17226.58584964349,7088.404660272433,-17270.501589643744,7882.382958354415,-17182.67010964323,62.687269871762965,66379.0,11,11
105,W,716459,716461,8201.265299209466,-17150.275989643153,7882.382958354415,-17182.67010964323,8520.147640064517,-17117.881869643075,53.7369347244578,71598.5,11,11
105,W,716461,760398,8760.969280649926,-17107.8074096432,8520.147640064517,-17117.881869643075,9001.790921235333,-17097.732949643323,46.072351159370925,68193.0,11,11
105,W,760398,760384,9323.255305336867,-17097.454649643234,9001.790921235333,-17097.732949643323,9644.7196894384,-17097.176349643145,45.80741359486352,64105.0,11,11
105,W,760384,760375,10045.25914794191,-17095.7848496431,9644.7196894384,-17097.176349643145,10445.798606445422,-17094.393349643055,50.68468411422998,67750.0,18,11
105,W,760375,760369,10685.28311749293,-17078.4745896433,10445.798606445422,-17094.393349643055,10924.767628540438,-17062.55582964355,61.41360470142028,71552.5,18,11
105,W,760369,716471,11323.647202100485,-17035.33808964345,10924.767628540438,-17062.55582964355,11722.52677566053,-17008.12034964335,68.86927039431805,68821.5,18,11
105,W,716471,760358,12201.173042349325,-16993.426109643275,11722.52677566053,-17008.12034964335,12679.819309038121,-16978.7318696432,64.97611412459894,43513.5,18,11
110,N,763498,775773,-4044.950844354654,-33654.35654964337,-4470.111929523496,-34305.24458964369,-3619.7897591858114,-33003.46850964306,62.997901666300216,35155.0,39,39
110,N,775773,763502,-3590.9262043305334,-32857.24968964324,-3619.7897591858114,-33003.46850964306,-3562.062649475255,-32711.030869643415,63.488736741824184,36166.5,39,39
110,N,763502,763507,-3587.8830819335253,-32282.894149643485,-3562.062649475255,-32711.030869643415,-3613.7035143917956,-31854.75742964356,67.41074216393159,32041.5,39,39
110,N,763507,763512,-3718.1840500158505,-31225.298489643326,-3613.7035143917956,-31854.75742964356,-3822.664585639905,-30595.83954964309,66.06088508912445,35817.5,39,39
110,N,763512,763517,-4062.7484995842105,-29707.78424964319,-3822.664585639905,-30595.83954964309,-4302.832413528516,-28819.728949643293,64.43550105881637,51587.0,39,39
110,N,763517,763522,-4281.714988410718,-28643.50938964328,-4302.832413528516,-28819.728949643293,-4260.597563292921,-28467.28982964327,62.69571096390466,74041.5,4,39
110,N,763522,763527,-4260.68977912355,-27465.409829643228,-4260.597563292921,-28467.28982964327,-4260.781994954179,-26463.52982964319,63.063630014664696,73367.5,4,39
110,N,763527,763532,-4163.263754510205,-25552.765249643282,-4260.781994954179,-26463.52982964319,-4065.745514066231,-24642.000669643374,63.83141155945509,68232.0,4,4
110,N,763532,766336,-4044.720304779063,-24093.9723096432,-4065.745514066231,-24642.000669643374,-4023.6950954918952,-23545.943949643028,60.95511200734198,63221.5,4,4
110,N,766336,763354,-4033.6082972390095,-23103.335629643254,-4023.6950954918952,-23545.943949643028,-4043.521498986124,-22660.727309643476,57.66279142751415,76264.5,4,4
110,N,763354,763663,-4039.1873549662023,-22281.51572964342,-4043.521498986124,-22660.727309643476,-4034.853210946281,-21902.304149643358,61.79211187807904,88898.5,2,2
110,N,763663,716484,-4050.2071466756265,-21077.589929643316,-4034.853210946281,-21902.304149643358,-4065.5610824049722,-20252.875709643275,61.164614278850614,74189.0,2,2
110,N,716484,763626,-4081.053341879934,-19836.984189643277,-4065.5610824049722,-20252.875709643275,-4096.5456013548965,-19421.092669643283,55.973652641589524,71069.0,2,2
110,N,763626,775825,-4138.87266741981,-18936.516709643474,-4096.5456013548965,-19421.092669643283,-4181.199733484723,-18451.940749643665,60.6391461513481,72435.0,2,2
110,N,775825,763361,-4180.876978079158,-18339.39622964346,-4181.199733484723,-18451.940749643665,-4180.554222673593,-18226.85170964325,65.52314554438188,70905.0,0,2
110,N,763361,716490,-4181.430273060313,-18008.72016964346,-4180.554222673593,-18226.85170964325,-4182.306323447033,-17790.58862964367,65.00445610273351,69351.5,0,2
110,N,716490,763367,-4155.655948517686,-17292.654269643575,-4182.306323447033,-17790.58862964367,-4129.005573588338,-16794.71990964348,63.2610943239103,71387.5,0,2
110,N,763367,716495,-4025.1705487754125,-16604.36270964357,-4129.005573588338,-16794.71990964348,-3921.335523962487,-16414.00550964366,62.058166256492214,78397.0,0,0
110,N,716495,774704,-3815.47175088489,-16226.820929643647,-3921.335523962487,-16414.00550964366,-3709.607977807292,-16039.636349643633,59.272982534531515,75690.0,0,0
110,N,774704,763304,-3668.2952858740596,-15710.129149643453,-3709.607977807292,-16039.636349643633,-3626.982593940827,-15380.621949643271,58.27297501306492,59301.5,0,0
110,N,763304,763372,-3596.2286145671487,-14992.059489643487,-3626.982593940827,-15380.621949643271,-3565.4746351934705,-14603.497029643702,45.40351266094091,44293.5,0,0
110,N,763372,763720,-3561.9704336452814,-14431.563289643547,-3565.4746351934705,-14603.497029643702,-3558.466232097092,-14259.629549643392,26.499639772439743,43352.5,0,0
110,N,763720,763384,-3544.8643971418405,-13771.82530964343,-3558.466232097092,-14259.629549643392,-3531.2625621865895,-13284.021069643466,25.095222008330687,67200.5,0,0
110,N,763384,716499,-3556.160836342498,-13078.190389643467,-3531.2625621865895,-13284.021069643466,-3581.0591104984064,-12872.35970964347,34.57339778190157,90875.0,0,0
110,N,716499,763392,-3610.8448236553913,-12457.303089643343,-3581.0591104984064,-12872.35970964347,-3640.6305368123762,-12042.246469643216,41.24130914011723,89688.0,0,0
110,N,763392,763400,-3639.9850260005915,-11929.256669643342,-3640.6305368123762,-12042.246469643216,-3639.339515188807,-11816.266869643467,43.882710082954745,84551.5,0,0
110,N,763400,763408,-3644.503601680461,-10914.574869643591,-3639.339515188807,-11816.266869643467,-3649.667688172115,-10012.882869643714,45.79464718492726,83762.5,0,9
110,N,763408,763419,-3634.4059682727434,-9567.658529643424,-3649.667688172115,-10012.882869643714,-3619.1442483733717,-9122.434189643136,45.3933217058927,82336.5,0,9
110,N,763419,718164,-3615.7322626558125,-8882.428269643206,-3619.1442483733717,-9122.434189643136,-3612.3202769382533,-8642.422349643273,41.73554612984472,81499.5,9,9
110,N,718164,763424,-3629.6107451022967,-8115.711769643459,-3612.3202769382533,-8642.422349643273,-3646.90121326634,-7589.0011896436445,36.59021804468904,91198.5,9,9
110,N,763424,763429,-3658.0132208063937,-7169.881389643494,-3646.90121326634,-7589.0011896436445,-3669.1252283464473,-6750.7615896433435,35.8658007040292,87379.5,9,9
110,N,763429,763434,-3666.0359980344524,-6502.239689643162,-3669.1252283464473,-6750.7615896433435,-3662.9467677224575,-6253.717789642979,40.740895889274675,82137.0,9,9
110,N,763434,763439,-3606.7412192110605,-5834.764969643198,-3662.9467677224575,-6253.717789642979,-3550.535670699663,-5415.812149643418,42.579030816944076,85388.0,9,9
110,N,763439,764032,-3347.430304669324,-4973.816089643284,-3550.535670699663,-5415.812149643418,-3144.324938638985,-4531.820029643149,38.34639138886003,92973.5,9,9
110,N,764032,775637,-3111.0350239338113,-4213.5004896431965,-3144.324938638985,-4531.820029643149,-3077.7451092286374,-3895.1809496432443,43.90873151429984,80157.5,9,51
110,N,775637,718165,-3061.4690151975847,-3600.7952096433746,-3077.7451092286374,-3895.1809496432443,-3045.1929211665324,-3306.409469643505,51.76402424136604,55661.0,9,51
110,N,718165,774672,-2999.9610564495724,-3036.013189643578,-3045.1929211665324,-3306.409469643505,-2954.7291917326124,-2765.61690964365,37.974165841788576,56699.0,9,51
110,N,774672,774685,-2761.352595788784,-2520.378949643482,-2954.7291917326124,-2765.61690964365,-2567.975999844956,-2275.140989643314,27.668790280884068,74507.5,9,51
110,N,774685,774658,-2433.294779827723,-2174.674689643459,-2567.975999844956,-2275.140989643314,-2298.6135598104893,-2074.2083896436043,36.318130389450126,84013.5,9,51
110,N,774658,772501,-1788.1528317000366,-1580.6711696434832,-2298.6135598104893,-2074.2083896436043,-1277.692103589584,-1087.1339496433618,39.43792899569695,84876.0,51,51
110,N,772501,718046,-495.1946763688634,-481.55314964334934,-1277.692103589584,-1087.1339496433618,287.3027508518572,124.02765035666306,43.9951849235295,76231.5,51,54
110,N,718046,772513,411.6557978857825,262.56539035650036,287.3027508518572,124.02765035666306,536.0088449197077,401.10313035633766,52.55149573699364,64704.0,51,54
110,N,772513,771667,683.2775257598564,662.3711703563735,536.0088449197077,401.10313035633766,830.5462066000051,923.6392103564092,55.03842575583226,71373.5,54,54
110,N,771667,771673,1009.8137805224139,1107.9294703566106,830.5462066000051,923.6392103564092,1189.0813544448229,1292.2197303568119,55.44988182614552,73520.0,54,54
110,N,771673,773013,1549.5069268086963,1608.5911703565412,1189.0813544448229,1292.2197303568119,1909.93249917257,1924.9626103562705,56.64352777607817,63907.0,54,54
110,N,773013,767751,2561.068476263643,2418.8337903563397,1909.93249917257,1924.9626103562705,3212.2044533547155,2912.7049703564085,59.544417761435255,46811.5,54,54
110,N,767751,767760,4559.754380168152,4018.557850356544,3212.2044533547155,2912.7049703564085,5907.304306981589,5124.41073035668,63.549815897124674,33723.5,54,54
110,N,767760,767768,6601.043997628808,5471.951770356811,5907.304306981589,5124.41073035668,7294.783688276027,5819.492810356943,66.15484023035867,22740.5,30,22
110,S,775752,775774,-4069.572471019329,-33653.076369643444,-4492.612592093525,-34303.57478964316,-3646.532349945133,-33002.577949643724,59.72660278294327,60560.5,39,39
110,S,766337,716481,-4050.6682258268074,-22983.165689643705,-4042.2304773625547,-23546.61186964371,-4059.1059742910597,-22419.719509643703,60.804311429560514,48913.5,4,4
110,S,716481,766988,-4061.7341254518738,-21904.920169643476,-4059.1059742910597,-22419.719509643703,-4064.3622766126878,-21390.12082964325,67.98724983049166,38371.0,2,2
110,S,766988,716485,-4083.26652180521,-20821.21996964317,-4064.3622766126878,-21390.12082964325,-4102.170766997732,-20252.319109643096,68.1956546292622,62081.0,2,2
110,S,716485,763621,-4113.789961603954,-19928.878849643417,-4102.170766997732,-20252.319109643096,-4125.409156210175,-19605.438589643738,66.68820824672866,78459.0,2,2
110,S,763621,763314,-4171.609287143829,-19110.89948964338,-4125.409156210175,-19605.438589643738,-4217.809418077482,-18616.360389643018,65.21376002218086,79871.5,2,2
110,S,763314,716491,-4215.596238152207,-18202.86224964331,-4217.809418077482,-18616.360389643018,-4213.383058226931,-17789.364109643597,66.69218918278136,81156.0,0,2
110,S,716491,763309,-4205.175849338924,-17369.465069643436,-4213.383058226931,-17789.364109643597,-4196.9686404509175,-16949.566029643276,65.81882024074574,83394.5,0,2
110,S,763309,716494,-4078.794054040327,-16679.169749643348,-4196.9686404509175,-16949.566029643276,-3960.619467629737,-16408.77346964342,63.03463851007319,82878.0,0,0
110,S,716494,774703,-3852.5425146275193,-16223.481329643375,-3960.619467629737,-16408.77346964342,-3744.4655616253012,-16038.189189643332,64.1744424489311,71545.5,0,0
110,S,774703,759418,-3739.117043473044,-16006.462989643544,-3744.4655616253012,-16038.189189643332,-3733.7685253207865,-15974.736789643757,67.65501612772505,62809.0,0,0
110,S,759418,759416,-3732.385287867899,-15966.777409643682,-3733.7685253207865,-15974.736789643757,-3731.0020504150116,-15958.818029643608,66.3040431450325,60137.0,0,0
110,S,759416,763299,-3709.7924094672403,-15668.940749643429,-3731.0020504150116,-15958.818029643608,-3688.582768519469,-15379.06346964325,65.53989596011087,54699.5,0,0
110,S,763299,763377,-3652.3419472479163,-14991.948169643372,-3688.582768519469,-15379.06346964325,-3616.101125976364,-14604.832869643493,66.86519401133353,73457.5,0,0
110,S,763377,716500,-3615.1328597596703,-13739.208549643517,-3616.101125976364,-14604.832869643493,-3614.164593542977,-12873.58422964354,65.05761929435604,108145.5,0,0
110,S,716500,763294,-3651.004817710671,-12458.026669643492,-3614.164593542977,-12873.58422964354,-3687.8450418783655,-12042.469109643445,59.99354791781056,109534.5,0,0
110,S,763294,763286,-3684.479164075793,-11815.59894964357,-3687.8450418783655,-12042.469109643445,-3681.1132862732206,-11588.728789643696,55.98381131715358,93658.5,0,0
110,S,763286,763275,-3682.3120920655047,-11247.199029643416,-3681.1132862732206,-11588.728789643696,-3683.510897857789,-10905.669269643136,54.05983878884645,89601.5,0,9
110,S,763275,763267,-3684.7097036507284,-10273.705629643293,-3683.510897857789,-10905.669269643136,-3685.9085094436673,-9641.741989643448,53.06558603116831,90384.5,0,9
110,S,763267,763259,-3675.3497968847687,-9216.388269643217,-3685.9085094436673,-9641.741989643448,-3664.7910843258705,-8791.034549642987,55.95730984146227,90377.5,9,9
110,S,763259,763251,-3683.8336532640087,-7989.419229643158,-3664.7910843258705,-8791.034549642987,-3702.876222202147,-7187.8039096433295,47.24973090755955,82872.0,9,9
110,S,763251,718041,-3706.0115604291286,-6798.796169643483,-3702.876222202147,-7187.8039096433295,-3709.146898656111,-6409.788429643636,45.979256972699744,87008.5,9,9
110,S,718041,763246,-3700.7552581068453,-6059.798349643361,-3709.146898656111,-6409.788429643636,-3692.36361755758,-5709.808269643085,53.690309238761145,88887.0,9,9
110,S,763246,763447,-3647.223968671249,-5553.348009643412,-3692.36361755758,-5709.808269643085,-3602.0843197849185,-5396.887749643739,51.17627976747655,87265.5,9,9
110,S,763447,764037,-3384.224420921376,-4959.956749643472,-3602.0843197849185,-5396.887749643739,-3166.3645220578333,-4523.025749643204,52.94319462445219,96606.0,9,9
110,S,764037,775636,-3131.5069382398237,-4207.155249643397,-3166.3645220578333,-4523.025749643204,-3096.649354421814,-3891.2847496435893,60.65934992921403,87365.0,9,51
110,S,775636,718166,-3078.7133754466413,-3597.9008896435635,-3096.649354421814,-3891.2847496435893,-3060.777396471469,-3304.517029643537,54.749088679608136,64435.0,9,51
110,S,718166,760635,-3036.4785252117026,-3109.5957096432835,-3060.777396471469,-3304.517029643537,-3012.179653951936,-2914.67438964303,50.03173630612264,81902.5,9,51
110,S,760635,774671,-2993.2293008444276,-2836.7503896432113,-3012.179653951936,-2914.67438964303,-2974.278947736919,-2758.8263896433928,56.61760534771891,83877.5,9,51
110,S,774671,760643,-2643.5007647844136,-2409.9495096434703,-2974.278947736919,-2758.8263896433928,-2312.7225818319084,-2061.0726296435478,53.342036382063384,77993.5,9,51
110,S,760643,718173,-1879.7231510956112,-1662.9366496434138,-2312.7225818319084,-2061.0726296435478,-1446.7237203593143,-1264.80066964328,51.766602687302516,79788.0,51,51
110,S,718173,775610,-1041.3890386847006,-818.18482964334,-1446.7237203593143,-1264.80066964328,-636.0543570100868,-371.5689896434,40.748462704471805,62574.5,51,51
110,S,775610,718045,-177.37281756113578,-118.59428964338647,-636.0543570100868,-371.5689896434,281.3087218878153,134.38041035662707,26.998542242704573,57842.0,51,54
110,S,718045,760650,507.7908008762139,494.5006103566381,281.3087218878153,134.38041035662707,734.2728798646125,854.6208103566491,28.91050611223388,56940.5,51,54
110,S,760650,773012,1317.8146534143123,1396.248270356769,734.2728798646125,854.6208103566491,1901.356426964012,1937.8757303568889,45.76630845996231,47109.0,54,54
110,S,773012,767750,2550.786411195977,2434.2516103565667,1901.356426964012,1937.8757303568889,3200.216395427942,2930.6274903562444,61.44328660572696,37399.5,54,54
110,S,767750,767759,4540.066300419541,4034.031330356631,3200.216395427942,2930.6274903562444,5879.916205411139,5137.435170357017,64.27784073036047,35494.5,54,54
110,S,767759,767767,6585.597846069488,5486.31205035694,5879.916205411139,5137.435170357017,7291.279486727837,5835.188930356862,65.29142168860452,22796.5,30,22
118,E,760686,760693,-56073.90608165495,25180.322870356686,-56524.65705970648,25157.557930356816,-55623.15510360343,25203.087810356556,60.074388871263466,26934.0,55,55
118,E,760693,772132,-55158.47953519043,25173.588010356685,-55623.15510360343,25203.087810356556,-54693.80396677744,25144.088210356815,58.659768797080986,28948.5,55,55
118,E,772132,772125,-53892.863373515385,25059.262370356624,-54693.80396677744,25144.088210356815,-53091.92278025332,24974.436530356434,59.389310417844,29668.0,55,55
118,E,772125,772118,-52377.89560696135,24799.051870356685,-53091.92278025332,24974.436530356434,-51663.86843366937,24623.66721035694,62.511576642390985,29549.0,55,55
118,E,772118,760812,-51319.5345236766,24417.44691035674,-51663.86843366937,24623.66721035694,-50975.20061368384,24211.226610356534,64.21814091709176,28177.5,55,55
118,E,760812,760814,-50793.25878068563,24127.903590356505,-50975.20061368384,24211.226610356534,-50611.31694768742,24044.580570356477,65.55533087425079,27111.0,55,55
118,E,760814,764081,-50438.45837396459,24011.74117035673,-50611.31694768742,24044.580570356477,-50265.59980024176,23978.901770356984,66.23515839600485,33709.5,55,55
118,E,764081,760801,-49960.68815766252,23976.39707035698,-50265.59980024176,23978.901770356984,-49655.776515083264,23973.892370356978,62.97137333601238,39191.5,55,55
118,E,760801,760794,-49501.2688915718,23973.61407035689,-49655.776515083264,23973.892370356978,-49346.761268060334,23973.3357703568,62.377268297974965,35238.0,55,55
118,E,760794,764072,-49159.009837758684,23973.168790356827,-49346.761268060334,23973.3357703568,-48971.25840745704,23973.001810356855,65.41952299547356,35651.0,55,55
118,E,764072,760782,-48497.82233517489,23973.61407035689,-48971.25840745704,23973.001810356855,-48024.38626289273,23974.226330356923,64.09934679075138,37823.5,55,55
118,E,760782,760774,-47870.93912142859,23974.226330356923,-48024.38626289273,23974.226330356923,-47717.491979964456,23974.226330356923,64.56929299700028,37120.5,55,55
118,E,760774,764068,-47612.688688934184,23973.78105035686,-47717.491979964456,23974.226330356923,-47507.88539790391,23973.3357703568,63.41370827856423,37929.5,55,55
118,E,764068,760765,-46960.0311506446,23972.723510356765,-47507.88539790391,23973.3357703568,-46412.1769033853,23972.111250356727,62.661016776560615,37818.0,55,55
118,E,760765,760756,-46250.98363218368,23971.610310356806,-46412.1769033853,23972.111250356727,-46089.790360982064,23971.109370356884,65.5215988729041,38181.5,55,55
118,E,760756,759142,-45791.70268983794,23971.443330356833,-46089.790360982064,23971.109370356884,-45493.61501869381,23971.777290356782,64.29804148702422,39308.0,55,55
118,E,759142,764193,-45131.0223743203,23971.498990356693,-45493.61501869381,23971.777290356782,-44768.429729946794,23971.220690356604,63.00004797045658,45153.5,55,55
118,E,764193,760746,-44375.54418535014,23942.945410356806,-44768.429729946794,23971.220690356604,-43982.65864075348,23914.670130357004,66.05760338300195,43673.5,55,55
118,E,760746,760738,-43829.25760720433,23909.438090356765,-43982.65864075348,23914.670130357004,-43675.856573655175,23904.20605035653,68.1058623802208,38349.5,55,55
118,E,760738,764185,-43408.70731354598,23903.037190356714,-43675.856573655175,23904.20605035653,-43141.55805343679,23901.868330356898,67.89593215603296,41494.5,55,55
118,E,764185,764181,-42744.93776771635,23900.922110356914,-43141.55805343679,23901.868330356898,-42348.31748199591,23899.975890356927,67.25609996470591,43172.0,55,50
118,E,764181,760726,-41951.69719627613,23899.69759035684,-42348.31748199591,23899.975890356927,-41555.076910556345,23899.419290356753,66.77513958762617,43289.5,50,50
118,E,760726,760718,-41401.35312160163,23897.972130356844,-41555.076910556345,23899.419290356753,-41247.62933264691,23896.52497035694,67.39375925499576,43703.0,50,50
118,E,760718,764173,-40988.7794972557,23897.415530356666,-41247.62933264691,23896.52497035694,-40729.92966186449,23898.306090356396,68.33416568573088,42411.5,50,50
118,E,764173,717553,-40543.792008591976,23896.85893035649,-40729.92966186449,23898.306090356396,-40357.65435531946,23895.411770356586,67.88341326311458,41601.0,50,50
118,E,717553,717560,-40195.769465391066,23894.465550356603,-40357.65435531946,23895.411770356586,-40033.884575462675,23893.51933035662,67.84337557004899,42306.5,50,50
118,E,717560,764165,-39853.04933242743,23856.616750356454,-40033.884575462675,23893.51933035662,-39672.21408939218,23819.71417035629,66.24476306663657,43841.0,50,29
118,E,764165,717565,-39062.021940912484,23561.34045035646,-39672.21408939218,23819.71417035629,-38451.829792432785,23302.96673035663,65.32127083203957,44017.0,50,29
118,E,717565,772107,-38209.94766980005,23003.014990356576,-38451.829792432785,23302.96673035663,-37968.065547167316,22703.06325035652,67.1655452959703,45234.0,50,29
118,E,772107,717568,-37109.305628365386,22603.765810356483,-37968.065547167316,22703.06325035652,-36250.54570956345,22504.468370356448,67.65845154884178,45714.0,50,29
118,E,717568,772487,-35953.65684421226,22780.15235035647,-36250.54570956345,22504.468370356448,-35656.76797886107,23055.836330356495,66.20501711394805,44660.5,50,29
118,E,772487,765920,-35141.05094842899,23196.09953035672,-35656.76797886107,23055.836330356495,-34625.333917996904,23336.36273035695,67.00446640914541,44751.5,50,29
118,E,765920,717525,-33960.36556637499,23353.450350356914,-34625.333917996904,23336.36273035695,-33295.39721475307,23370.53797035688,67.6001377618139,44839.5,50,29
118,E,717525,765978,-33112.717655113105,23287.660230356913,-33295.39721475307,23370.53797035688,-32930.03809547314,23204.782490356945,68.64721469429094,46566.5,50,26
118,E,765978,717530,-32466.423009108123,23099.47377035666,-32930.03809547314,23204.782490356945,-32002.807922743108,22994.165050356376,69.93996747289718,45784.5,50,26
118,E,717530,765941,-31681.89683362273,22991.437710356542,-32002.807922743108,22994.165050356376,-31360.98574450235,22988.710370356705,68.4331669013001,48464.0,50,26
118,E,765941,771706,-30799.483554372157,22989.266970356482,-31360.98574450235,22988.710370356705,-30237.981364241965,22989.823570356264,68.06530592791924,51336.5,26,26
118,E,771706,765995,-29997.943558213956,22972.235010356377,-30237.981364241965,22989.823570356264,-29757.90575218595,22954.64645035649,66.05141431750056,53995.5,26,26
118,E,765995,717533,-29375.21005682698,22911.454290356385,-29757.90575218595,22954.64645035649,-28992.514361468013,22868.26213035628,65.53879424569638,56610.5,26,26
118,E,717533,765958,-28588.701240991904,22966.89165035642,-28992.514361468013,22868.26213035628,-28184.888120515796,23065.521170356562,66.67014386411616,62184.0,26,26
118,E,765958,717536,-27683.04957252954,23126.07925035672,-28184.888120515796,23065.521170356562,-27181.21102454329,23186.637330356883,62.01658861562582,66786.5,26,26
118,E,717536,766012,-26755.634968138253,23353.116390356572,-27181.21102454329,23186.637330356883,-26330.058911733217,23519.59545035626,55.63619832543179,82744.5,26,26
118,E,766012,766029,-25928.182323691806,23503.954990356593,-26330.058911733217,23519.59545035626,-25526.305735650392,23488.31453035693,56.84460432148653,88491.0,26,26
118,E,766029,766046,-25123.87585262717,23487.757930356755,-25526.305735650392,23488.31453035693,-24721.44596960395,23487.201330356576,63.01018255079475,76682.0,26,26
118,E,766046,717539,-24455.633839032656,23493.93619035658,-24721.44596960395,23487.201330356576,-24189.821708461368,23500.67105035658,66.22549398099879,73040.5,26,26
118,E,717539,717541,-23982.474414241082,23481.301370356443,-24189.821708461368,23500.67105035658,-23775.127120020796,23461.93169035631,68.29424069612661,71647.0,26,26
118,E,717541,717543,-23435.865080689706,23215.413550356603,-23775.127120020796,23461.93169035631,-23096.603041358616,22968.895410356898,69.22646550714612,79260.5,26,26
118,E,717543,717547,-22850.66342219654,22727.331010356946,-23096.603041358616,22968.895410356898,-22604.723803034463,22485.766610356997,66.79848409978673,83851.0,26,26
118,E,717547,766062,-22195.977135642293,22327.747870356907,-22604.723803034463,22485.766610356997,-21787.23046825012,22169.72913035682,62.54665589970659,73791.0,26,26
118,E,766062,766138,-21387.843707623906,22164.107470356776,-21787.23046825012,22169.72913035682,-20988.45694699769,22158.48581035673,63.27838446046148,72155.0,26,12
118,E,766138,766170,-20746.021529383805,22156.1480903567,-20988.45694699769,22158.48581035673,-20503.586111769917,22153.81037035667,61.30159023554495,83428.0,26,12
118,E,766170,771690,-20098.89694090709,22149.301910356582,-20503.586111769917,22153.81037035667,-19694.20777004426,22144.793450356497,57.658893938667674,85910.0,12,12
118,E,771690,766185,-19050.03408813392,22220.991990356717,-19694.20777004426,22144.793450356497,-18405.860406223583,22297.190530356937,62.065713317956906,62595.5,12,12
118,E,766185,766112,-18249.416250277423,22332.20067035674,-18405.860406223583,22297.190530356937,-18092.972094331264,22367.21081035654,64.97237558002128,46745.0,12,12
118,E,766112,766153,-17755.416047858627,22579.442390356595,-18092.972094331264,22367.21081035654,-17417.86000138599,22791.67397035665,65.17351408066219,52132.0,12,12
118,W,717554,717566,-56376.92729971449,25183.105870356776,-57083.02391160837,25136.51845035694,-55670.8306878206,25229.693290356616,65.61208615969227,28270.5,55,55
118,W,717566,772133,-55179.22809698702,25202.75385035661,-55670.8306878206,25229.693290356616,-54687.62550615345,25175.8144103566,65.3041978430943,29796.5,55,55
118,W,772133,772126,-53887.46874744813,25092.324410356596,-54687.62550615345,25175.8144103566,-53087.31198874282,25008.834410356594,65.83301370355744,30316.5,55,55
118,W,772126,772119,-52372.27044131851,24837.679910356448,-53087.31198874282,25008.834410356594,-51657.2288938942,24666.525410356306,65.95879521175043,30859.5,55,55
118,W,772119,760869,-51362.92207178884,24485.85305035646,-51657.2288938942,24666.525410356306,-51068.61524968348,24305.180690356618,66.60755263665564,26966.0,55,55
118,W,760869,764085,-50667.338064538206,24158.683570356705,-51068.61524968348,24305.180690356618,-50266.060879392935,24012.186450356792,65.175439628367,31328.5,55,55
118,W,764085,760971,-50089.55978037696,24009.570430356674,-50266.060879392935,24012.186450356792,-49913.058681360984,24006.954410356557,65.21334508035098,36627.5,55,55
118,W,760971,760959,-49695.38321415739,24006.676110356468,-49913.058681360984,24006.954410356557,-49477.70774695379,24006.39781035638,67.5886968731113,32375.0,55,55
118,W,760959,764076,-49224.66750886602,24006.56479035635,-49477.70774695379,24006.39781035638,-48971.62727077825,24006.731770356328,66.67944676394744,35584.0,55,55
118,W,764076,760951,-48588.00941711757,24006.230830356406,-48971.62727077825,24006.731770356328,-48204.3915634569,24005.729890356484,66.35954695543955,38398.5,55,55
118,W,760951,760941,-48057.99893300347,24006.230830356406,-48204.3915634569,24005.729890356484,-47911.60630255005,24006.731770356328,66.74076065874075,37123.5,55,55
118,W,760941,764064,-47709.97638980257,24006.56479035635,-47911.60630255005,24006.731770356328,-47508.346477055085,24006.39781035638,66.05030504463923,41170.0,55,55
118,W,764064,760932,-47048.881103048734,24005.451590356395,-47508.346477055085,24006.39781035638,-46589.41572904238,24004.50537035641,65.75542916229072,45483.5,55,55
118,W,760932,760921,-46436.199127153835,24005.006310356333,-46589.41572904238,24004.50537035641,-46282.98252526529,24005.507250356255,66.20829486019599,42188.5,55,55
118,W,760921,759165,-45888.02212448897,24005.8412103566,-46282.98252526529,24005.507250356255,-45493.06172371265,24006.175170356943,65.66662855096743,41690.5,55,55
118,W,759165,764197,-45130.330755593524,24004.95065035687,-45493.06172371265,24006.175170356943,-44767.5997874744,24003.726130356798,65.4648813664561,44145.5,55,55
118,W,764197,760911,-44478.18040437011,23990.701690356855,-44767.5997874744,24003.726130356798,-44188.76102126583,23977.677250356912,66.772744370992,42848.5,55,55
118,W,760911,760900,-44036.65100933959,23958.864170356952,-44188.76102126583,23977.677250356912,-43884.54099741336,23940.051090356992,66.8773586256138,39431.5,55,55
118,W,760900,764189,-43512.03515129274,23937.54639035699,-43884.54099741336,23940.051090356992,-43139.52930517212,23935.041690356986,66.913506279943,39741.5,55,55
118,W,764189,764177,-42742.67847987674,23934.039810356746,-43139.52930517212,23935.041690356986,-42345.827654581364,23933.037930356506,66.92118590835693,43498.0,55,50
118,W,764177,760892,-42046.126206408764,23932.036050356663,-42345.827654581364,23933.037930356506,-41746.42475823616,23931.03417035682,66.5160784592286,43772.5,50,50
118,W,760892,717558,-41592.56264553582,23930.533230356898,-41746.42475823616,23931.03417035682,-41438.700532835486,23930.032290356976,67.4745130308118,41379.0,50,50
118,W,717558,764169,-41082.5168886609,23930.700210356874,-41438.700532835486,23930.032290356976,-40726.333244486326,23931.36813035677,67.35652717595406,40205.5,50,50
118,W,764169,717549,-40677.73550196745,23930.25493035681,-40726.333244486326,23931.36813035677,-40629.137759448575,23929.141730356852,66.28831704520327,42733.5,50,50
118,W,717549,717557,-40515.75839620909,23928.97475035688,-40629.137759448575,23929.141730356852,-40402.3790329696,23928.807770356903,66.98615792238513,42548.0,50,50
118,W,717557,764161,-40034.668410019425,23891.738210356765,-40402.3790329696,23928.807770356903,-39666.957787069245,23854.668650356627,67.75982765613622,42928.5,50,50
118,W,764161,717562,-39345.21675547779,23758.209870356543,-39666.957787069245,23854.668650356627,-39023.47572388634,23661.751090356454,67.85376424475874,43361.5,50,29
118,W,717562,772092,-37673.66650923264,23063.628730356595,-39023.47572388634,23661.751090356454,-36323.857294578935,22465.506370356736,67.18644902034602,39492.0,50,29
118,W,772092,760706,-36291.48953817612,22496.23069035668,-36323.857294578935,22465.506370356736,-36259.12178177331,22526.955010356625,65.7572445898063,38140.0,50,26
118,W,760706,772488,-35958.91314653454,22805.255010356766,-36259.12178177331,22526.955010356625,-35658.704511295764,23083.555010356908,64.99966916708442,40419.0,50,29
118,W,772488,765922,-35142.48029379752,23222.25973035672,-35658.704511295764,23083.555010356908,-34626.256076299265,23360.964450356532,67.52385255637438,41211.0,50,29
118,W,765922,760828,-34143.13734184494,23436.0497903564,-34626.256076299265,23360.964450356532,-33660.0186073906,23511.135130356266,67.87214355765124,42170.5,50,29
118,W,760828,765976,-33295.30499892245,23371.261550356634,-33660.0186073906,23511.135130356266,-32930.5913904543,23231.387970357006,67.23581455038592,48783.0,50,29
118,W,765976,717528,-32466.837980343662,23123.85285035681,-32930.5913904543,23231.387970357006,-32003.08457023303,23016.317730356608,68.23206099557359,47283.0,50,26
118,W,717528,765943,-31681.85072570709,23014.981890356816,-32003.08457023303,23016.317730356608,-31360.616881181148,23013.646050357023,67.24845730280748,45493.0,50,26
118,W,765943,771721,-30830.65250498203,23017.48659035682,-31360.616881181148,23013.646050357023,-30300.688128782913,23021.327130356614,65.40203214212525,47665.0,26,26
118,W,771721,765993,-30028.46699801204,23000.06501035651,-30300.688128782913,23021.327130356614,-29756.24586724117,22978.802890356405,66.76474945269014,53266.0,26,26
118,W,765993,717532,-29500.946341313793,22949.191770356418,-29756.24586724117,22978.802890356405,-29245.646815386415,22919.580650356434,68.18673557588166,56626.0,26,26
118,W,717532,765960,-28713.423151347037,23005.631010356694,-29245.646815386415,22919.580650356434,-28181.199487307655,23091.681370356957,67.61142640882238,59175.0,26,26
118,W,765960,717535,-27819.71343289646,23120.34627035696,-28181.199487307655,23091.681370356957,-27458.227378485262,23149.011170356964,66.27372675118396,64639.5,26,26
118,W,717535,766010,-26890.777267306665,23347.272090356695,-27458.227378485262,23149.011170356964,-26323.32715612807,23545.533010356427,66.30667550697154,68928.0,26,26
118,W,766010,766027,-25920.805057274876,23530.83877035635,-26323.32715612807,23545.533010356427,-25518.282958421678,23516.144530356272,68.70694787420575,73769.0,26,26
118,W,766027,766044,-25115.25367250297,23515.92189035644,-25518.282958421678,23516.144530356272,-24712.22438658426,23515.699250356607,68.40795356551511,74610.5,26,26
118,W,766044,717537,-24486.341710492004,23521.877510356433,-24712.22438658426,23515.699250356607,-24260.459034399748,23528.055770356255,54.1339390989823,69401.5,26,26
118,W,717537,717544,-23670.55436856611,23261.05475035646,-24260.459034399748,23528.055770356255,-23080.649702732473,22994.05373035666,53.211699499732035,73721.5,26,26
118,W,717544,717546,-22833.695709438718,22751.042170356803,-23080.649702732473,22994.05373035666,-22586.74171614496,22508.030610356946,65.79764699656428,86275.0,26,26
118,W,717546,766060,-22182.88248775321,22350.512810356777,-22586.74171614496,22508.030610356946,-21779.023259361456,22192.99501035661,64.66622936163077,77104.5,26,26
118,W,766060,766096,-21131.114836327994,22187.317690356707,-21779.023259361456,22192.99501035661,-20483.206413294534,22181.640370356803,65.44261170712855,61507.5,26,12
118,W,766096,766124,-20234.684750886634,22179.859250356552,-20483.206413294534,22181.640370356803,-19986.16308847873,22178.078130356305,65.90646120181961,54818.0,12,12
118,W,766124,771691,-19821.83447905013,22178.857370356316,-19986.16308847873,22178.078130356305,-19657.505869621524,22179.636610356327,63.721655971485575,54666.0,12,12
118,W,771691,766184,-19035.18733947009,22256.224770356355,-19657.505869621524,22179.636610356327,-18412.86880931865,22332.81293035638,65.02804086988377,47318.0,12,12
118,W,766184,766110,-18255.4563871558,22361.53349035664,-18412.86880931865,22332.81293035638,-18098.043964992947,22390.254050356896,67.60855517772572,43115.0,12,12
118,W,766110,766167,-17766.89691871989,22599.980930356945,-18098.043964992947,22390.254050356896,-17435.74987244683,22809.707810356995,67.74167717427898,49784.0,12,12
126,E,775961,775975,-34636.26149387636,41119.73273035683,-34643.03935739649,41115.168610356886,-34629.48363035622,41124.296850356775,67.39781343336477,11056.5,50,50
134,E,761016,717570,-11245.716161892022,9605.875630356983,-11532.64571758111,9608.380330356988,-10958.786606202933,9603.37093035698,64.6829841838338,64705.5,32,32
134,E,717570,773880,-10127.55311271772,9645.282910356756,-10958.786606202933,9603.37093035698,-9296.319619232507,9687.194890356535,66.45096969536627,66615.0,32,25
134,E,773880,760987,-9208.852904281262,9671.554430356475,-9296.319619232507,9687.194890356535,-9121.386189330018,9655.913970356414,65.76546740824449,66359.5,32,25
134,E,760987,773890,-8977.160630886223,9623.742490356564,-9121.386189330018,9655.913970356414,-8832.935072442428,9591.571010356714,61.697054558748334,74312.5,32,25
134,E,773890,717573,-8241.831600816506,9650.9045703568,-8832.935072442428,9591.571010356714,-7650.728129190582,9710.238130356887,61.55853190249438,72305.5,32,25
134,E,717573,773869,-7368.409365011993,9762.725510356859,-7650.728129190582,9710.238130356887,-7086.090600833404,9815.21289035683,64.74644363695296,63648.0,25,25
134,E,773869,761003,-6709.52725818344,9823.840190356801,-7086.090600833404,9815.21289035683,-6332.963915533475,9832.46749035677,63.76174161816262,65048.5,25,25
134,E,761003,718204,-5698.196248304084,9850.167370356772,-6332.963915533475,9832.46749035677,-5063.428581074693,9867.867250356774,59.19252563046349,65581.0,25,42
134,E,718204,773904,-4976.192405699039,9856.067330356509,-5063.428581074693,9867.867250356774,-4888.956230323386,9844.267410356244,53.471526257595954,69175.5,25,42
134,E,773904,773953,-4727.163556224969,9836.141050356591,-4888.956230323386,9844.267410356244,-4565.370882126553,9828.014690356938,56.26417588759465,70007.5,25,42
134,E,773953,773916,-4201.6255398757485,9667.769550356934,-4565.370882126553,9828.014690356938,-3837.8801976249447,9507.52441035693,51.63585491409232,63556.0,25,42
134,E,773916,773927,-3680.283343801488,9546.096790356834,-3837.8801976249447,9507.52441035693,-3522.6864899780317,9584.669170356738,40.87538504699657,68686.5,25,42
134,E,773927,717578,-3208.6454802077596,9670.552550356631,-3522.6864899780317,9584.669170356738,-2894.6044704374876,9756.435930356523,48.013878458212744,77586.0,25,42
134,E,717578,717580,-2600.2976483321254,9836.530670356398,-2894.6044704374876,9756.435930356523,-2305.9908262267636,9916.625410356273,58.61800326275433,70341.0,25,42
134,E,717580,717583,-1570.477364496442,9938.388470356298,-2305.9908262267636,9916.625410356273,-834.9639027661207,9960.151530356325,60.80763134182932,67348.5,42,42
134,E,717583,717585,-492.4282014624329,9936.273390356499,-834.9639027661207,9960.151530356325,-149.89250015874515,9912.39525035667,62.07249569350937,71178.5,42,42
134,E,717585,717587,-42.138302562092086,9859.573910356752,-149.89250015874515,9912.39525035667,65.61589503456098,9806.752570356834,65.58299999502661,73208.5,42,42
134,E,717587,774054,336.8687595880833,9572.423970356806,65.61589503456098,9806.752570356834,608.1216241416057,9338.09537035678,66.09743574567804,65290.0,42,42
134,E,774054,717592,947.844742623876,9126.698690356596,608.1216241416057,9338.09537035678,1287.5678611061462,8915.302010356412,63.95630750509564,50992.5,42,23
134,E,717592,773974,1526.5912930024733,8837.489330356708,1287.5678611061462,8915.302010356412,1765.6147248988002,8759.676650357003,64.56250061889108,50722.5,23,23
134,E,773974,773995,2054.4347051069435,8726.113670356712,1765.6147248988002,8759.676650357003,2343.254685315087,8692.55069035642,63.866402564267574,65478.0,23,23
134,E,773995,774011,3177.7157328572575,8859.6976703564,2343.254685315087,8692.55069035642,4012.176780399428,9026.844650356381,60.22447073258249,71737.0,23,23
134,E,774011,717595,4616.513223660704,8712.08735035653,4012.176780399428,9026.844650356381,5220.849666921981,8397.33005035668,63.032943948053465,60780.5,23,23
134,E,717595,774031,5306.425957354169,8360.817090356719,5220.849666921981,8397.33005035668,5392.002247786358,8324.304130356757,67.79522545348757,54245.0,30,23
134,E,774031,717601,6074.1227438267,8491.840730356544,5392.002247786358,8324.304130356757,6756.243239867041,8659.377330356332,67.47037707526391,63659.0,30,23
134,E,717601,717606,7217.875685883026,8865.041030356357,6756.243239867041,8659.377330356332,7679.5081318990115,9070.704730356381,65.54945984388418,65866.5,30,23
134,W,773939,717571,-11411.93519583968,9613.445390356854,-11865.821512117529,9602.146410356907,-10958.048879561831,9624.744370356802,51.172267787546616,50650.0,32,32
134,W,717571,718496,-10212.299460678176,9677.0647703568,-10958.048879561831,9624.744370356802,-9466.55004179452,9729.385170356796,66.26343406037047,58869.5,32,25
134,W,718496,774204,-9450.55059525339,9727.49273035683,-9466.55004179452,9729.385170356796,-9434.55114871226,9725.60029035686,67.51700401054154,58211.0,32,25
134,W,774204,717572,-8682.438837544667,9695.766530356646,-9434.55114871226,9725.60029035686,-7930.326526377073,9665.93277035643,67.14075712005487,59517.5,32,25
134,W,717572,773870,-7507.148081557916,9751.259550356543,-7930.326526377073,9665.93277035643,-7083.969636738759,9836.586330356653,65.70843400311622,57739.5,25,25
134,W,773870,718499,-6807.691009438544,9817.550610356464,-7083.969636738759,9836.586330356653,-6531.412382138328,9798.514890356275,65.05515117483338,56853.5,25,25
134,W,718499,717576,-5797.236049945907,9844.378730356359,-6531.412382138328,9798.514890356275,-5063.059717753486,9890.24257035644,64.66447033998261,63194.5,25,42
134,W,717576,773906,-4976.007974038436,9878.832270356379,-5063.059717753486,9890.24257035644,-4888.956230323386,9867.421970356316,64.39479941813698,68868.5,25,42
134,W,773906,773954,-4726.103074177647,9867.032350356509,-4888.956230323386,9867.421970356316,-4563.249918031906,9866.642730356702,63.6747193805234,70008.5,25,42
134,W,773954,774067,-4272.4934053897205,9761.94627035685,-4563.249918031906,9866.642730356702,-3981.736892747534,9657.249810356996,61.12524068125879,55156.5,25,42
134,W,774067,716551,-3516.7385689289767,9695.543890356812,-3981.736892747534,9657.249810356996,-3051.740245110419,9733.837970356628,62.81023495310876,42932.5,25,42
134,W,716551,716554,-2645.345081388482,9843.098550356823,-3051.740245110419,9733.837970356628,-2238.9499176665454,9952.359130357016,62.876595251534155,56602.0,25,42
134,W,716554,717582,-2092.0501001469484,9966.830730356864,-2238.9499176665454,9952.359130357016,-1945.1502826273515,9981.302330356712,61.468296466967814,63583.5,25,42
134,W,717582,717099,-1162.9756108121956,9980.690070356675,-1945.1502826273515,9981.302330356712,-380.80093899703934,9980.077810356639,64.12655461012251,63400.0,42,42
134,W,717099,774053,123.48132848942328,9667.992190356767,-380.80093899703934,9980.077810356639,627.7635959758859,9355.906570356896,64.84364848290629,61898.0,42,42
134,W,774053,717590,847.1911639529196,9204.67835035667,627.7635959758859,9355.906570356896,1066.6187319299534,9053.450130356441,65.6717859326757,46762.0,42,23
134,W,717590,773975,1418.1915845940357,8917.472750356468,1066.6187319299534,9053.450130356441,1769.7644372581183,8781.495370356493,67.35512577673155,44434.0,23,23
134,W,773975,773996,2058.676633296236,8747.876730356738,1769.7644372581183,8781.495370356493,2347.5888293343537,8714.258090356983,68.02476172485564,57969.0,23,23
134,W,773996,774012,3182.095984792166,8882.963550356984,2347.5888293343537,8714.258090356983,4016.6031402499784,9051.669010356984,66.50060390917969,64102.5,23,23
134,W,774012,717597,4602.542525384902,8749.268230356785,4016.6031402499784,9051.669010356984,5188.481910519825,8446.867450356585,66.81287131850414,61335.5,23,23
134,W,717597,774032,5286.922309265506,8400.613990356695,5188.481910519825,8446.867450356585,5385.362708011186,8354.360530356806,67.53326614805641,55787.0,30,23
134,W,774032,717599,5868.250902889929,8412.970510356743,5385.362708011186,8354.360530356806,6351.139097768673,8471.580490356679,65.440186328913,58670.5,30,23
134,W,717599,717603,6802.258939140746,8673.236670356539,6351.139097768673,8471.580490356679,7253.3787805128195,8874.892850356398,66.29318097007689,63430.5,30,23
170,N,765604,764106,-13270.499145744725,11212.445870356514,-12984.676180018601,10744.957530356276,-13556.322111470847,11679.93421035675,66.43176073697171,62214.0,32,32
170,N,764106,764424,-13863.86190521091,12074.452290356527,-13556.322111470847,11679.93421035675,-14171.401698950971,12468.970370356305,65.80062813574176,58818.5,32,49
170,N,764424,764115,-14438.643174890793,12831.094330356398,-14171.401698950971,12468.970370356305,-14705.884650830612,13193.21829035649,67.01913054006276,47567.0,32,49
170,N,764115,764120,-14827.840086279313,14013.090090356498,-14705.884650830612,13193.21829035649,-14949.795521728014,14832.961890356506,65.61437574294311,50064.0,32,49
170,N,764120,763995,-15244.97839422075,15945.271330356556,-14949.795521728014,14832.961890356506,-15540.161266713489,17057.580770356606,63.32880856257772,56419.5,49,49
170,N,763995,764430,-15540.345698373436,17645.68433035645,-15540.161266713489,17057.580770356606,-15540.530130033385,18233.787890356292,65.1924115336335,42208.0,49,49
170,S,764101,717608,-13292.723160824831,11204.931770356501,-13005.055878493984,10739.168890356654,-13580.390443155678,11670.694650356349,63.118344664442304,73875.5,32,32
170,S,717608,717610,-13886.270351951618,12065.880650356416,-13580.390443155678,11670.694650356349,-14192.15026074756,12461.066650356484,64.36065906067599,65393.5,32,49
170,S,717610,717612,-14460.498326649691,12823.6915503565,-14192.15026074756,12461.066650356484,-14728.846392551823,13186.316450356515,66.10630571471351,63702.5,32,49
170,S,717612,761070,-14767.162070003033,13292.627050356643,-14728.846392551823,13186.316450356515,-14805.477747454244,13398.937650356771,67.89656213322483,63645.5,32,49
170,S,761070,716571,-14888.241455065016,14113.111110356687,-14805.477747454244,13398.937650356771,-14971.005162675787,14827.284570356602,66.52137254428007,57388.0,32,49
170,S,716571,717613,-15265.127553120547,15940.261930356546,-14971.005162675787,14827.284570356602,-15559.249943565304,17053.23929035649,65.05849307920312,44930.0,49,49
170,S,717613,716573,-15593.554232402159,17206.415610356547,-15559.249943565304,17053.23929035649,-15627.858521239015,17359.5919303566,61.86068570866992,40995.0,49,49
170,S,716573,717614,-15607.617146508594,17797.747450356546,-15627.858521239015,17359.5919303566,-15587.37577177817,18235.90297035649,56.72755982776907,44742.5,49,49
210,E,770599,768297,-22149.03927806688,28222.197530356672,-22597.623184108113,27918.51657035694,-21700.455372025648,28525.87849035641,64.36412244273782,36502.0,29,29
210,E,768297,768283,-20823.39061092733,28543.745350356385,-21700.455372025648,28525.87849035641,-19946.325849829012,28561.61221035636,67.36379919597367,30805.0,29,29
210,E,768283,770587,-19453.5705611188,28466.210970356376,-19946.325849829012,28561.61221035636,-18960.815272408585,28370.809730356388,67.39742976639334,30290.0,29,36
210,E,770587,770012,-18580.932159871034,28011.524430356643,-18960.815272408585,28370.809730356388,-18201.049047333483,27652.239130356895,67.96640365671203,27958.0,36,36
210,E,770012,770024,-17734.85191772264,27205.678950356814,-18201.049047333483,27652.239130356895,-17268.6547881118,26759.118770356734,67.8656153460226,32039.0,36,36
210,E,770024,770036,-16779.49591677909,26221.888450356586,-17268.6547881118,26759.118770356734,-16290.337045446386,25684.658130356438,66.71030260645924,38917.5,36,36
210,E,770036,770354,-16072.477146582187,25435.523970356615,-16290.337045446386,25684.658130356438,-15854.617247717988,25186.38981035679,64.3589117172813,40728.5,36,36
210,E,770354,770048,-15486.998840598444,24769.440750356698,-15854.617247717988,25186.38981035679,-15119.380433478902,24352.491690356605,64.89284753974441,32879.0,36,36
210,E,770048,770331,-14960.308126371929,24170.53915035643,-15119.380433478902,24352.491690356605,-14801.235819264954,23988.586610356262,65.55718522878539,30633.0,35,35
210,E,770331,770544,-14347.533934647054,23716.79883035629,-14801.235819264954,23988.586610356262,-13893.832050029152,23445.011050356316,64.49343996582299,39589.5,35,35
210,E,770544,770061,-13262.522476432307,23275.58201035656,-13893.832050029152,23445.011050356316,-12631.212902835463,23106.152970356805,66.68096239106788,45138.0,35,35
210,E,770061,770556,-12149.246866259084,23062.793830356728,-12631.212902835463,23106.152970356805,-11667.280829682702,23019.434690356647,68.01384319549248,46734.5,35,35
210,E,770556,770076,-10947.259627427342,22929.655110356704,-11667.280829682702,23019.434690356647,-10227.238425171983,22839.87553035676,65.61495011093882,43773.0,35,35
210,E,770076,770089,-9260.724308772737,22218.26465035688,-10227.238425171983,22839.87553035676,-8294.210192373492,21596.653770357,62.438578897202525,39810.0,35,35
210,E,770089,770103,-8144.590007863107,21407.632410356877,-8294.210192373492,21596.653770357,-7994.9698233527215,21218.611050356758,64.14030065191457,43073.0,35,35
210,E,770103,770116,-6115.05790875429,19933.588630356542,-7994.9698233527215,21218.611050356758,-4235.145994155858,18648.56621035633,67.61271692572834,46578.0,34,34
210,E,770116,769895,-3225.797624626187,18455.53733035644,-4235.145994155858,18648.56621035633,-2216.449255096516,18262.50845035655,66.17038148992852,43678.0,34,34
210,E,769895,769880,-1322.7395366459405,17738.024270356647,-2216.449255096516,18262.50845035655,-429.029818195365,17213.54009035675,65.45298305830667,34030.0,34,34
210,E,769880,769866,-153.30448587696,17045.001610356725,-429.029818195365,17213.54009035675,122.42084644144501,16876.463130356697,65.85307893129685,33681.0,34,34
210,E,769866,769847,651.4169564238679,16505.210930356712,122.42084644144501,16876.463130356697,1180.4130664062907,16133.958730356728,65.31975331449405,70495.5,34,34
210,E,769847,770385,1851.0526915860269,15866.623750356586,1180.4130664062907,16133.958730356728,2521.6923167657633,15599.288770356443,65.90823007843584,100615.0,37,37
210,E,770385,769831,3083.609478131498,15589.269970356427,2521.6923167657633,15599.288770356443,3645.5266394972323,15579.25117035641,65.90823007843584,100615.0,37,37
210,E,769831,769819,3797.6366514234705,15531.773190356449,3645.5266394972323,15579.25117035641,3949.746663349709,15484.295210356486,65.90823007843584,100615.0,37,37
210,E,769819,769984,4245.160075417381,15322.71423035669,3949.746663349709,15484.295210356486,4540.573487485053,15161.133250356896,65.90823007843584,100615.0,37,37
210,E,769984,769806,4853.415691462385,14824.111950356702,4540.573487485053,15161.133250356896,5166.257895439718,14487.09065035651,65.90823007843584,100615.0,37,37
210,E,769806,769788,5364.014743318454,14057.67375035665,5166.257895439718,14487.09065035651,5561.771591197191,13628.256850356789,65.90823007843584,100615.0,37,37
210,E,769788,717617,6177.220041997866,13110.730170356726,5561.771591197191,13628.256850356789,6792.668492798542,12593.203490356664,67.32648626891628,70209.5,30,37
210,E,717617,717620,7115.331682692358,12305.71959035677,6792.668492798542,12593.203490356664,7437.994872586176,12018.235690356876,68.74474245939673,39804.0,30,6
210,E,717620,770568,7537.126890058629,11526.535250356863,7437.994872586176,12018.235690356876,7636.258907531082,11034.83481035685,67.32648626891628,70209.5,30,6
210,E,770568,717625,7613.619921215435,10735.60665035655,7636.258907531082,11034.83481035685,7590.980934899789,10436.378490356252,67.32648626891628,70209.5,30,30
210,E,717625,770578,7611.867820441996,10210.565870356477,7590.980934899789,10436.378490356252,7632.754705984202,9984.7532503567,67.32648626891628,70209.5,30,23
210,E,770578,770169,7642.252936495122,9947.071430356526,7632.754705984202,9984.7532503567,7651.751167006042,9909.38961035635,65.9077146148469,62885.5,30,30
210,E,770169,717628,7741.431061882562,9709.23625035665,7651.751167006042,9909.38961035635,7831.110956759082,9509.082890356949,66.14850007314142,16484.0,30,30
210,E,717628,717631,8005.16833627485,9440.843730356803,7831.110956759082,9509.082890356949,8179.225715790618,9372.604570356658,65.88302948164372,32975.5,30,30
210,E,717631,717633,8633.204247899095,9411.622230356625,8179.225715790618,9372.604570356658,9087.182780007573,9450.639890356591,63.686940594877754,75544.0,30,30
210,E,717633,717635,9690.412633305885,9448.803110356483,9087.182780007573,9450.639890356591,10293.642486604196,9446.966330356374,60.02170475674255,117699.5,30,30
210,E,717635,717638,10831.16856088019,9476.410470356386,10293.642486604196,9446.966330356374,11368.694635156186,9505.8546103564,57.41251984477469,116268.5,30,30
210,E,717638,717640,11762.594553885181,9512.199850356596,11368.694635156186,9505.8546103564,12156.494472614177,9518.545090356789,57.91406827043123,89324.0,30,30
210,E,717640,717646,12995.566311666846,9468.729390356795,12156.494472614177,9518.545090356789,13834.638150719515,9418.913690356803,62.46251119599101,88321.5,30,30
210,E,717646,717650,14388.11756362165,9208.24059035677,13834.638150719515,9418.913690356803,14941.596976523788,8997.567490356738,65.08010212902657,84567.0,30,30
210,E,717650,717654,15418.998329505313,9047.717150356679,14941.596976523788,8997.567490356738,15896.399682486837,9097.866810356618,62.494928125489366,73487.5,30,30
210,E,717654,717659,16109.787113585498,9099.647930356472,15896.399682486837,9097.866810356618,16323.174544684158,9101.429050356326,54.04772019572286,69000.0,30,30
210,E,717659,773154,16628.54726641393,9103.15451035632,16323.174544684158,9101.429050356326,16933.919988143705,9104.879970356315,48.95446447217364,77266.5,33,30
210,E,773154,717667,17366.366123899505,9107.718630356661,16933.919988143705,9104.879970356315,17798.8122596553,9110.557290357008,47.43265279100096,78138.5,33,30
210,E,717667,717672,18670.57461051635,9005.693850356787,17798.8122596553,9110.557290357008,19542.336961377394,8900.830410356564,47.62989757533246,76239.5,33,33
210,E,717672,773193,19850.291726352993,8723.05237035653,19542.336961377394,8900.830410356564,20158.24649132859,8545.274330356498,51.26633400940146,76820.5,33,33
210,E,773193,761128,20399.114239829643,8384.862210356521,20158.24649132859,8545.274330356498,20639.981988330695,8224.450090356542,50.12058431404388,72545.0,33,33
210,E,761128,761141,20763.87395621344,8085.411410356783,20639.981988330695,8224.450090356542,20887.765924096184,7946.372730357024,48.656118597455766,62428.0,33,33
210,E,761141,761152,21709.823942475385,7787.073810357004,20887.765924096184,7946.372730357024,22531.88196085459,7627.774890356984,49.52844906661698,59017.0,33,33
210,E,761152,761165,23312.442855641268,7622.375870356773,22531.88196085459,7627.774890356984,24093.003750427946,7616.976850356562,50.43342315196582,68411.5,33,33
210,E,761165,761177,24285.273756409464,7617.978730356405,24093.003750427946,7616.976850356562,24477.54376239098,7618.980610356249,50.384021375035914,78662.5,33,33
210,E,761177,769701,24829.85434169682,7629.500350356582,24477.54376239098,7618.980610356249,25182.164921002663,7640.020090356916,53.89196772879146,72544.5,33,33
210,E,769701,761191,25600.409818905755,7587.922330356752,25182.164921002663,7640.020090356916,26018.65471680885,7535.824570356589,57.56909454198847,63952.0,33,33
210,E,761191,769772,26226.3247664347,7474.988190356737,26018.65471680885,7535.824570356589,26433.99481606055,7414.151810356884,48.86472460351655,68087.5,40,33
210,E,769772,772857,26805.670719709437,7261.643410356726,26433.99481606055,7414.151810356884,27177.346623358328,7109.135010356567,39.49361283751952,78805.0,40,40
210,E,772857,772872,27481.382215550853,7000.653670356778,27177.346623358328,7109.135010356567,27785.417807743383,6892.17233035699,44.65506462331448,79858.0,40,40
210,E,772872,761206,28184.066841727843,6980.616070356746,27785.417807743383,6892.17233035699,28582.7158757123,7069.059810356503,50.1935649092821,74301.5,40,40
210,E,761206,772887,28951.533088624783,6993.250890356485,28582.7158757123,7069.059810356503,29320.350301537263,6917.441970356468,50.321412188710724,79884.0,40,40
210,E,772887,761220,29690.735183563236,6706.379250356627,29320.350301537263,6917.441970356468,30061.120065589213,6495.316530356788,48.96640050869344,82012.5,40,40
210,E,761220,765477,30440.127127740045,6240.8390103566135,30061.120065589213,6495.316530356788,30819.134189890876,5986.361490356439,49.07733983803794,77526.5,40,40
210,E,765477,717684,30875.06309091104,5990.98127035664,30819.134189890876,5986.361490356439,30930.991991931205,5995.6010503568405,59.39391487179596,68865.0,40,40
210,E,717684,772903,31082.594816791272,6012.354710356859,30930.991991931205,5995.6010503568405,31234.197641651343,6029.1083703568775,66.89425740458347,82236.5,40,40
210,E,772903,765486,31767.205140247468,6019.7574903567565,31234.197641651343,6029.1083703568775,32300.21263884359,6010.4066103566365,66.9105348070772,82024.0,40,24
210,E,765486,718469,32409.396181808774,6009.126430356704,32300.21263884359,6010.4066103566365,32518.579724773957,6007.8462503567725,62.684579047017564,69477.0,24,24
210,E,718469,772917,32839.72135346927,6013.467910356817,32518.579724773957,6007.8462503567725,33160.86298216458,6019.089570356861,56.28664098528232,78757.0,24,24
210,E,772917,717692,33633.74575946624,5996.602930356685,33160.86298216458,6019.089570356861,34106.628536767894,5974.116290356507,56.214273706997076,78954.0,24,24
210,E,717692,772932,34554.56693199799,5783.536450356762,34106.628536767894,5974.116290356507,35002.5053272281,5592.956610357016,61.609907040090945,88265.0,24,24
210,E,772932,772953,35243.83415487902,5610.879130356851,35002.5053272281,5592.956610357016,35485.162982529946,5628.801650356687,65.90823007843584,100615.0,24,24
210,E,772953,716142,36043.89869775371,5641.937410356743,35485.162982529946,5628.801650356687,36602.63441297747,5655.0731703568,61.90135709300765,94724.0,24,24
210,E,716142,716143,37290.0112113401,5839.641730356694,36602.63441297747,5655.0731703568,37977.38800970272,6024.210290356588,35.76022141828936,69325.5,24,52
210,E,716143,769758,38296.593105964,5990.535990356578,37977.38800970272,6024.210290356588,38615.79820222527,5956.861690356567,13.372814773752303,48952.0,52,52
210,E,769758,772966,38695.51878743903,5948.345710356712,38615.79820222527,5956.861690356567,38775.239372652795,5939.829730356856,20.69187375856488,52450.0,52,52
210,E,772966,771603,39548.46910893818,5915.728950356799,38775.239372652795,5939.829730356856,40321.698845223575,5891.628170356743,23.738541697919896,55833.0,52,52
210,E,771603,767883,41401.039029879845,5890.6819503567585,40321.698845223575,5891.628170356743,42480.37921453611,5889.735730356775,17.39634239185919,52002.5,52,52
210,E,767883,767896,42881.88693925762,5871.312270356622,42480.37921453611,5889.735730356775,43283.39466397914,5852.88881035647,19.798576154655493,51319.0,52,52
210,E,767896,767925,43844.34355912753,5848.380350356383,43283.39466397914,5852.88881035647,44405.292454275914,5843.871890356297,34.42936081022425,51040.5,52,52
210,E,767925,767942,44890.53215282489,5854.113330356542,44405.292454275914,5843.871890356297,45375.77185137387,5864.3547703567865,49.1732521217665,54763.0,52,52
210,E,767942,767970,46075.73611055942,5915.50631035657,45375.77185137387,5864.3547703567865,46775.700369744955,5966.657850356354,54.79347479932781,58046.5,52,52
210,E,767970,767984,47032.61367270147,5959.255070356457,46775.700369744955,5966.657850356354,47289.52697565797,5951.852290356559,56.91590554197764,56150.0,52,52
210,E,767984,767998,47658.943591466596,5946.119310356796,47289.52697565797,5951.852290356559,48028.360207275226,5940.386330357032,58.65279249892939,56834.0,52,52
210,E,767998,768012,48461.95904090832,5933.874110356864,48028.360207275226,5940.386330357032,48895.55787454142,5927.361890356695,59.33404411864324,55310.5,52,52
210,E,768012,768026,49298.58716046078,5914.838390356675,48895.55787454142,5927.361890356695,49701.61644638015,5902.314890356654,58.629692662332566,56440.5,52,52
210,E,768026,768041,49970.56391517842,5988.086950356828,49701.61644638015,5902.314890356654,50239.51138397669,6073.859010357002,57.41001199909715,54399.0,52,52
210,W,770598,770315,-22314.520585373437,28237.058750356722,-22602.60283893982,27965.604930356698,-22026.43833180705,28508.51257035675,65.2064777033286,28782.0,29,29
210,W,770315,770303,-21263.167905184415,28563.894270356534,-22026.43833180705,28508.51257035675,-20499.89747856178,28619.275970356313,64.52309453755406,27701.0,29,29
210,W,770303,770588,-19724.085699031217,28503.67015035632,-20499.89747856178,28619.275970356313,-18948.273919500658,28388.064330356327,65.69058085292517,27563.5,29,36
210,W,770588,770215,-18742.86315771441,28195.035450356438,-18948.273919500658,28388.064330356327,-18537.45239592817,28002.00657035655,67.71470530906939,26951.5,36,36
210,W,770215,770229,-18302.57867639116,27779.589210356506,-18537.45239592817,28002.00657035655,-18067.704956854148,27557.171850356463,65.68848890026229,28867.0,36,36
210,W,770229,770243,-17384.016791700316,26871.162350356626,-18067.704956854148,27557.171850356463,-16700.328626546485,26185.15285035679,65.37061376931877,35309.0,36,36
210,W,770243,770353,-16266.96033248898,25695.23353035663,-16700.328626546485,26185.15285035679,-15833.592038431476,25205.31421035647,64.31694595540945,37327.5,36,36
210,W,770353,770259,-15617.76088783195,24956.18005035665,-15833.592038431476,25205.31421035647,-15401.929737232424,24707.045890356825,65.90427005738682,32238.5,36,36
210,W,770259,770332,-15092.68395063391,24357.83505035656,-15401.929737232424,24707.045890356825,-14783.438164035397,24008.624210356294,65.41822597622604,36614.5,35,35
210,W,770332,770545,-14331.58059602091,23738.394910356343,-14783.438164035397,24008.624210356294,-13879.723028006423,23468.165610356387,62.97652584201296,43979.5,35,35
210,W,770545,770275,-13462.953583386847,23351.669230356667,-13879.723028006423,23468.165610356387,-13046.18413876727,23235.172850356943,65.57897218604022,42335.5,35,35
210,W,770275,770555,-12354.473196384723,23137.990490356708,-13046.18413876727,23235.172850356943,-11662.762254002177,23040.808130356472,67.18237441447758,41644.5,35,35
210,W,770555,770290,-11102.68940924051,22975.964230356454,-11662.762254002177,23040.808130356472,-10542.616564478843,22911.120330356436,67.6267170331896,41267.0,35,35
210,W,770290,770200,-9460.509904916145,22322.738470356504,-10542.616564478843,22911.120330356436,-8378.403245353447,21734.35661035657,68.81653496827708,38095.0,35,35
210,W,770200,770187,-8276.550860889552,21609.566890356433,-8378.403245353447,21734.35661035657,-8174.698476425657,21484.777170356294,69.23633750748752,35116.5,35,35
210,W,770187,770141,-6529.475849704286,20103.963890356285,-8174.698476425657,21484.777170356294,-4884.253222982914,18723.150610356275,69.18379516511405,36180.5,34,34
210,W,770141,770129,-4724.304865488565,18722.9836303563,-4884.253222982914,18723.150610356275,-4564.356507994216,18722.816650356326,68.90578954829164,37750.0,34,34
210,W,770129,769965,-3697.988783200415,18587.562850356502,-4564.356507994216,18722.816650356326,-2831.6210584066134,18452.30905035668,68.50488793149324,37601.5,34,34
210,W,769965,769911,-1889.7285686733549,18026.12043035658,-2831.6210584066134,18452.30905035668,-947.8360789400961,17599.93181035648,65.5428671063093,42095.0,34,34
210,W,769911,769867,-404.4081915306894,17252.33511035649,-947.8360789400961,17599.93181035648,139.01969587871722,16904.7384103565,63.298850134570245,44249.5,34,34
210,W,769867,769926,467.0775118397789,16671.523010356428,139.01969587871722,16904.7384103565,795.1353278008405,16438.307610356358,64.22428169797277,46570.5,34,34
210,W,769926,770401,1094.6062363978567,16250.900390356514,795.1353278008405,16438.307610356358,1394.077144994873,16063.493170356667,64.31569985412263,46638.0,34,34
210,W,770401,770386,1958.8068891820249,15844.192770356665,1394.077144994873,16063.493170356667,2523.536633369177,15624.892370356662,64.94116652870112,71251.5,37,37
210,W,770386,769941,2927.3036459302994,15621.886730356735,2523.536633369177,15624.892370356662,3331.0706584914224,15618.88109035681,65.90823007843584,100615.0,37,37
210,W,769941,769953,3492.5405771836195,15613.148110356651,3331.0706584914224,15618.88109035681,3654.010495875817,15607.415130356492,65.90823007843584,100615.0,37,37
210,W,769953,769983,4104.484826436761,15395.239210356693,3654.010495875817,15607.415130356492,4554.959156997706,15183.063290356895,65.90823007843584,100615.0,37,37
210,W,769983,769807,4870.521727965826,14842.535410356853,4554.959156997706,15183.063290356895,5186.084298933946,14502.007530356814,65.90823007843584,100615.0,37,37
210,W,769807,770000,5352.6721962028105,14218.809450356777,5186.084298933946,14502.007530356814,5519.260093471675,13935.611370356743,65.90823007843584,100615.0,37,37
210,W,770000,717615,5965.0775246071335,13410.125310356605,5519.260093471675,13935.611370356743,6410.894955742591,12884.639250356466,67.32648626891628,70209.5,37,37
210,W,717615,717622,6853.669264481041,12535.873690356657,6410.894955742591,12884.639250356466,7296.443573219492,12187.10813035685,68.74474245939673,39804.0,30,37
210,W,717622,717624,7473.91293845282,11524.475830356922,7296.443573219492,12187.10813035685,7651.382303686148,10861.843530356993,69.09319566568388,39801.0,30,6
210,W,717624,770579,7658.252383036253,10429.309670356699,7651.382303686148,10861.843530356993,7665.12246238636,9996.775810356403,67.67493947520344,70206.5,30,30
210,W,770579,770157,7677.894354869879,9960.48549035667,7665.12246238636,9996.775810356403,7690.666247353397,9924.195170356936,65.95700154863759,88035.0,30,30
210,W,770157,717627,7828.482805597612,9718.53147035691,7690.666247353397,9924.195170356936,7966.2993638418275,9512.867770356885,66.22374212439294,41619.5,30,30
210,W,717627,717630,8264.525358730918,9511.086650356636,7966.2993638418275,9512.867770356885,8562.751353620008,9509.305530356387,64.6680450584432,26553.5,30,30
210,W,717630,764137,8791.492720448668,9502.292370356692,8562.751353620008,9509.305530356387,9020.23408727733,9495.279210356997,61.19087439104951,69249.5,30,30
210,W,764137,717634,9375.218925658972,9487.375490356782,9020.23408727733,9495.279210356997,9730.203764040614,9479.471770356568,58.37840823194263,88798.0,30,30
210,W,717634,717637,10275.937047204614,9502.12539035672,9730.203764040614,9479.471770356568,10821.670330368614,9524.77901035687,56.585841790159535,80216.5,30,30
210,W,717637,717642,11811.100080574082,9543.870390356919,10821.670330368614,9524.77901035687,12800.529830779551,9562.961770356966,58.06112554863349,76069.0,30,30
210,W,717642,717644,12993.814210893404,9564.464590356733,12800.529830779551,9562.961770356966,13187.09859100726,9565.967410356498,60.97939475540787,73041.0,30,30
210,W,717644,717649,13846.119021580773,9306.98143035663,13187.09859100726,9565.967410356498,14505.139452154288,9047.995450356766,60.916881559598494,65933.5,30,30
210,W,717649,717653,15079.136887277426,9084.898030356537,14505.139452154288,9047.995450356766,15653.134322400565,9121.800610356306,57.7111758572971,64092.5,30,30
210,W,717653,717657,15750.652562844538,9126.58737035648,15653.134322400565,9121.800610356306,15848.17080328851,9131.374130356655,49.23312934041698,63859.5,30,30
210,W,717657,717661,15960.351360735061,9134.324110356722,15848.17080328851,9131.374130356655,16072.53191818161,9137.274090356788,47.68805359028684,63187.0,30,30
210,W,717661,773179,16503.22595316266,9138.164650356517,16072.53191818161,9137.274090356788,16933.919988143705,9139.055210356246,49.323447008369854,65215.5,30,30
210,W,773179,717663,17004.418990337123,9138.943890356528,16933.919988143705,9139.055210356246,17074.917992530543,9138.832570356808,44.80420499852071,62528.0,33,30
210,W,717663,717664,17247.223271272218,9140.279730356713,17074.917992530543,9138.832570356808,17419.528550013893,9141.72689035662,44.39903509933086,59781.5,33,30
210,W,717664,717669,18234.11708614685,9110.501630356754,17419.528550013893,9141.72689035662,19048.705622279802,9079.276370356887,43.39389794567406,60477.0,33,33
210,W,717669,764146,19190.810216628295,9054.507670356936,19048.705622279802,9079.276370356887,19332.91481097679,9029.738970356982,42.68396468405608,62931.5,33,33
210,W,764146,773194,19752.589054248412,8796.968850356976,19332.91481097679,9029.738970356982,20172.26329752004,8564.19873035697,48.407706116775124,91284.0,33,33
210,W,773194,761342,20354.389562178854,8456.38531035668,20172.26329752004,8564.19873035697,20536.515826837665,8348.571890356392,60.52978473631708,87223.5,33,33
210,W,761342,761356,21219.235725774804,8002.644990356535,20536.515826837665,8348.571890356392,21901.955624711944,7656.718090356679,68.07581759633595,55140.0,33,33
210,W,761356,718210,22587.257566894255,7655.103950356799,21901.955624711944,7656.718090356679,23272.559509076567,7653.48981035692,61.34606119003577,61000.5,33,33
210,W,718210,761374,23683.150493073463,7649.983230356677,23272.559509076567,7653.48981035692,24093.741477070358,7646.476650356434,56.81458551804399,68342.0,33,33
210,W,761374,769702,24640.02805521617,7657.386010356575,24093.741477070358,7646.476650356434,25186.31463336198,7668.2953703567155,61.11387125237552,63214.5,33,33
210,W,769702,769722,25347.554012478588,7668.573670356804,25186.31463336198,7668.2953703567155,25508.793391595194,7668.851970356892,62.12930139152971,54816.0,33,33
210,W,769722,717673,25745.741967311864,7626.272070356823,25508.793391595194,7668.851970356892,25982.69054302853,7583.692170356754,60.4928399076459,46300.0,33,33
210,W,717673,775795,26213.322334376247,7510.499270356855,25982.69054302853,7583.692170356754,26443.954125723965,7437.306370356957,63.20644584034643,30993.0,40,33
210,W,775795,772858,26815.90667686343,7285.966830356616,26443.954125723965,7437.306370356957,27187.859228002893,7134.627290356274,65.42354615102631,56991.5,40,40
210,W,772858,772873,27487.33013659991,7030.598750356317,27187.859228002893,7134.627290356274,27786.801045196928,6926.57021035636,61.554418436355995,95581.0,40,40
210,W,772873,717674,28005.444778617217,6958.741690356605,27786.801045196928,6926.57021035636,28224.088512037506,6990.913170356851,57.94805142964284,93129.5,40,40
210,W,717674,717675,28331.24330673802,7021.359190356707,28224.088512037506,6990.913170356851,28438.398101438528,7051.805210356562,57.139811204100326,85690.0,40,40
210,W,717675,772888,28882.647863460494,6996.924450356702,28438.398101438528,7051.805210356562,29326.89762548246,6942.043690356842,56.38941697740043,84832.0,40,40
210,W,772888,717676,29602.715173631495,6833.729330356631,29326.89762548246,6942.043690356842,29878.53272178053,6725.414970356422,55.99926215127037,83585.5,40,40
210,W,717676,717678,30255.78768315661,6379.7107103563985,29878.53272178053,6725.414970356422,30633.04264453269,6034.006450356375,62.284090936097165,72202.5,40,40
210,W,717678,717682,30711.28777646359,6023.653690356412,30633.04264453269,6034.006450356375,30789.53290839449,6013.300930356448,68.23019427857133,63850.0,40,40
210,W,717682,772902,31012.925757070894,6035.67625035651,30789.53290839449,6013.300930356448,31236.318605747303,6058.0515703565725,61.74066431310593,62984.5,40,40
210,W,772902,717685,31525.138585954788,6055.045930356647,31236.318605747303,6058.0515703565725,31813.958566162277,6052.040290356721,56.036028058677395,68074.0,40,24
210,W,717685,772918,32487.917961229596,6047.030890356713,31813.958566162277,6052.040290356721,33161.877356296915,6042.021490356705,58.32317639234945,80204.5,24,24
210,W,772918,717686,33482.60401375669,6029.108370356482,33161.877356296915,6042.021490356705,33803.33067121647,6016.195250356259,58.79643865444843,84215.0,24,24
210,W,717686,717688,33948.386172132,6005.953810356409,33803.33067121647,6016.195250356259,34093.44167304753,5995.712370356559,55.45652728552166,76491.5,24,24
210,W,717688,772933,34550.55554338299,5805.299510356788,34093.44167304753,5995.712370356559,35007.669413718446,5614.886650357016,59.70187395170359,85770.0,24,24
210,W,772933,772954,35246.64673769979,5634.534630356846,35007.669413718446,5614.886650357016,35485.62406168113,5654.1826103566755,65.90823007843584,100615.0,24,24
210,W,772954,717694,35883.81201651506,5660.527850356475,35485.62406168113,5654.1826103566755,36281.99997134899,5666.873090356274,64.30408304945465,69903.5,24,24
210,W,717694,769744,36889.10288951604,5851.219010356335,36281.99997134899,5666.873090356274,37496.205807683094,6035.564930356396,62.041638508321014,43978.5,24,24
210,W,769744,718047,37656.79967598857,6049.257290356629,37496.205807683094,6035.564930356396,37817.39354429404,6062.949650356862,62.885806346028886,49920.0,24,52
210,W,718047,772967,38298.806285889266,6015.749970356592,37817.39354429404,6062.949650356862,38780.2190274845,5968.550290356323,63.47327298199699,51933.5,52,52
210,W,772967,771618,39269.47011464718,5941.889150356403,38780.2190274845,5968.550290356323,39758.721201809865,5915.228010356483,64.89743507563567,50703.0,52,52
210,W,771618,769136,40686.3202378611,5921.406270356703,39758.721201809865,5915.228010356483,41613.91927391233,5927.584530356924,65.35654091272207,51234.5,52,52
210,W,769136,769150,41766.07539375356,5935.710890356972,41613.91927391233,5927.584530356924,41918.23151359479,5943.837250357021,63.12807222741853,51470.5,52,52
210,W,769150,767898,42600.905304616936,5910.441250356704,41918.23151359479,5943.837250357021,43283.579095639085,5877.045250356386,62.20152302641094,49878.0,52,52
210,W,767898,767910,43605.0895876556,5881.720690356446,43283.579095639085,5877.045250356386,43926.60007967213,5886.396130356506,61.91248874553527,48348.0,52,52
210,W,767910,767940,44652.292555485314,5885.616890356496,43926.60007967213,5886.396130356506,45377.98503129849,5884.837650356486,62.0355844450369,48891.5,52,52
210,W,767940,767955,46012.891022272845,5936.935410356649,45377.98503129849,5884.837650356486,46647.7970132472,5989.033170356813,58.15692567868956,48479.0,52,52
210,W,767955,767986,46968.89253402818,5983.13321035668,46647.7970132472,5989.033170356813,47289.98805480916,5977.233250356548,50.23662564119323,46375.0,52,52
210,W,767986,768000,47659.31245478781,5971.221970356696,47289.98805480916,5977.233250356548,48028.63685476646,5965.210690356845,45.87767619859337,47600.0,52,52
210,W,768000,768014,48462.097364653935,5955.859810356724,48028.63685476646,5965.210690356845,48895.55787454142,5946.508930356603,46.42276461874817,47394.0,52,52
210,W,768014,768028,49296.281764705534,5936.267490356753,48895.55787454142,5946.508930356603,49697.005654869645,5926.026050356904,49.20072517954031,46867.0,52,52
210,W,768028,768055,50020.63711098081,6043.858270356814,49697.005654869645,5926.026050356904,50344.268567091975,6161.690490356723,55.52369009552274,44303.0,52,52
405,N,771826,717696,13221.863958995295,-30874.974449643494,13515.202514883307,-31140.750949643618,12928.525403107282,-30609.197949643374,64.7437982753422,77079.0,38,38
405,N,717696,718219,12625.87304836764,-30337.076209643452,12928.525403107282,-30609.197949643374,12323.220693628002,-30064.95446964353,65.46531305547074,80491.5,38,38
405,N,718219,717701,11928.260292852337,-29746.968889643525,12323.220693628002,-30064.95446964353,11533.299892076675,-29428.98330964352,63.59003416201679,81581.5,38,38
405,N,717701,717703,10965.388701746899,-29404.826869643606,11533.299892076675,-29428.98330964352,10397.47751141712,-29380.67042964369,60.97247370495981,82695.0,38,38
405,N,717703,718227,10165.554698447148,-29377.442149643535,10397.47751141712,-29380.67042964369,9933.631885477173,-29374.21386964338,61.371437879024455,77283.5,38,38
405,N,718227,717706,9542.775089145183,-29223.041309643406,9933.631885477173,-29374.21386964338,9151.918292813196,-29071.868749643436,62.9090115448086,79227.5,38,38
405,N,717706,717709,9028.533511995964,-29040.19820964351,9151.918292813196,-29071.868749643436,8905.148731178733,-29008.52766964358,63.104351517028775,85567.5,38,38
405,N,717709,716632,8606.092793817912,-28954.815769643537,8905.148731178733,-29008.52766964358,8307.036856457089,-28901.103869643495,61.45696832853339,90194.5,38,38
405,N,716632,771845,8021.951617372069,-28784.55182964352,8307.036856457089,-28901.103869643495,7736.866378287051,-28667.999789643538,58.471054938867674,94527.5,14,14
405,N,771845,717711,7491.618377851747,-28513.82158964364,7736.866378287051,-28667.999789643538,7246.370377416443,-28359.643389643745,53.15228454145252,83504.0,14,14
405,N,717711,717713,7065.2123789749785,-28291.237249643626,7246.370377416443,-28359.643389643745,6884.054380533513,-28222.831109643506,49.17508732724444,77190.5,14,14
405,N,717713,717715,6800.46073045101,-28192.99734964329,6884.054380533513,-28222.831109643506,6716.867080368507,-28163.163589643074,48.924713485456195,80038.0,14,14
405,N,717715,717717,6287.556282840347,-28128.988349643143,6716.867080368507,-28163.163589643074,5858.245485312186,-28094.81310964321,49.25881539420847,92007.0,14,14
405,N,717717,717719,5579.799786002338,-28062.530309643247,5858.245485312186,-28094.81310964321,5301.35408669249,-28030.247509643283,57.06021934824812,103626.5,14,14
405,N,717719,717720,5096.496619888056,-27932.452889643406,5301.35408669249,-28030.247509643283,4891.639153083623,-27834.65826964353,64.68978518665617,98567.5,14,14
405,N,717720,717721,4716.014104454363,-27675.526329643482,4891.639153083623,-27834.65826964353,4540.389055825105,-27516.394389643436,65.78522170974367,98989.5,14,14
405,N,717721,771863,4391.967677107004,-27411.920569643415,4540.389055825105,-27516.394389643436,4243.546298388903,-27307.446749643397,66.94140854463042,104365.0,14,43
405,N,771863,717723,3932.6867347612556,-27117.646149643268,4243.546298388903,-27307.446749643397,3621.8271711336083,-26927.845549643134,66.96952472037688,93821.0,14,43
405,N,717723,771877,3310.2298808648575,-26833.89146964305,3621.8271711336083,-26927.845549643134,2998.632590596107,-26739.93738964297,63.94424228231556,74098.0,14,43
405,N,771877,717727,2698.9772503384875,-26794.094569643075,2998.632590596107,-26739.93738964297,2399.321910080868,-26848.25174964318,62.25515409093533,69351.0,14,43
405,N,717727,771898,2068.451511298389,-26861.665809643324,2399.321910080868,-26848.25174964318,1737.5811125159098,-26875.07986964347,64.72879295204356,82188.5,14,14
405,N,771898,717729,1552.7344808663079,-26867.00916964328,1737.5811125159098,-26875.07986964347,1367.8878492167062,-26858.938469643093,66.30464086510608,85727.0,14,14
405,N,717729,771915,1048.6827529554357,-26835.895229643134,1367.8878492167062,-26858.938469643093,729.4776566941654,-26812.851989643175,65.92133231852205,91197.5,14,14
405,N,771915,718251,411.5174741408213,-26810.402949643427,729.4776566941654,-26812.851989643175,93.55729158747727,-26807.95390964368,65.4562745143439,90271.0,14,14
405,N,718251,775936,-349.67809630215396,-26784.075769643456,93.55729158747727,-26807.95390964368,-792.9134841917852,-26760.197629643233,63.17498476379659,74749.5,14,39
405,N,775936,717733,-1129.777911937651,-26396.68216964349,-792.9134841917852,-26760.197629643233,-1466.6423396835166,-26033.166709643745,61.47793248720653,74595.0,14,4
405,N,717733,771939,-1586.5690268675464,-25885.16676964367,-1466.6423396835166,-26033.166709643745,-1706.4957140515762,-25737.1668296436,61.618797476136436,87168.5,4,4
405,N,771939,717735,-1917.3472098200516,-25478.793109643375,-1706.4957140515762,-25737.1668296436,-2128.198705588527,-25220.41938964315,62.114117810736346,87925.0,4,4
405,N,717735,716659,-2385.4808718655913,-24910.281869643106,-2128.198705588527,-25220.41938964315,-2642.763038142655,-24600.144349643062,64.93678482855658,83552.0,4,4
405,N,716659,766505,-2779.3807905945864,-24474.63104964317,-2642.763038142655,-24600.144349643062,-2915.9985430465176,-24349.117749643272,65.08180656134665,86042.5,4,4
405,N,766505,718259,-3238.7078408553216,-24080.836549643143,-2915.9985430465176,-24349.117749643272,-3561.4171386641256,-23812.55534964302,63.840042710137524,81263.0,4,4
405,N,718259,716663,-3933.969092700389,-23497.130129643272,-3561.4171386641256,-23812.55534964302,-4306.521046736652,-23181.704909643526,65.26708979395359,78801.5,4,4
405,N,716663,717740,-4401.59556767976,-23137.900489643383,-4306.521046736652,-23181.704909643526,-4496.670088622869,-23094.096069643245,65.8767830580058,85329.5,4,4
405,N,717740,717742,-4894.950259286774,-23059.308569643275,-4496.670088622869,-23094.096069643245,-5293.230429950678,-23024.52106964331,61.57911337513452,85893.5,4,4
405,N,717742,717744,-5720.881342534717,-23024.96634964337,-5293.230429950678,-23024.52106964331,-6148.532255118756,-23025.411629643433,60.46375706243042,81799.5,4,4
405,N,717744,716670,-6629.5761333934315,-22901.790769643507,-6148.532255118756,-23025.411629643433,-7110.620011668106,-22778.169909643577,64.57074585970014,86305.5,4,4
405,N,716670,718266,-7466.849763757675,-22647.14626964336,-7110.620011668106,-22778.169909643577,-7823.079515847243,-22516.122629643138,65.80158626708157,83714.5,4,4
405,N,718266,718267,-8250.822644261913,-22361.276509643343,-7823.079515847243,-22516.122629643138,-8678.565772676582,-22206.43038964355,66.46513256817879,79719.0,2,2
405,N,718267,717750,-9032.628452755862,-21836.514029643353,-8678.565772676582,-22206.43038964355,-9386.691132835142,-21466.59766964316,65.55280575547604,76458.0,2,2
405,N,717750,717752,-9529.30291425046,-21222.806869643297,-9386.691132835142,-21466.59766964316,-9671.914695665777,-20979.01606964343,65.48829683388507,76853.0,2,2
405,N,717752,717755,-9928.136379895517,-20661.36444964337,-9671.914695665777,-20979.01606964343,-10184.35806412526,-20343.712829643315,63.65319231156661,77991.5,10,10
405,N,717755,717758,-10598.36103383906,-19985.373749643157,-10184.35806412526,-20343.712829643315,-11012.364003552862,-19627.034669643,59.75566617443596,76585.0,15,15
405,N,717758,717760,-11103.611567542872,-19548.164449643198,-11012.364003552862,-19627.034669643,-11194.859131532881,-19469.294229643394,58.21143701057744,83731.5,15,15
405,N,717760,717763,-11556.852373010246,-18967.185369643557,-11194.859131532881,-19469.294229643394,-11918.845614487613,-18465.076509643724,54.99443360666453,90358.5,15,15
405,N,717763,717765,-11918.753398656983,-18303.773829643622,-11918.845614487613,-18465.076509643724,-11918.661182826354,-18142.47114964352,52.82521934021717,92903.5,15,15
405,N,717765,716689,-11918.153995760185,-17973.042109643367,-11918.661182826354,-18142.47114964352,-11917.646808694017,-17803.613069643216,56.94064162979536,100906.0,15,15
405,N,716689,717769,-11914.511470467034,-17339.686969643477,-11917.646808694017,-17803.613069643216,-11911.376132240051,-16875.76086964374,62.74050807281164,90448.5,15,15
405,N,717769,761455,-11879.838318309627,-16671.154709643415,-11911.376132240051,-16875.76086964374,-11848.300504379204,-16466.548549643092,65.7226048334171,71228.5,15,15
405,N,761455,716694,-11818.422575392244,-16306.414729643202,-11848.300504379204,-16466.548549643092,-11788.544646405286,-16146.280909643314,67.29720612317325,78185.0,15,15
405,N,716694,759427,-11757.237372049796,-15532.35110964342,-11788.544646405286,-16146.280909643314,-11725.930097694309,-14918.421309643525,66.45101908848332,75730.5,15,15
405,N,759427,761482,-11761.340976493473,-13862.495449643497,-11725.930097694309,-14918.421309643525,-11796.751855292638,-12806.569589643468,65.79529874105211,80435.5,10,15
405,N,761482,761492,-11799.24168270849,-12790.428189643486,-11796.751855292638,-12806.569589643468,-11801.731510124344,-12774.286789643504,65.55932577071204,94061.0,10,10
405,N,761492,717776,-11814.411186777888,-12240.173429643397,-11801.731510124344,-12774.286789643504,-11827.090863431433,-11706.060069643288,64.13865888147505,77723.0,10,10
405,N,717776,717777,-11842.81366248133,-11618.84084964321,-11827.090863431433,-11706.060069643288,-11858.536461531228,-11531.621629643128,56.198178129363335,88804.5,10,10
405,N,717777,764583,-11887.584448046455,-11422.416709643188,-11858.536461531228,-11531.621629643128,-11916.63243456168,-11313.21178964325,50.80329618782817,97998.0,10,10
405,N,764583,717779,-12250.038768675,-10949.195389643188,-11916.63243456168,-11313.21178964325,-12583.445102788319,-10585.178989643127,55.56195205362166,82545.5,44,10
405,N,717779,771969,-13163.25213521424,-10227.396509643146,-12583.445102788319,-10585.178989643127,-13743.05916764016,-9869.614029643166,59.04659832691601,85157.0,44,15
405,N,771969,718291,-13915.456662211807,-9694.674649643086,-13743.05916764016,-9869.614029643166,-14087.854156783455,-9519.735269643004,58.504067824203986,94081.0,44,44
405,N,718291,769496,-14350.715380788366,-9118.315349643253,-14087.854156783455,-9519.735269643004,-14613.57660479328,-8716.8954296435,51.351059796272814,91047.0,44,44
405,N,769496,718292,-14680.479189608537,-8614.870649643624,-14613.57660479328,-8716.8954296435,-14747.381774423793,-8512.84586964375,51.014397101643745,78230.0,44,44
405,N,718292,768643,-15056.16648187178,-8044.244329643555,-14747.381774423793,-8512.84586964375,-15364.951189319769,-7575.64278964336,53.53347856157464,87483.0,44,44
405,N,768643,717787,-15589.358412128508,-7233.500769643439,-15364.951189319769,-7575.64278964336,-15813.765634937246,-6891.358749643518,50.387178385424335,99566.5,44,44
405,N,717787,717790,-16012.859612353885,-6585.78534964342,-15813.765634937246,-6891.358749643518,-16211.953589770523,-6280.2119496433215,50.3556936746599,94911.0,44,44
405,N,717790,772437,-16339.90305418261,-6086.515149643536,-16211.953589770523,-6280.2119496433215,-16467.8525185947,-5892.81834964375,48.35617993511045,99315.0,31,44
405,N,772437,716714,-16652.975797734878,-5608.67404964373,-16467.8525185947,-5892.81834964375,-16838.09907687506,-5324.52974964371,43.65740697776161,109675.0,31,31
405,N,716714,772455,-16847.04401240548,-5311.060029643706,-16838.09907687506,-5324.52974964371,-16855.9889479359,-5297.590309643701,44.536465410898586,101400.5,31,31
405,N,772455,718500,-17130.46936654638,-4878.915789643614,-16855.9889479359,-5297.590309643701,-17404.949785156856,-4460.241269643525,51.883690273394386,70419.5,31,31
405,N,718500,768969,-17555.492127969603,-4230.699429643277,-17404.949785156856,-4460.241269643525,-17706.03447078235,-4001.1575896430286,54.8660083066281,56559.5,31,31
405,N,768969,717794,-17986.693350017475,-3591.9452696431754,-17706.03447078235,-4001.1575896430286,-18267.3522292526,-3182.7329496433226,53.24717235518159,73723.5,31,31
405,N,717794,716720,-18420.93769446235,-2955.4731696432455,-18267.3522292526,-3182.7329496433226,-18574.523159672106,-2728.213389643168,50.32634200468964,96993.0,31,31
405,N,716720,717797,-18799.529785376988,-2412.287229643105,-18574.523159672106,-2728.213389643168,-19024.53641108187,-2096.3610696430424,44.75427312919791,105116.5,31,31
405,N,717797,775155,-19130.215752498865,-1836.4845296430528,-19024.53641108187,-2096.3610696430424,-19235.89509391586,-1576.6079896430633,42.529534420797646,117821.5,31,31
405,N,775155,717798,-19349.13613340973,-1392.1507496432837,-19235.89509391586,-1576.6079896430633,-19462.3771729036,-1207.693509643504,34.750233586524665,110595.0,31,31
405,N,717798,775261,-19707.625173338907,-848.4638696436175,-19462.3771729036,-1207.693509643504,-19952.873173774213,-489.2342296437309,33.79746529527672,87100.5,31,31
405,N,775261,717799,-20089.306494565542,-299.5449496437142,-19952.873173774213,-489.2342296437309,-20225.73981535687,-109.85566964369752,47.63494949091283,92687.5,31,31
405,N,717799,717800,-20489.799845154062,255.9418503566127,-20225.73981535687,-109.85566964369752,-20753.859874951257,621.7393703569229,54.7689171422804,91983.5,31,31
405,N,717800,717801,-20955.351463953775,931.1533103568167,-20753.859874951257,621.7393703569229,-21156.84305295629,1240.5672503567107,53.78439666817039,90308.5,31,31
405,N,717801,775137,-21369.677189073795,1804.1247503568309,-21156.84305295629,1240.5672503567107,-21582.511325191303,2367.682250356951,50.8191831851268,101964.0,31,31
405,N,775137,717804,-21647.754025062437,2800.104790356736,-21582.511325191303,2367.682250356951,-21712.996724933575,3232.5273303565214,53.99461123770522,106342.5,53,53
405,N,717804,775183,-21746.286639638092,3630.6076503564004,-21712.996724933575,3232.5273303565214,-21779.576554342613,4028.6879703562795,57.20524785418045,106209.5,53,53
405,N,775183,716733,-21975.166330211716,4445.859670356603,-21779.576554342613,4028.6879703562795,-22170.75610608082,4863.031370356925,56.90004259687727,111256.0,53,53
405,N,716733,775120,-22159.92074603134,5325.565970356618,-22170.75610608082,4863.031370356925,-22149.085385981867,5788.100570356311,58.32452733005681,104688.0,53,53
405,N,775120,717806,-21923.479357380842,6141.7642103564085,-22149.085385981867,5788.100570356311,-21697.873328779817,6495.4278503565065,59.453657181208925,98124.0,53,53
405,N,717806,716738,-21510.306330138774,6975.384030356508,-21697.873328779817,6495.4278503565065,-21322.73933149773,7455.340210356511,61.68038390877334,112472.0,53,53
405,N,716738,716739,-21276.35476890413,7911.251270356713,-21322.73933149773,7455.340210356511,-21229.970206310525,8367.162330356914,63.13017286343553,116911.0,53,53
405,N,716739,775225,-21192.991658397215,8590.52591035694,-21229.970206310525,8367.162330356914,-21156.013110483906,8813.889490356969,61.01204422654814,105929.5,53,53
405,N,775225,767812,-21064.44279108833,10051.65657035666,-21156.013110483906,8813.889490356969,-20972.872471692754,11289.423650356348,60.40619753935496,86199.5,53,53
405,N,767812,717818,-20930.038218561673,11546.684170356613,-20972.872471692754,11289.423650356348,-20887.20396543059,11803.94469035688,61.84406381444642,68508.0,53,53
405,N,717818,767351,-21020.6402717399,12232.30405035664,-20887.20396543059,11803.94469035688,-21154.076578049207,12660.663410356403,61.73309471977933,66372.5,53,49
405,N,767351,717819,-21320.618367403084,13087.297310356566,-21154.076578049207,12660.663410356403,-21487.16015675696,13513.931210356728,62.1748394646534,65418.5,53,49
405,N,717819,717823,-21448.33729223958,14312.707870356604,-21487.16015675696,13513.931210356728,-21409.5144277222,15111.484530356482,61.76768199902422,67872.0,53,48
405,N,717823,767367,-21404.94974412734,15708.827650356727,-21409.5144277222,15111.484530356482,-21400.385060532488,16306.170770356972,57.84964073351069,73387.0,53,48
405,N,767367,717825,-21398.033556862254,16846.295410356932,-21400.385060532488,16306.170770356972,-21395.682053192017,17386.42005035689,57.522312303200614,74609.5,26,48
405,N,717825,717827,-21388.765865926267,18187.25613035671,-21395.682053192017,17386.42005035689,-21381.849678660517,18988.092210356528,51.64583227336101,72259.0,26,48
405,N,717827,771808,-21349.620246003324,19650.501870356624,-21381.849678660517,18988.092210356528,-21317.390813346126,20312.91153035672,52.19588896668088,78832.5,26,12
405,N,771808,771767,-21308.63030947631,20717.392750356652,-21317.390813346126,20312.91153035672,-21299.869805606493,21121.873970356584,62.875740360630154,86027.0,26,12
405,N,771767,772011,-21155.137060097186,22525.006910356795,-21299.869805606493,21121.873970356584,-21010.404314587875,23928.13985035701,65.12163930924274,65549.0,26,12
405,N,772011,772024,-20950.049053717157,24247.01599035674,-21010.404314587875,23928.13985035701,-20889.693792846443,24565.892130356475,64.74282926637042,48410.0,26,12
405,S,771825,717697,13207.84715280385,-30891.728109643118,13498.511449616062,-31153.218789642986,12917.182855991638,-30630.23742964325,67.04915502262189,71354.0,38,38
405,S,717697,717699,12738.284145389782,-30469.046069643264,12917.182855991638,-30630.23742964325,12559.385434787924,-30307.854709643274,66.22904875233334,78064.0,38,38
405,S,717699,718221,12200.619747368171,-29986.585189643254,12559.385434787924,-30307.854709643274,11841.854059948417,-29665.315669643234,66.4235377197706,80070.5,38,38
405,S,718221,718223,11327.33583530862,-29536.128809643124,11841.854059948417,-29665.315669643234,10812.817610668824,-29406.941949643013,65.49400403778951,72778.0,38,38
405,S,718223,718226,10604.040971080663,-29405.828749643057,10812.817610668824,-29406.941949643013,10395.2643314925,-29404.715549643097,64.33447425214541,71011.0,38,38
405,S,718226,716626,10162.327144389536,-29401.70990964317,10395.2643314925,-29404.715549643097,9929.389957286568,-29398.704269643244,66.89658071854498,81156.0,38,38
405,S,716626,718229,9747.770879694577,-29376.941209643217,9929.389957286568,-29398.704269643244,9566.151802102588,-29355.17814964319,66.90285966096228,79700.0,38,38
405,S,718229,718232,9285.539030782451,-29203.72728964313,9566.151802102588,-29355.17814964319,9004.926259462314,-29052.27642964307,66.15771625100238,73731.0,38,38
405,S,718232,717710,8648.834831118362,-28989.992889643312,9004.926259462314,-29052.27642964307,8292.743402774411,-28927.709349643555,65.30173290066563,79608.5,38,38
405,S,717710,771846,8006.966544963276,-28808.596949643317,8292.743402774411,-28927.709349643555,7721.189687152139,-28689.484549643083,66.31711377266834,86833.5,14,14
405,S,771846,718235,7548.838300495479,-28572.654209643413,7721.189687152139,-28689.484549643083,7376.4869138388185,-28455.82386964374,67.87870416540076,81572.0,14,14
405,S,718235,718238,7127.135308959184,-28351.183069643746,7376.4869138388185,-28455.82386964374,6877.783704079549,-28246.542269643753,67.07424712624052,82326.5,14,14
405,S,718238,718240,6432.3351362652975,-28183.089869643387,6877.783704079549,-28246.542269643753,5986.8865684510465,-28119.63746964302,66.93370616901046,87283.0,14,14
405,S,718240,718243,5632.086161730008,-28085.46222964309,5986.8865684510465,-28119.63746964302,5277.285755008969,-28051.28698964316,67.77952292072229,101485.0,14,14
405,S,718243,718242,5163.998607599455,-28001.693929643392,5277.285755008969,-28051.28698964316,5050.711460189941,-27952.10086964363,68.97208839260617,98195.0,14,14
405,S,718242,718245,4871.397778352545,-27822.747029643542,5050.711460189941,-27952.10086964363,4692.084096515149,-27693.39318964346,68.61950035532857,81159.5,14,14
405,S,718245,771864,4459.930743969584,-27510.82838964325,4692.084096515149,-27693.39318964346,4227.777391424018,-27328.263589643044,68.07276713452632,90055.5,14,14
405,S,771864,717724,3920.514245174534,-27137.572429643184,4227.777391424018,-27328.263589643044,3613.25109892505,-26946.881269643323,67.3352111501211,81472.0,14,43
405,S,717724,771879,3304.4663914770617,-26854.70830964349,3613.25109892505,-26946.881269643323,2995.6816840290735,-26762.53534964366,65.89276490170747,65760.0,14,43
405,S,771879,718247,2676.015508616622,-26821.08966964334,2995.6816840290735,-26762.53534964366,2356.3493332041703,-26879.64398964302,65.00530535097522,66762.5,14,43
405,S,718247,771897,2047.011330775027,-26889.77410964315,2356.3493332041703,-26879.64398964302,1737.6733283458839,-26899.90422964328,67.99687091368298,80367.5,14,14
405,S,771897,718249,1598.3352089031644,-26895.50708964331,1737.6733283458839,-26899.90422964328,1458.9970894604448,-26891.109949643338,69.05875203764646,93099.0,14,14
405,S,718249,771914,1093.176891029982,-26864.727109643507,1458.9970894604448,-26891.109949643338,727.3566925995192,-26838.344269643676,63.25690960305557,127942.0,14,14
405,S,771914,717731,410.50310000848526,-26835.338629643353,727.3566925995192,-26838.344269643676,93.64950741745137,-26832.332989643033,60.58318328841669,122088.5,14,39
405,S,717731,771925,-352.2140316329939,-26808.065229643,93.64950741745137,-26832.332989643033,-798.0775706834391,-26783.79746964297,63.80886081778817,89336.5,14,39
405,S,771925,718253,-1053.1926649508703,-26524.533189643014,-798.0775706834391,-26783.79746964297,-1308.3077592183013,-26265.268909643062,65.31041279626962,85225.0,14,39
405,S,718253,771938,-1514.8251109668552,-26010.346109643222,-1308.3077592183013,-26265.268909643062,-1721.342462715409,-25755.42330964338,63.998276120052324,77552.0,4,4
405,S,771938,774327,-1872.1153451037467,-25568.68400964343,-1721.342462715409,-25755.42330964338,-2022.8882274920843,-25381.94470964348,64.34600414360571,82245.0,4,4
405,S,774327,718256,-2083.2895962777866,-25307.24898964342,-2022.8882274920843,-25381.94470964348,-2143.690965063489,-25232.553269643362,66.22742749944418,79307.5,4,4
405,S,718256,766493,-2403.278527095803,-24925.97798964342,-2143.690965063489,-25232.553269643362,-2662.8660891281165,-24619.40270964348,65.4035434823692,75972.5,4,4
405,S,766493,716660,-2798.7461149382893,-24494.33468964325,-2662.8660891281165,-24619.40270964348,-2934.626140748462,-24369.26666964302,65.35695268760261,84614.5,4,4
405,S,716660,718258,-3254.707287396452,-24100.762829643063,-2934.626140748462,-24369.26666964302,-3574.788434044442,-23832.2589896431,67.00859336367287,88892.5,4,4
405,S,718258,769248,-3945.3116398160328,-23518.61488964321,-3574.788434044442,-23832.2589896431,-4315.834845587624,-23204.970789643317,62.26413029776035,67563.0,4,4
405,S,769248,769195,-4410.125531973987,-23160.554109643534,-4315.834845587624,-23204.970789643317,-4504.41621836035,-23116.137429643753,47.83620015851036,64275.0,4,4
405,S,769195,761526,-4902.511957363651,-23084.02160964337,-4504.41621836035,-23116.137429643753,-5300.607696366951,-23051.905789642984,51.93747089471085,71584.0,4,4
405,S,761526,718262,-5872.53027531043,-23037.267209643163,-5300.607696366951,-23051.905789642984,-6444.452854253907,-23022.62862964334,61.65460623749034,66451.0,4,4
405,S,718262,717746,-6781.225066169143,-22910.696369643167,-6444.452854253907,-23022.62862964334,-7117.99727808438,-22798.764109642994,55.40004361327412,70996.5,4,4
405,S,717746,718265,-7535.642773091987,-22647.925509643366,-7117.99727808438,-22798.764109642994,-7953.288268099594,-22497.08690964374,55.58197331388589,72412.0,4,4
405,S,718265,716674,-8323.62704221058,-22362.33404964344,-7953.288268099594,-22497.08690964374,-8693.96581632157,-22227.581189643144,60.021870248543486,76744.0,2,2
405,S,716674,764604,-8972.180976055828,-21985.348869643298,-8693.96581632157,-22227.581189643144,-9250.396135790084,-21743.11654964345,62.67652500542912,76029.5,2,2
405,S,764604,717751,-9328.18018856915,-21611.035369643527,-9250.396135790084,-21743.11654964345,-9405.964241348214,-21478.954189643606,63.336876677128146,66927.5,2,2
405,S,717751,717753,-9549.175425659674,-21236.49922964353,-9405.964241348214,-21478.954189643606,-9692.386609971134,-20994.04426964345,64.72290200156894,65016.5,2,2
405,S,717753,718275,-10020.398318017209,-20613.88646964341,-9692.386609971134,-20994.04426964345,-10348.410026063284,-20233.728669643366,64.92997241570984,69900.5,10,10
405,S,718275,718479,-10688.548115781748,-19939.454249643215,-10348.410026063284,-20233.728669643366,-11028.686205500213,-19645.179829643064,62.767397538554334,74807.5,15,15
405,S,718479,718277,-11089.686977182057,-19592.525469643122,-11028.686205500213,-19645.179829643064,-11150.6877488639,-19539.871109643176,62.29888931547214,75528.0,15,15
405,S,718277,718280,-11545.555933809588,-19006.42566964336,-11150.6877488639,-19539.871109643176,-11940.424118755278,-18472.98022964354,58.08144126001253,76060.0,15,15
405,S,718280,717766,-11939.91693168911,-18139.57682964331,-11940.424118755278,-18472.98022964354,-11939.409744622943,-17806.17342964308,49.59003582970929,90362.0,15,15
405,S,717766,759422,-11937.012133037719,-17365.012269643208,-11939.409744622943,-17806.17342964308,-11934.614521452497,-16923.85110964334,52.45874639243819,92475.5,15,15
405,S,759422,761541,-11914.603686297665,-16762.214469643288,-11934.614521452497,-16923.85110964334,-11894.592851142832,-16600.57782964324,56.92076141969662,77162.0,15,15
405,S,761541,761552,-11851.850813841726,-16371.48126964345,-11894.592851142832,-16600.57782964324,-11809.10877654062,-16142.384709643658,59.255227074780734,70832.0,15,15
405,S,761552,764598,-11781.30570373332,-15761.948609643527,-11809.10877654062,-16142.384709643658,-11753.50263092602,-15381.512509643395,66.24477596141254,71475.5,15,15
405,S,764598,764590,-11754.10203382216,-15292.679149643436,-11753.50263092602,-15381.512509643395,-11754.701436718304,-15203.845789643477,67.39923262300832,74885.0,15,15
405,S,764590,767827,-11753.318199265415,-15062.525049643547,-11754.701436718304,-15203.845789643477,-11751.934961812527,-14921.204309643617,61.471932685977535,68989.5,15,15
405,S,767827,718284,-11752.857120114888,-14408.408729643474,-11751.934961812527,-14921.204309643617,-11753.77927841725,-13895.61314964333,58.48854744399512,62073.0,10,15
405,S,718284,765153,-11755.485271275702,-13572.506849643203,-11753.77927841725,-13895.61314964333,-11757.191264134155,-13249.400549643076,59.650343811705774,78042.0,10,15
405,S,765153,764572,-11818.745330797155,-12394.017669643345,-11757.191264134155,-13249.400549643076,-11880.299397460154,-11538.634789643615,58.99366770973961,95151.0,10,10
405,S,764572,764578,-11909.393491890369,-11430.431749643518,-11880.299397460154,-11538.634789643615,-11938.487586320582,-11322.228709643423,50.530424780014215,90688.0,10,10
405,S,764578,718287,-12267.744208074582,-10962.832089643562,-11938.487586320582,-11322.228709643423,-12597.000829828583,-10603.435469643702,46.516052796866575,79983.0,44,15
405,S,718287,771954,-13039.82124648202,-10325.246789643676,-12597.000829828583,-10603.435469643702,-13482.641663135457,-10047.058109643647,46.54973788761582,82055.5,44,15
405,S,771954,718290,-13795.299435452187,-9790.632489643645,-13482.641663135457,-10047.058109643647,-14107.957207768917,-9534.206869643644,43.20635967342936,124512.0,44,44
405,S,718290,764567,-14293.403242315315,-9250.67482964366,-14107.957207768917,-9534.206869643644,-14478.849276861712,-8967.142789643676,38.59014079432599,147322.0,44,44
405,S,764567,764671,-14620.077820823488,-8751.237649643406,-14478.849276861712,-8967.142789643676,-14761.306364785265,-8535.332509643136,31.79059614895025,114269.5,44,44
405,S,764671,761500,-15066.402439025114,-8070.126229643069,-14761.306364785265,-8535.332509643136,-15371.498513264965,-7604.919949643002,26.260512903471437,94314.5,44,44
405,S,761500,717788,-15597.703944762132,-7261.386429643036,-15371.498513264965,-7604.919949643002,-15823.909376259297,-6917.852909643069,23.157396513747695,94456.0,44,44
405,S,717788,718296,-16021.297360817483,-6613.3927096433235,-15823.909376259297,-6917.852909643069,-16218.685345375668,-6308.932509643579,27.462718576433833,92945.5,44,44
405,S,718296,772438,-16352.21386751495,-6106.942369643375,-16218.685345375668,-6308.932509643579,-16485.74238965423,-5904.952229643171,32.82266302814417,100751.0,31,44
405,S,772438,772527,-16671.78782709677,-5620.863589643406,-16485.74238965423,-5904.952229643171,-16857.833264539313,-5336.774949643642,34.91953804133131,106894.5,31,31
405,S,772527,772454,-16866.685984239102,-5323.2495696433825,-16857.833264539313,-5336.774949643642,-16875.53870393889,-5309.724189643123,36.24217003300689,104978.0,31,31
405,S,772454,718297,-17150.20355421063,-4890.381749643139,-16875.53870393889,-5309.724189643123,-17424.868404482368,-4471.039309643155,40.718778867820795,91553.5,31,31
405,S,718297,768968,-17576.37901351181,-4241.664449643276,-17424.868404482368,-4471.039309643155,-17727.88962254125,-4012.2895896433984,45.18249869442608,73746.5,31,31
405,S,768968,775165,-17874.651116315887,-3855.82932964333,-17727.88962254125,-4012.2895896433984,-18021.41261009052,-3699.3690696432614,54.28041188644019,65739.0,31,31
405,S,775165,717795,-18155.356103465994,-3446.0604096433,-18021.41261009052,-3699.3690696432614,-18289.299596841473,-3192.751749643339,51.58333844506683,84997.0,31,31
405,S,717795,716719,-18441.501824597683,-2964.5457496432773,-18289.299596841473,-3192.751749643339,-18593.704052353896,-2736.339749643216,40.880223175766446,107974.5,31,31
405,S,716719,718300,-18749.179942083363,-2519.7666896434457,-18593.704052353896,-2736.339749643216,-18904.65583181283,-2303.1936296436756,43.52811586346162,100880.0,31,31
405,S,718300,718302,-19078.897642988544,-1952.7582696433376,-18904.65583181283,-2303.1936296436756,-19253.139454164262,-1602.3229096429995,48.42316617545062,94332.0,31,31
405,S,718302,775156,-19255.675389495103,-1594.6974896432685,-19253.139454164262,-1602.3229096429995,-19258.21132482594,-1587.0720696435374,53.45280620125144,100469.5,31,31
405,S,775156,718304,-19412.073437526273,-1342.7803296433533,-19258.21132482594,-1587.0720696435374,-19565.935550226604,-1098.4885896431692,62.647520926445054,94745.0,31,31
405,S,718304,718308,-19769.22534791755,-798.5368496431149,-19565.935550226604,-1098.4885896431692,-19972.515145608493,-498.5851096430605,65.10855305397521,87920.5,31,31
405,S,718308,775249,-20108.856250569188,-308.95148964329877,-19972.515145608493,-498.5851096430605,-20245.197355529886,-119.31786964353705,49.36608125108635,87201.0,31,31
405,S,775249,775239,-20482.468686652777,205.95917035664615,-20245.197355529886,-119.31786964353705,-20719.740017775664,531.2362103568294,41.616818216476446,85071.5,31,31
405,S,775239,718310,-20781.709055674204,625.969530356921,-20719.740017775664,531.2362103568294,-20843.67809357274,720.7028503570126,48.465801616121055,85957.0,31,31
405,S,718310,775136,-21225.221091053754,1554.8792703568938,-20843.67809357274,720.7028503570126,-21606.764088534772,2389.055690356775,52.270579558709315,88625.5,31,31
405,S,775136,718312,-21674.911587057955,2823.2593503568087,-21606.764088534772,2389.055690356775,-21743.05908558114,3257.463010356843,52.67964323112715,93677.5,53,53
405,S,718312,775184,-21771.5998850302,3638.9566503566775,-21743.05908558114,3257.463010356843,-21800.140684479255,4020.450290356512,54.165146171193285,94308.0,53,53
405,S,775184,718314,-21995.315489112163,4438.623870356679,-21800.140684479255,4020.450290356512,-22190.49029374507,4856.797450356845,53.03110190486448,94458.5,53,53
405,S,718314,775121,-22178.64055956326,5332.356490356875,-22190.49029374507,4856.797450356845,-22166.79082538145,5807.915530356906,50.18621357418543,90352.0,53,53
405,S,775121,718315,-22107.12718323816,5911.777090356889,-22166.79082538145,5807.915530356906,-22047.463541094872,6015.638650356873,49.00543890119546,92957.5,53,53
405,S,718315,717807,-21695.614040940214,6746.454450356692,-22047.463541094872,6015.638650356873,-21343.764540785553,7477.270250356512,50.30318229084338,100772.0,53,53
405,S,717807,764754,-21299.224294795364,7928.89549035646,-21343.764540785553,7477.270250356512,-21254.684048805175,8380.520730356408,52.55184543514376,106944.5,53,53
405,S,764754,717809,-21216.27615552399,8601.101310356342,-21254.684048805175,8380.520730356408,-21177.868262242802,8821.681890356278,54.6929192039043,103457.0,53,53
405,S,717809,717816,-21076.79971233631,9338.206690356497,-21177.868262242802,8821.681890356278,-20975.731162429816,9854.731490356717,59.24764100862787,102123.0,53,53
405,S,717816,765171,-20986.013227497482,10574.13699035687,-20975.731162429816,9854.731490356717,-20996.295292565144,11293.542490357022,60.91892841930658,93193.0,53,53
405,S,765171,767053,-20971.166478834304,11352.653410356881,-20996.295292565144,11293.542490357022,-20946.03766510346,11411.764330356738,63.770643819010374,76586.5,53,53
405,S,767053,767350,-21064.857762324522,12038.05065035668,-20946.03766510346,11411.764330356738,-21183.677859545587,12664.33697035662,65.1635541221242,72819.5,53,49
405,S,767350,765265,-21335.18846857568,12955.772730356819,-21183.677859545587,12664.33697035662,-21486.69907760578,13247.208490357018,60.48594986714643,71119.5,53,49
405,S,765265,765273,-21499.24043051371,13383.074550356876,-21486.69907760578,13247.208490357018,-21511.781783421637,13518.940610356736,61.214302118632986,70077.5,53,49
405,S,765273,717821,-21493.200293635335,14146.061830356546,-21511.781783421637,13518.940610356736,-21474.618803849033,14773.183050356356,65.99508020894528,67678.0,53,48
405,S,717821,737529,-21454.930724099766,14924.80089035639,-21474.618803849033,14773.183050356356,-21435.2426443505,15076.418730356425,67.1869285831881,68279.5,53,48
405,S,737529,767366,-21428.09591750916,15680.997650356594,-21435.2426443505,15076.418730356425,-21420.94919066782,16285.576570356763,67.89141251232286,78510.0,53,48
405,S,767366,717824,-21418.920442403803,16672.524890356668,-21420.94919066782,16285.576570356763,-21416.891694139784,17059.473210356573,68.0336088361799,77882.5,26,48
405,S,717824,717826,-21411.91203930808,17849.455590356505,-21416.891694139784,17059.473210356573,-21406.932384476375,18639.437970356437,68.13844929269308,70135.5,26,48
405,S,717826,768626,-21405.54914702349,18808.755690356476,-21406.932384476375,18639.437970356437,-21404.1659095706,18978.073410356512,67.89786408172972,72247.0,26,48
405,S,768626,771807,-21372.674203555165,19644.82455035672,-21404.1659095706,18978.073410356512,-21341.182497539725,20311.575690356927,66.56984151429975,82198.0,26,12
405,S,771807,717828,-21337.539972246574,20633.234830356752,-21341.182497539725,20311.575690356927,-21333.897446953426,20954.893970356577,67.09843973325027,86433.5,26,12
405,S,717828,717829,-21334.174094444003,21043.39337035659,-21333.897446953426,20954.893970356577,-21334.450741934583,21131.8927703566,68.29037171735061,78712.5,26,12
405,S,717829,771997,-21250.903199767065,22254.666290356727,-21334.450741934583,21131.8927703566,-21167.355657599546,23377.439810356856,66.1682389701331,59084.0,26,12
405,S,771997,771981,-21125.259131110222,23531.673670356613,-21167.355657599546,23377.439810356856,-21083.162604620902,23685.90753035637,62.71868757355583,45410.0,26,12
405,S,771981,772025,-20996.479724226403,24122.949850356355,-21083.162604620902,23685.90753035637,-20909.796843831908,24559.99217035634,60.43781993502107,58508.0,26,12
605,N,717831,773712,14733.004768595576,-28511.817829643558,14732.543689444396,-28632.266069643585,14733.465847746758,-28391.36958964353,61.9611257253903,53254.0,38,38
605,N,773712,761844,14734.434113964106,-27867.108049643466,14733.465847746758,-28391.36958964353,14735.402380181453,-27342.8465096434,62.48240889261096,59464.5,38,38
605,N,761844,773723,14679.012400009455,-26968.421689643517,14735.402380181453,-27342.8465096434,14622.622419837455,-26593.99686964363,66.69931240133582,60182.0,38,38
605,N,773723,717836,14578.49714508346,-26455.681769643626,14622.622419837455,-26593.99686964363,14534.371870329465,-26317.366669643623,67.2566834722964,51206.5,38,38
605,N,717836,717839,14481.439983790668,-26190.79582964363,14534.371870329465,-26317.366669643623,14428.508097251868,-26064.224989643637,66.89596755325934,54751.0,38,38
605,N,717839,716760,14277.0897040524,-25751.36012964336,14428.508097251868,-26064.224989643637,14125.671310852933,-25438.49526964308,65.20930266248885,68200.5,21,38
605,N,716760,717143,13949.077996006981,-25066.742129643175,14125.671310852933,-25438.49526964308,13772.484681161028,-24694.98898964327,64.93321244101537,69262.5,21,21
605,N,717143,717844,13724.67077319824,-24592.964209643393,13772.484681161028,-24694.98898964327,13676.856865235453,-24490.939429643517,65.06211540715606,66098.5,21,21
605,N,717844,773736,13595.33807133261,-24205.292309643337,13676.856865235453,-24490.939429643517,13513.819277429766,-23919.645189643157,63.08455754808138,72070.5,21,21
605,N,773736,717850,13455.262225248787,-23619.13684964332,13513.819277429766,-23919.645189643157,13396.705173067809,-23318.628509643484,63.58888322041928,66756.5,21,21
605,N,717850,717851,13374.803913393265,-23208.0320896435,13396.705173067809,-23318.628509643484,13352.902653718724,-23097.435669643513,65.14915133690874,61983.0,21,21
605,N,717851,717854,13243.119707857399,-22718.279749643312,13352.902653718724,-23097.435669643513,13133.336761996074,-22339.123829643115,65.3195128678532,73722.0,21,21
605,N,717854,767233,13019.63464335102,-21960.02356964317,13133.336761996074,-22339.123829643115,12905.932524705968,-21580.923309643225,66.10375860599697,67444.0,21,21
605,N,767233,773743,12834.695795871445,-21349.32204964343,12905.932524705968,-21580.923309643225,12763.459067036922,-21117.720789643634,65.88887458281526,61041.5,21,21
605,N,773743,773749,12742.433857749755,-21039.74112964356,12763.459067036922,-21117.720789643634,12721.408648462586,-20961.76146964349,65.38170336203478,68992.5,21,21
605,N,773749,717857,12686.136093408382,-20779.586289643485,12721.408648462586,-20961.76146964349,12650.863538354179,-20597.41110964348,65.93953431751548,84110.0,21,18
605,N,717857,717858,12633.204206869585,-20323.285609643477,12650.863538354179,-20597.41110964348,12615.544875384989,-20049.16010964347,67.12896234628658,93971.0,21,18
605,N,717858,717863,12610.242465147718,-19927.431689643512,12615.544875384989,-20049.16010964347,12604.940054910447,-19805.703269643553,66.6621359183707,88620.0,21,18
605,N,717863,716784,12591.430435785169,-19504.081729643363,12604.940054910447,-19805.703269643553,12577.920816659893,-19202.460189643174,66.66044316132933,87546.0,18,18
605,N,716784,766851,12557.402794438894,-18751.057589643453,12577.920816659893,-19202.460189643174,12536.884772217894,-18299.654989643735,66.99515467218131,76586.5,18,18
605,N,766851,716788,12536.147045576135,-18235.200709643526,12536.884772217894,-18299.654989643735,12535.409318934377,-18170.746429643317,66.7878070629051,72155.5,18,18
605,N,716788,717864,12544.907549445952,-17848.530689643314,12535.409318934377,-18170.746429643317,12554.405779957528,-17526.31494964331,64.92538457589352,76856.5,18,18
605,N,717864,761675,12570.03636317745,-17147.88260964326,12554.405779957528,-17526.31494964331,12585.666946397374,-16769.450269643214,64.096389653081,64562.0,18,18
605,N,761675,718466,12597.977759729712,-16447.90244964311,12585.666946397374,-16769.450269643214,12610.288573062051,-16126.354629643,62.823687825197176,55812.5,18,11
605,N,718466,717875,12643.39405610662,-15888.352469643152,12610.288573062051,-16126.354629643,12676.49953915119,-15650.350309643303,58.441373006670005,73838.0,28,11
605,N,717875,769513,12900.076819488197,-15053.61944964349,12676.49953915119,-15650.350309643303,13123.654099825204,-14456.888589643675,50.69733216469948,77884.0,28,28
605,N,769513,717879,13268.01798201396,-14125.433289643666,13123.654099825204,-14456.888589643675,13412.381864202718,-13793.977989643658,51.15092950074079,67837.0,28,28
605,N,717879,717881,13632.501050906523,-13323.650989643469,13412.381864202718,-13793.977989643658,13852.620237610328,-12853.32398964328,60.8075470483121,81810.5,28,28
605,N,717881,716800,14029.305768286911,-12475.281269643434,13852.620237610328,-12853.32398964328,14205.991298963494,-12097.238549643587,64.94196344578876,86354.5,28,28
605,N,716800,717888,14363.2192894664,-11636.373749643633,14205.991298963494,-12097.238549643587,14520.447279969305,-11175.508949643678,65.64463431338535,77904.5,28,28
605,N,717888,717893,14671.127946527013,-10816.33496964365,14520.447279969305,-11175.508949643678,14821.80861308472,-10457.160989643624,64.62932116592229,67554.5,28,28
605,N,717893,717897,14972.120416321877,-10094.257789643521,14821.80861308472,-10457.160989643624,15122.432219559034,-9731.354589643417,65.0409051842757,65632.5,28,28
605,N,717897,717903,15365.374824239088,-9390.548409643288,15122.432219559034,-9731.354589643417,15608.317428919143,-9049.74222964316,64.13380281005304,77409.0,28,28
605,N,717903,717906,15718.65366976228,-8679.714549643246,15608.317428919143,-9049.74222964316,15828.989910605414,-8309.686869643334,63.796141233452204,77956.0,41,41
605,N,717906,717909,15854.764235148043,-8176.937769643515,15828.989910605414,-8309.686869643334,15880.538559690669,-8044.188669643695,66.01543976193803,73679.0,41,41
605,N,717909,717915,16058.976191141346,-7556.8853696436545,15880.538559690669,-8044.188669643695,16237.413822592023,-7069.582069643613,64.43213692470871,65872.0,41,41
605,N,717915,717922,16352.914149926157,-6954.198889643453,16237.413822592023,-7069.582069643613,16468.414477260292,-6838.815709643293,64.19663819327145,64147.5,41,41
605,N,717922,716819,16679.3120809431,-6618.680409643421,16468.414477260292,-6838.815709643293,16890.209684625905,-6398.545109643548,65.87018517754899,78986.5,41,41
605,N,716819,717926,17064.77425120784,-5983.655469643396,16890.209684625905,-6398.545109643548,17239.338817789776,-5568.765829643243,63.914717562958515,84252.5,41,41
605,N,717926,717929,17363.046354011916,-5461.453349643271,17239.338817789776,-5568.765829643243,17486.753890234057,-5354.1408696433,64.595898107217,80152.5,41,41
605,N,717929,717934,18081.545995068773,-4911.365569643156,17486.753890234057,-5354.1408696433,18676.338099903485,-4468.590269643011,67.52067569570684,71384.5,41,41
605,N,717934,717940,18796.771974153686,-4387.604969643012,18676.338099903485,-4468.590269643011,18917.205848403883,-4306.6196696430125,68.26270266259613,63425.5,41,41
605,N,717940,716829,19142.12025827879,-4150.437709643033,18917.205848403883,-4306.6196696430125,19367.034668153698,-3994.2557496430527,67.07791338438852,59847.0,41,41
605,N,716829,775689,20360.383591142894,-3215.405369643094,19367.034668153698,-3994.2557496430527,21353.73251413209,-2436.5549896431357,66.50979015477353,66950.5,41,41
605,N,775689,716834,21586.070298338258,-1944.57624964343,21353.73251413209,-2436.5549896431357,21818.408082544425,-1452.5975096437242,66.34392311489898,76088.5,17,17
605,N,716834,717945,21865.80701927102,-1351.630269643552,21818.408082544425,-1452.5975096437242,21913.20595599761,-1250.66302964338,63.17940459338541,70525.0,17,17
605,N,717945,763683,22052.451859609704,-880.0787496432906,21913.20595599761,-1250.66302964338,22191.697763221793,-509.49446964320117,61.30621847338394,55170.5,17,17
605,N,763683,776020,22237.1140595987,54.45265035672631,22191.697763221793,-509.49446964320117,22282.53035597561,618.3997703566538,61.84674019993513,59337.0,17,17
605,N,776020,717954,22358.470092151263,1036.2950503567317,22282.53035597561,618.3997703566538,22434.409828326912,1454.19033035681,64.81633050855928,68775.0,17,17
605,N,717954,773774,22496.47108205608,1742.2308303568802,22434.409828326912,1454.19033035681,22558.532335785247,2030.2713303569503,66.8917382871506,66009.0,17,17
605,N,773774,717956,22912.226152543975,2525.144390356863,22558.532335785247,2030.2713303569503,23265.919969302704,3020.0174503567755,66.50682009547859,62605.5,17,33
605,N,717956,773785,23415.171290492537,3240.9876503565174,23265.919969302704,3020.0174503567755,23564.42261168237,3461.9578503562598,66.68757462554609,57495.5,17,33
605,N,773785,767678,23708.417630550575,3924.3811303566295,23564.42261168237,3461.9578503562598,23852.412649418784,4386.804410356999,66.97320458756995,54158.0,33,33
605,N,767678,716841,24063.356361016577,4863.198350356899,23852.412649418784,4386.804410356999,24274.30007261437,5339.5922903568,67.8409681355824,48281.5,33,33
605,N,716841,717958,24383.714155155143,5456.979230356646,24274.30007261437,5339.5922903568,24493.128237695917,5574.366170356494,67.01314762955711,50875.5,33,33
605,N,717958,773795,24710.61927323891,5751.921570356693,24493.128237695917,5574.366170356494,24928.1103087819,5929.476970356892,64.77197841475525,54067.0,33,33
605,N,773795,773807,25197.1499934108,6231.265490356659,24928.1103087819,5929.476970356892,25466.189678039704,6533.054010356426,62.842393681500575,55669.0,33,33
605,S,717832,773711,14706.815472816754,-28536.19690964331,14705.616667023814,-28681.024229643084,14708.014278609691,-28391.36958964353,64.44898560701168,70735.5,38,38
605,S,773711,737504,14708.613681505834,-27868.165589643562,14708.014278609691,-28391.36958964353,14709.213084401978,-27344.961589643597,64.41233815850008,68866.0,38,38
605,S,737504,773724,14654.621312919713,-26972.76316964363,14709.213084401978,-27344.961589643597,14600.02954143745,-26600.564749643658,65.94595809972942,61444.0,38,38
605,S,773724,717833,14559.039604910438,-26470.431669643564,14600.02954143745,-26600.564749643658,14518.049668383426,-26340.298589643466,66.31098114565647,57837.0,38,38
605,S,717833,717838,14462.674062344417,-26206.603269643267,14518.049668383426,-26340.298589643466,14407.298456305405,-26072.907949643068,68.16917531231789,54868.5,38,38
605,S,717838,717842,14258.323782606149,-25759.263849643175,14407.298456305405,-26072.907949643068,14109.349108906894,-25445.619749643287,67.67631090772849,61661.0,21,38
605,S,717842,717843,13930.219858729446,-25074.868489643224,14109.349108906894,-25445.619749643287,13751.090608551998,-24704.117229643158,67.01456242734433,67469.5,21,21
605,S,717843,717846,13702.815621438685,-24601.92546964331,13751.090608551998,-24704.117229643158,13654.540634325373,-24499.73370964346,67.33732733142804,59959.5,21,21
605,S,717846,773737,13576.618257800692,-24212.361129643286,13654.540634325373,-24499.73370964346,13498.695881276011,-23924.988549643112,65.79448810180057,57956.0,21,21
605,S,773737,717847,13438.478944150913,-23624.59152964339,13498.695881276011,-23924.988549643112,13378.262007025813,-23324.19450964367,64.90188712307776,64341.5,21,21
605,S,717847,717853,13355.161941558985,-23205.583049643355,13378.262007025813,-23324.19450964367,13332.061876092159,-23086.97158964304,66.88647162855234,65241.0,21,21
605,S,717853,716775,13222.740009382014,-22715.997689643144,13332.061876092159,-23086.97158964304,13113.418142671871,-22345.023789643248,66.3922441221616,91056.5,21,21
605,S,716775,716776,12973.665051992957,-21888.44480964315,13113.418142671871,-22345.023789643248,12833.911961314043,-21431.865829643055,65.34751090787587,92753.0,21,21
605,S,716776,716778,12733.2122747281,-21015.362049643023,12833.911961314043,-21431.865829643055,12632.512588142157,-20598.85826964299,66.72930693918421,84105.0,21,18
605,S,716778,717859,12616.005954535514,-20348.666569643072,12632.512588142157,-20598.85826964299,12599.499320928871,-20098.47486964315,67.70352497400994,97219.5,21,18
605,S,717859,717862,12594.1969106916,-19984.98412964335,12599.499320928871,-20098.47486964315,12588.89450045433,-19871.493389643554,67.72098513108224,92722.5,21,18
605,S,717862,717865,12572.203435187083,-19537.199429643595,12588.89450045433,-19871.493389643554,12555.512369919838,-19202.905469643632,68.1863064191102,92907.5,18,18
605,S,717865,717867,12540.481189596056,-18855.97668964354,12555.512369919838,-19202.905469643632,12525.450009272276,-18509.047909643443,67.49968964271696,86751.5,18,18
605,S,717867,717871,12520.332030695608,-18412.477809643242,12525.450009272276,-18509.047909643443,12515.214052118941,-18315.90770964304,67.4352457024043,83431.0,18,18
605,S,717871,717848,12520.285922780622,-18025.75212964317,12515.214052118941,-18315.90770964304,12525.357793442303,-17735.5965496433,66.99575511034166,73491.0,18,18
605,S,717848,764001,12528.539239584272,-17655.056529643363,12525.357793442303,-17735.5965496433,12531.720685726239,-17574.516509643425,64.45773341465123,66807.0,18,18
605,S,764001,737152,12549.103369720258,-17091.109409643435,12531.720685726239,-17574.516509643425,12566.486053714276,-16607.702309643446,58.19208980430743,68798.0,18,18
605,S,737152,717872,12584.329816859474,-16252.424529643467,12566.486053714276,-16607.702309643446,12602.173580004674,-15897.14674964349,56.93192219210292,76171.0,18,11
605,S,717872,717877,12810.62746418727,-15272.47456964343,12602.173580004674,-15897.14674964349,13019.081348369866,-14647.80238964337,64.77212822940004,63863.0,28,28
605,S,717877,716797,13206.279483689705,-14216.159089643199,13019.081348369866,-14647.80238964337,13393.477619009542,-13784.515789643028,67.95809117588797,59702.0,28,28
605,S,716797,717884,13598.381193729618,-13338.846169643071,13393.477619009542,-13784.515789643028,13803.284768449694,-12893.176549643116,63.12564349195185,77191.5,28,28
605,S,717884,717885,13993.064947015358,-12490.58776964315,13803.284768449694,-12893.176549643116,14182.845125581023,-12087.998989643185,61.17824847405691,76194.0,28,28
605,S,717885,717887,14342.286296009202,-11628.247389643187,14182.845125581023,-12087.998989643185,14501.727466437384,-11168.495789643192,64.53877752140949,76940.5,28,28
605,S,717887,717894,14643.970384531496,-10831.8641096432,14501.727466437384,-11168.495789643192,14786.213302625609,-10495.23242964321,66.5205578641938,70831.5,28,28
605,S,717894,717896,14825.174490887948,-10371.277609643335,14786.213302625609,-10495.23242964321,14864.135679150288,-10247.32278964346,66.8683842594323,66486.5,28,28
605,S,717896,717898,15031.737950551487,-9926.108929643302,14864.135679150288,-10247.32278964346,15199.340221952687,-9604.895069643142,66.2468159707802,70549.0,28,28
605,S,717898,716810,15394.376702839982,-9322.08660964331,15199.340221952687,-9604.895069643142,15589.413183727276,-9039.278149643476,65.08448762681746,92431.5,28,28
605,S,716810,717907,15698.36618711687,-8671.309889643504,15589.413183727276,-9039.278149643476,15807.319190506461,-8303.341629643533,64.62208649047113,90357.0,41,41
605,S,717907,717912,15828.206076048013,-8199.368749643436,15807.319190506461,-8303.341629643533,15849.092961589564,-8095.395869643338,65.4388546151934,68234.0,41,41
605,S,717912,717914,16082.491227843711,-7527.719529643335,15849.092961589564,-8095.395869643338,16315.889494097859,-6960.043189643331,65.84946913589815,67445.0,41,41
605,S,717914,764021,16344.476401461903,-6931.09998964324,16315.889494097859,-6960.043189643331,16373.06330882595,-6902.156789643149,65.60747694711182,67980.5,41,41
605,S,764021,717924,16624.259230309654,-6641.667989643123,16373.06330882595,-6902.156789643149,16875.455151793354,-6381.179189643098,64.86574642919695,73475.5,41,41
605,S,717924,717925,17063.852092906134,-5952.708509643222,16875.455151793354,-6381.179189643098,17252.24903401891,-5524.237829643347,65.64857133291129,76674.0,41,41
605,S,717925,717930,17362.308627370814,-5430.172429643546,17252.24903401891,-5524.237829643347,17472.368220722718,-5336.107029643746,65.77530808188843,66247.5,41,41
605,S,717930,717933,18068.405239264703,-4893.777009643663,17472.368220722718,-5336.107029643746,18664.442257806688,-4451.446989643581,65.89161588635378,68763.0,41,41
605,S,717933,717942,18784.461160821345,-4370.406029643327,18664.442257806688,-4451.446989643581,18904.480063836003,-4289.365069643073,67.1285118556951,79336.0,41,41
605,S,717942,717943,19127.78069668178,-4132.459529643338,18904.480063836003,-4289.365069643073,19351.081329527555,-3975.5539896436026,67.98811350591305,59431.0,41,41
605,S,717943,775690,20342.908691318247,-3200.5998096432986,19351.081329527555,-3975.5539896436026,21334.73605310894,-2425.6456296429947,67.37797261728343,70070.5,41,41
605,S,775690,717947,21512.29763417224,-2048.771769643361,21334.73605310894,-2425.6456296429947,21689.85921523554,-1671.8979096437272,54.1172282892823,127625.0,17,17
605,S,717947,766937,21720.106007543705,-1607.554949643632,21689.85921523554,-1671.8979096437272,21750.352799851873,-1543.2119896435368,40.872119681283046,168855.0,17,17
605,S,766937,763689,21961.34261936531,-1026.1305896435356,21750.352799851873,-1543.2119896435368,22172.332438878748,-509.0491896435344,52.63032885206725,120336.5,17,17
605,S,763689,776019,22211.939137952217,55.176230356481426,22172.332438878748,-509.0491896435344,22251.545837025686,619.4016503564973,66.29078321013539,67383.5,17,17
605,S,776019,717951,22291.659723165976,760.6110703567081,22251.545837025686,619.4016503564973,22331.77360930627,901.8204903569188,66.08095838404283,74581.5,17,17
605,S,717951,773773,22431.966108826047,1471.3336103566355,22331.77360930627,901.8204903569188,22532.15860834582,2040.8467303563523,66.24377845943127,72464.0,17,17
605,S,773773,765501,22660.5230439941,2293.3761503563037,22532.15860834582,2040.8467303563523,22788.887479642384,2545.905570356255,66.05501777919682,68661.0,17,17
605,S,765501,773784,23164.89752731054,3009.275070356609,22788.887479642384,2545.905570356255,23540.907574978693,3472.6445703569625,64.8033519240041,66426.0,17,33
605,S,773784,763616,23698.458320887818,3968.853470356666,23540.907574978693,3472.6445703569625,23856.009066796945,4465.06237035637,65.67477374606888,61628.5,33,33
605,S,763616,717957,24054.6419650624,4910.286710356659,23856.009066796945,4465.06237035637,24253.274863327857,5355.5110503569485,67.287323961032,54911.0,33,33
605,S,717957,773796,24580.548844732173,5649.228870356923,24253.274863327857,5355.5110503569485,24907.82282613649,5942.946690356896,66.4637588206544,58121.5,33,33
605,S,773796,773798,25175.848136633056,6244.902190356637,24907.82282613649,5942.946690356896,25443.873447129623,6546.857690356379,63.75776886279432,58441.0,33,33
710,N,774523,772980,3113.026327967276,-31676.42278964335,3145.8090556056263,-32399.33486964335,3080.2436003289254,-30953.51070964335,59.08014642189806,45020.0,14,39
710,N,772980,772689,3080.2436003289254,-30953.51070964335,3080.2436003289254,-30953.51070964335,3080.2436003289254,-30953.51070964335,59.9164942286629,49902.5,14,39
710,N,772689,774411,3100.9460542105285,-29982.41068964351,3080.2436003289254,-30953.51070964335,3121.6485080921316,-29011.310669643673,61.3607325595409,52679.0,14,39
710,N,774411,774444,3137.5096308876455,-28009.041049643434,3121.6485080921316,-29011.310669643673,3153.3707536831594,-27006.77142964319,62.411480324007954,51160.0,14,14
710,N,774444,717962,3230.2787560755046,-25620.559129643367,3153.3707536831594,-27006.77142964319,3307.18675846785,-24234.346829643542,62.702745807869505,56726.5,14,43
710,N,717962,717966,3629.5733008710895,-23403.788309643624,3307.18675846785,-24234.346829643542,3951.9598432743287,-22573.229789643705,64.97798330033015,64243.5,43,43
710,N,717966,774373,4086.1338762253945,-22304.670289643487,3951.9598432743287,-22573.229789643705,4220.30790917646,-22036.110789643273,66.18294036420185,70779.0,43,43
710,N,774373,717968,4376.290985971438,-21417.672529643292,4220.30790917646,-22036.110789643273,4532.274062766417,-20799.234269643315,64.35014759172383,60613.5,43,43
710,N,717968,761734,4702.2739457528405,-20169.997969643307,4532.274062766417,-20799.234269643315,4872.273828739265,-19540.7616696433,65.0961414921545,60035.5,43,7
710,N,761734,718488,4901.644570660055,-19316.340549643173,4872.273828739265,-19540.7616696433,4931.0153125808465,-19091.91942964305,66.09255655276968,82805.5,7,7
710,N,718488,717770,5008.430502040015,-18685.879729643097,4931.0153125808465,-19091.91942964305,5085.845691499184,-18279.840029643143,64.2365117419739,70301.0,7,7
710,N,717770,718102,5169.992636562842,-18144.80886964315,5085.845691499184,-18279.840029643143,5254.1395816265,-18009.777709643164,63.89035272714402,47763.5,7,7
710,N,718102,718492,5351.24285083428,-17878.97670964317,5254.1395816265,-18009.777709643164,5448.346120042061,-17748.17570964318,68.13753607973635,44886.0,7,7
710,N,718492,717977,5570.301555490762,-17278.349649643307,5448.346120042061,-17748.17570964318,5692.256990939464,-16808.523589643435,65.82577118099705,46173.0,11,7
710,N,717977,717660,5720.198387492381,-16648.612409643378,5692.256990939464,-16808.523589643435,5748.139784045297,-16488.70122964332,59.288595265084425,50525.0,1,7
710,N,717660,768984,5796.783634479161,-16168.155289643453,5748.139784045297,-16488.70122964332,5845.427484913026,-15847.609349643586,57.00363351046884,61382.5,1,1
710,N,768984,718151,5796.8297423941485,-15558.62262964353,5845.427484913026,-15847.609349643586,5748.231999875271,-15269.635909643477,44.31651536274532,69146.0,1,1
710,N,718151,717983,5761.6955110855615,-15151.191429643532,5748.231999875271,-15269.635909643477,5775.159022295852,-15032.746949643588,50.8158079963313,66553.5,1,1
710,N,717983,774359,6081.038931091793,-14621.809169643344,5775.159022295852,-15032.746949643588,6386.918839887734,-14210.871389643102,57.78496176679602,76403.5,1,1
710,N,774359,717992,6455.0663384109175,-13637.128109643387,6386.918839887734,-14210.871389643102,6523.213836934101,-13063.384829643672,52.66994422296712,80081.5,1,1
710,N,717992,717995,6519.064124574783,-12991.249469643477,6523.213836934101,-13063.384829643672,6514.914412215465,-12919.11410964328,59.43012280198424,68704.5,1,1
710,N,717995,776266,6590.0242059187285,-12129.521349643155,6514.914412215465,-12919.11410964328,6665.133999621992,-11339.92858964303,58.28749864554288,67225.0,1,1
710,N,776266,718147,6716.129353726748,-11137.103549643352,6665.133999621992,-11339.92858964303,6767.124707831505,-10934.278509643675,60.23954460065515,71840.0,13,13
710,N,718147,776290,6363.772666506576,-9508.825909643656,6767.124707831505,-10934.278509643675,5960.420625181647,-8083.373309643635,65.49488157228404,88232.5,13,13
710,N,776290,718320,6028.245368298611,-7735.943589643619,5960.420625181647,-8083.373309643635,6096.0701114155745,-7388.5138696436015,65.93274990763898,89637.0,13,13
710,N,718320,718010,6099.897068369328,-7381.3893896433965,6096.0701114155745,-7388.5138696436015,6103.724025323081,-7374.2649096431915,66.52775856059802,75821.0,13,16
710,N,718010,776203,6217.057280647582,-7029.506869643153,6103.724025323081,-7374.2649096431915,6330.390535972083,-6684.748829643114,65.92358793339301,69649.0,13,16
710,N,776203,763468,6338.505529030115,-6230.062289643381,6330.390535972083,-6684.748829643114,6346.620522088148,-5775.375749643647,63.61828194631506,59896.0,13,16
710,N,763468,718014,6299.175477446568,-5505.480409643642,6346.620522088148,-5775.375749643647,6251.730432804988,-5235.585069643636,61.775142091788354,59346.5,13,16
710,N,718014,768978,6277.274217772025,-5070.16354964365,6251.730432804988,-5235.585069643636,6302.818002739063,-4904.742029643664,63.82907590184085,95498.0,13,16
710,N,768978,776221,6328.269571876126,-4671.693609643568,6302.818002739063,-4904.742029643664,6353.7211410131895,-4438.645189643473,66.59550303030304,125780.0,13,16
710,N,776221,776228,6415.136883931228,-4207.5448696436,6353.7211410131895,-4438.645189643473,6476.552626849267,-3976.444549643727,66.30063802457119,100617.5,3,45
710,N,776228,718016,6508.782059506462,-3877.648049643611,6476.552626849267,-3976.444549643727,6541.011492163658,-3778.851549643495,67.42674408748519,57490.5,3,45
710,N,718016,776242,6573.702003972034,-3083.602489643259,6541.011492163658,-3778.851549643495,6606.392515780411,-2388.3534296430225,67.37797261728343,70070.5,3,45
710,N,776242,776196,6849.473444206082,-1994.6702496431153,6606.392515780411,-2388.3534296430225,7092.554372631752,-1600.9870696432083,64.17816682623469,63011.5,27,45
710,N,776196,776188,7044.64824883899,-1179.3625696434494,7092.554372631752,-1600.9870696432083,6996.742125046229,-757.7380696436904,63.95022334086714,19149.0,27,45
710,S,774524,772711,3094.4448381803186,-31661.17194964349,3130.1323644707163,-32368.944509643352,3058.7573118899213,-30953.39938964363,67.77004653767555,29210.0,14,39
710,S,772711,772701,3058.7573118899213,-30953.39938964363,3058.7573118899213,-30953.39938964363,3058.7573118899213,-30953.39938964363,67.59380639221185,40055.0,14,39
710,S,772701,774389,3082.641211913494,-29982.24370964354,3058.7573118899213,-30953.39938964363,3106.5251119370664,-29011.088029643444,68.09134276997821,45978.5,14,39
710,S,774389,774445,3120.080838977986,-28009.8759496433,3106.5251119370664,-29011.088029643444,3133.6365660189053,-27008.66386964316,64.57160655481896,52075.5,14,14
710,S,774445,717960,3208.9768992977597,-25659.96640964314,3133.6365660189053,-27008.66386964316,3284.3172325766136,-24311.268949643123,60.44719003441416,62599.5,14,43
710,S,717960,717963,3515.225671414908,-23605.388829643227,3284.3172325766136,-24311.268949643123,3746.134110253202,-22899.508709643334,61.97442438363555,69432.0,43,43
710,S,717963,774372,3970.864088467506,-22462.744689643438,3746.134110253202,-22899.508709643334,4195.594066681811,-22025.98066964354,67.3713832754305,68006.5,43,43
710,S,774372,716847,4324.327365650644,-21552.870669643256,4195.594066681811,-22025.98066964354,4453.060664619477,-21079.760669642976,66.75962106723783,62594.5,43,43
710,S,716847,717970,4600.4215612896005,-20519.208809643176,4453.060664619477,-21079.760669642976,4747.782457959723,-19958.656949643377,66.33068527072724,66228.5,43,7
710,S,717970,761851,4827.871906494693,-19524.73158964343,4747.782457959723,-19958.656949643377,4907.961355029663,-19090.806229643487,67.4118499261923,85742.5,7,7
710,S,761851,717975,4943.602773404418,-18813.229809643497,4907.961355029663,-19090.806229643487,4979.244191779173,-18535.653389643503,67.62265199543413,92456.5,7,7
710,S,717975,717972,5061.685143984379,-18329.98968964348,4979.244191779173,-18535.653389643503,5144.126096189584,-18124.325989643454,67.6958425854638,86629.0,7,7
710,S,717972,761761,5262.439006345136,-17968.978929643345,5144.126096189584,-18124.325989643454,5380.751916500688,-17813.63186964323,65.72823423602017,68418.0,7,7
710,S,761761,718493,5402.514852429615,-17779.01134964324,5380.751916500688,-17813.63186964323,5424.27778835854,-17744.390829643242,64.51097140997331,54016.5,7,7
710,S,718493,717978,5547.385921684539,-17274.787409643206,5424.27778835854,-17744.390829643242,5670.494055010538,-16805.183989643167,65.99301249833567,49950.5,1,7
710,S,717978,716857,5743.575100449785,-16327.788169643423,5670.494055010538,-16805.183989643167,5816.656145889032,-15850.392349643678,67.83261871190692,66477.0,1,1
710,S,716857,717980,5771.793144493278,-15543.650089643368,5816.656145889032,-15850.392349643678,5726.930143097526,-15236.907829643056,66.15685289914198,79639.5,1,1
710,S,717980,761776,5728.958891362197,-15188.48362964311,5726.930143097526,-15236.907829643056,5730.98763962687,-15140.059429643163,63.17153486708453,75145.0,1,1
710,S,761776,774358,6050.653815038666,-14671.958829643285,5730.98763962687,-15140.059429643163,6370.319990450463,-14203.858229643407,63.38025546396527,77906.5,1,1
710,S,774358,717986,6434.363884529315,-13632.675309643557,6370.319990450463,-14203.858229643407,6498.407778608167,-13061.492389643705,63.07533235469242,78618.0,1,1
710,S,717986,717989,6495.134116636224,-12989.30136964365,6498.407778608167,-13061.492389643705,6491.86045466428,-12917.110349643594,60.75958513764641,85428.5,1,1
710,S,717989,776295,6567.200787943135,-12126.515709643625,6491.86045466428,-12917.110349643594,6642.541121221989,-11335.921069643657,54.95921461672998,86867.5,1,1
710,S,776295,718002,6667.808258698449,-11267.848889643485,6642.541121221989,-11335.921069643657,6693.075396174909,-11199.776709643313,50.52692146560795,78536.5,1,13
710,S,718002,776289,6316.235406034366,-9640.461809643515,6693.075396174909,-11199.776709643313,5939.395415893824,-8081.1469096437195,58.198735837111805,88734.5,13,13
710,S,776289,718008,5923.672616843926,-7921.681009643726,5939.395415893824,-8081.1469096437195,5907.949817794029,-7762.215109643731,66.51837096706547,89975.5,13,16
710,S,718008,718012,6101.234197907228,-7276.915569643377,5907.949817794029,-7762.215109643731,6294.5185780204265,-6791.6160296430235,68.28942253104634,59433.5,13,16
710,S,718012,776208,6303.325189805231,-6735.399429643372,6294.5185780204265,-6791.6160296430235,6312.131801590036,-6679.182829643721,65.14067209460966,55199.5,13,16
710,S,776208,716891,6307.290470504601,-6224.9972296435135,6312.131801590036,-6679.182829643721,6302.449139419166,-5770.811629643306,63.132617649197144,67905.5,13,16
710,S,716891,718321,6264.225677797929,-5524.571789643294,6302.449139419166,-5770.811629643306,6226.002216176692,-5278.331949643283,64.22479880728977,64044.0,13,16
710,S,718321,716875,6253.43642566344,-5088.420029643434,6226.002216176692,-5278.331949643283,6280.870635150189,-4898.508109643583,64.02711664669214,61566.5,13,16
710,S,716875,776215,6306.460528032869,-4666.2945896433575,6280.870635150189,-4898.508109643583,6332.050420915548,-4434.081069643131,63.08523139809512,57414.5,13,16
710,S,776215,776253,6393.420055917944,-4204.650549643393,6332.050420915548,-4434.081069643131,6454.78969092034,-3975.220029643655,64.48883608612991,45946.0,3,45
710,S,776253,718017,6498.592210268771,-3790.70712964362,6454.78969092034,-3975.220029643655,6542.394729617201,-3606.1942296435855,65.78285165693725,36058.0,3,45
710,S,718017,718018,6540.642628843107,-3324.610289643429,6542.394729617201,-3606.1942296435855,6538.890528069011,-3043.0263496432726,65.0799375857489,21390.0,3,45
710,S,718018,776197,6803.457744933031,-2320.6152096431942,6538.890528069011,-3043.0263496432726,7068.02496179705,-1598.2040696431159,66.22300712345478,41585.0,3,45
