fwy,dir,sta_from,sta_to,mid_x,mid_y,x1,y1,x2,y2,speed_pm_mph,vol_day_veh,cell_euclidean_mid,cell_weighted_mid
2,E,767494,767509,-790.2853330342476,4310.04927036293,-799.2763764796551,4067.3160103631617,-781.2942895888401,4552.782530362699,64.4118639184084,3955.5,5,5
2,E,767509,767523,-477.8119923781221,4901.548090362902,-781.2942895888401,4552.782530362699,-174.32969516740405,5250.313650363106,64.76919444850053,5112.5,5,5
2,E,767523,767541,36.47569268608433,5367.255310362891,-174.32969516740405,5250.313650363106,247.2810805395727,5484.1969703626755,66.13664626269065,5447.0,5,5
2,E,767541,767554,638.8294955976767,5763.276210362828,247.2810805395727,5484.1969703626755,1030.3779106557806,6042.35545036298,66.55881282349817,5387.5,22,22
2,E,767554,767572,1098.2026537733993,6430.2499903628695,1030.3779106557806,6042.35545036298,1166.027396891018,6818.144530362759,64.2286157588423,5883.5,22,22
2,E,767572,767620,1126.1901582413027,7224.128570362853,1166.027396891018,6818.144530362759,1086.3529195915874,7630.112610362947,60.12351196394154,6578.5,22,22
2,E,767620,767455,1229.7024276486636,8257.734770363073,1086.3529195915874,7630.112610362947,1373.05193570574,8885.356930363201,63.984601365887826,4425.0,22,22
2,E,767455,768202,1391.9100729826196,8960.386610363208,1373.05193570574,8885.356930363201,1410.768210259499,9035.416290363215,67.48953094175795,2383.0,23,23
2,E,768202,767470,1483.7109319531296,9482.75571036291,1410.768210259499,9035.416290363215,1556.6536536467602,9930.095130362604,66.76512083475058,4281.5,23,23
2,E,767470,767585,1560.3422868555526,10507.233670362843,1556.6536536467602,9930.095130362604,1564.0309200643449,11084.372210363083,68.37829157196492,5322.5,42,42
2,E,767585,767597,1688.0151037770634,11554.977510362965,1564.0309200643449,11084.372210363083,1811.9992874897819,12025.582810362846,69.65902119979344,4658.5,42,42
2,E,767597,767609,1991.5435089027687,12562.200870362958,1811.9992874897819,12025.582810362846,2171.0877303157554,13098.81893036307,69.10969139085964,5230.5,6,6
2,E,767609,768238,2092.3354113193413,13981.976150363074,2171.0877303157554,13098.81893036307,2013.5830923229273,14865.133370363079,69.57758076112673,3993.0,6,6
2,W,767495,718064,-616.7812484996348,4581.948370362623,-821.5926073897365,4070.65561036264,-411.96988960953297,5093.241130362606,54.44032531921941,5390.0,5,5
2,W,718064,767542,-90.32107384805167,5297.568990362839,-411.96988960953297,5093.241130362606,231.32774191342963,5501.896850363073,35.30678560979675,7534.0,5,5
2,W,767542,718066,645.8378986933993,5809.362690363139,231.32774191342963,5501.896850363073,1060.348055473369,6116.8285303632065,23.397613353399443,8344.5,22,22
2,W,718066,767573,1100.1852941230845,6468.321430363248,1060.348055473369,6116.8285303632065,1140.0225327727999,6819.814330363289,18.612878499083116,9050.5,22,22
2,W,767573,767621,1100.0930782931105,7223.7946103633,1140.0225327727999,6819.814330363289,1060.1636238134208,7627.774890363312,17.80215788964918,8674.5,22,22
2,W,767621,762329,1099.908646632507,7820.30283036328,1060.1636238134208,7627.774890363312,1139.653669451593,8012.830770363249,20.057476494912034,7684.0,22,22
2,W,762329,767454,1247.8689461994272,8451.654210363089,1139.653669451593,8012.830770363249,1356.0842229472612,8890.477650362927,26.64696122279325,6787.5,22,22
2,W,767454,718072,1374.2046335830373,8978.531770362875,1356.0842229472612,8890.477650362927,1392.3250442188134,9066.585890362825,41.98539812256183,6246.0,23,23
2,W,718072,767471,1463.192909732785,9500.511250362772,1392.3250442188134,9066.585890362825,1534.0607752467565,9934.436610362718,54.45931751471934,9165.0,23,23
2,W,767471,718076,1475.7342626407133,10219.861090362669,1534.0607752467565,9934.436610362718,1417.40775003467,10505.285570362621,57.987934038941354,11075.5,42,42
2,W,718076,767598,1601.4244392125393,11266.603050362946,1417.40775003467,10505.285570362621,1785.4411283904085,12027.920530363272,59.6450527218778,10598.0,42,42
2,W,767598,767610,1964.524270652214,12563.481050363285,1785.4411283904085,12027.920530363272,2143.6074129140197,13099.041570363299,60.144581425184754,11291.0,6,6
2,W,767610,768230,2068.1748638051913,13986.317630363188,2143.6074129140197,13099.041570363299,1992.742314696363,14873.593690363075,62.96432313211055,6228.5,6,6
5,N,762347,716896,20563.30452551002,-20976.62268963721,20896.710859623337,-21193.195749637376,20229.8981913967,-20760.049629637044,48.5986711403003,5983.0,21,21
5,N,716896,716899,19964.27049248601,-20587.78192963694,20229.8981913967,-20760.049629637044,19698.642793575324,-20415.51422963684,42.87046888015806,6168.5,21,21
5,N,716899,716900,19390.91856817466,-20215.583509636974,19698.642793575324,-20415.51422963684,19083.194342773993,-20015.652789637108,38.88242909272981,6007.0,21,21
5,N,716900,762353,18765.787455201804,-19809.432489636907,19083.194342773993,-20015.652789637108,18448.380567629614,-19603.212189636703,29.265589029063314,6667.5,21,21
5,N,762353,718358,17931.787486810812,-19265.355989637035,18448.380567629614,-19603.212189636703,17415.194405992013,-18927.499789637368,28.903908614445083,7058.0,18,18
5,N,718358,769625,17089.2575541256,-18702.68904963704,17415.194405992013,-18927.499789637368,16763.320702259185,-18477.87830963671,28.226655504977,6381.0,18,18
5,N,769625,718081,16497.139708366685,-18234.087509636847,16763.320702259185,-18477.87830963671,16230.958714474187,-17990.29670963698,29.247994905232787,4901.0,18,18
5,N,718081,759518,15732.43993637552,-17523.977229636956,16230.958714474187,-17990.29670963698,15233.921158276853,-17057.65774963693,25.62235247954843,4514.0,18,18
5,N,759518,715918,14535.939539440998,-15969.727389637024,15233.921158276853,-17057.65774963693,13837.957920605142,-14881.79702963712,15.666449562179064,5165.0,28,28
5,N,715918,764232,13629.273496846956,-14512.381609637243,13837.957920605142,-14881.79702963712,13420.589073088768,-14142.966189637367,15.54017893842666,5020.5,28,28
5,N,764232,763985,12983.301606247536,-13400.573109637116,13420.589073088768,-14142.966189637367,12546.014139406305,-12658.180029636866,16.210988143273386,6401.5,28,28
5,N,763985,759531,12260.882792406297,-12407.82134963697,12546.014139406305,-12658.180029636866,11975.75144540629,-12157.462669637074,19.37690540193323,8232.0,28,28
5,N,759531,759542,11891.051205361477,-12083.601849636885,11975.75144540629,-12157.462669637074,11806.350965316664,-12009.741029636696,21.698240408960032,8264.5,28,28
5,N,759542,759552,11535.974151149861,-11770.959629636836,11806.350965316664,-12009.741029636696,11265.597336983059,-11532.178229636978,24.12889649878925,8696.5,28,28
5,N,759552,715930,11080.935136993405,-11055.56164963685,11265.597336983059,-11532.178229636978,10896.27293700375,-10578.94506963672,30.833098718430453,9847.0,28,28
5,N,715930,716921,10764.7270552135,-10312.27800963687,10896.27293700375,-10578.94506963672,10633.181173423249,-10045.610949637017,37.83144831424566,10384.5,28,28
5,N,716921,715933,10406.284123199312,-9751.447849636981,10633.181173423249,-10045.610949637017,10179.387072975373,-9457.284749636945,39.29671344531242,9229.0,28,28
5,N,715933,716923,9964.61640442317,-9228.188189637156,10179.387072975373,-9457.284749636945,9749.845735870966,-8999.091629637365,31.943034075131557,7979.5,13,13
5,N,716923,763975,9446.547870320852,-8645.6506296371,9749.845735870966,-8999.091629637365,9143.250004770738,-8292.209629636836,28.3713635141286,7709.5,13,13
5,N,763975,716925,9023.461641331669,-8140.92574963675,9143.250004770738,-8292.209629636836,8903.6732778926,-7989.641869636664,39.25951901742613,8630.0,13,13
5,N,716925,715938,8604.709556361751,-7571.189989636805,8903.6732778926,-7989.641869636664,8305.745834830903,-7152.738109636945,42.74042446600552,9683.0,13,13
5,N,715938,716929,8053.581647130506,-6893.640809636966,8305.745834830903,-7152.738109636945,7801.4174594301085,-6634.5435096369865,42.650471517503725,9948.0,13,13
5,N,716929,764435,7586.139603811738,-6406.39316963718,7801.4174594301085,-6634.5435096369865,7370.861748193367,-6178.242829637374,46.67538468970282,10426.5,13,13
5,N,764435,715944,7142.350920940951,-6045.716369637388,7370.861748193367,-6178.242829637374,6913.840093688536,-5913.189909637402,43.6372640363066,10078.5,13,13
5,N,715944,718086,6681.456201566725,-5807.936849637372,6913.840093688536,-5913.189909637402,6449.072309444914,-5702.683789637343,34.27354377618176,8635.0,13,13
5,N,718086,716933,5961.665538886301,-5451.712849637016,6449.072309444914,-5702.683789637343,5474.258768327688,-5200.741909636689,26.85414647165254,9572.5,13,13
5,N,716933,759566,5106.917008698721,-5191.001409636761,5474.258768327688,-5200.741909636689,4739.575249069753,-5181.260909636833,26.711138233882146,11280.5,13,13
5,N,759566,759576,4476.483485489251,-5132.057469636877,4739.575249069753,-5181.260909636833,4213.391721908748,-5082.854029636921,29.761263837191798,11195.0,13,13
5,N,759576,716937,3767.0209957921343,-4851.308429636985,4213.391721908748,-5082.854029636921,3320.650269675521,-4619.76282963705,38.013753852453725,11363.5,16,16
5,N,716937,763700,3059.7716860202936,-4482.393949637031,3320.650269675521,-4619.76282963705,2798.893102365066,-4345.025069637011,47.86958012130472,8310.5,16,16
5,N,763700,716942,2624.881830764285,-2603.590649637069,2798.893102365066,-4345.025069637011,2450.870559163504,-862.1562296371271,54.50435002032245,6324.0,45,45
5,N,716942,763237,2230.2441853935306,135.7162503627461,2450.870559163504,-862.1562296371271,2009.6178116235576,1133.5887303626193,61.58415258280784,8267.5,47,47
5,N,763237,716951,1348.5225248703832,1684.7897103626933,2009.6178116235576,1133.5887303626193,687.4272381172091,2235.990690362767,64.31257059060472,9611.5,54,54
5,N,716951,718371,456.1960438733502,2426.904490362856,687.4272381172091,2235.990690362767,224.9648496294914,2617.818290362945,62.0108289374657,12203.5,54,54
5,N,718371,716953,54.91885872808036,2825.2631103628237,224.9648496294914,2617.818290362945,-115.12713217333068,3032.707930362702,60.50642188262077,13675.0,5,5
5,N,716953,763674,-396.6159538801872,3417.65249036292,-115.12713217333068,3032.707930362702,-678.1047755870437,3802.5970503631384,60.497013854379176,11047.5,5,5
5,N,763674,763669,-877.3831846642847,4010.4314903632194,-678.1047755870437,3802.5970503631384,-1076.6615937415256,4218.265930363301,61.09390199899485,8359.0,5,5
5,N,763669,716956,-1364.4210919023462,4426.489990363189,-1076.6615937415256,4218.265930363301,-1652.1805900631668,4634.714050363077,63.53392125999278,9809.5,5,5
5,N,716956,759591,-2055.8553867936603,4962.217490363177,-1652.1805900631668,4634.714050363077,-2459.530183524154,5289.720930363275,64.06096412077696,11421.0,5,5
5,N,759591,775734,-2622.060584263674,5658.468430363257,-2459.530183524154,5289.720930363275,-2784.590985003195,6027.215930363237,63.10817899867081,11285.0,5,5
5,N,775734,759602,-2831.1138713430682,6164.139530363194,-2784.590985003195,6027.215930363237,-2877.6367576829416,6301.063130363153,62.90508283132531,10624.0,5,5
5,N,759602,761599,-3139.3913917248888,7368.343630362989,-2877.6367576829416,6301.063130363153,-3401.146025766836,8435.624130362825,64.14058580077862,11305.0,25,25
5,N,761599,761604,-3793.5243832973274,9060.073670363054,-3401.146025766836,8435.624130362825,-4185.902740827819,9684.52321036328,64.4532573668604,10430.0,25,25
5,N,761604,718384,-4372.178717845951,9861.744650363136,-4185.902740827819,9684.52321036328,-4558.454694864083,10038.966090362992,62.4374804181029,9720.5,25,25
5,N,718384,716963,-4792.221824438781,10434.820010362955,-4558.454694864083,10038.966090362992,-5025.98895401348,10830.673930362918,62.22156072257755,10236.0,25,25
5,N,716963,716968,-5116.452683446089,10908.375290362903,-5025.98895401348,10830.673930362918,-5206.916412878699,10986.076650362887,63.48264812492876,9990.0,25,25
5,N,716968,716971,-5497.719033436528,11241.333410363073,-5206.916412878699,10986.076650362887,-5788.521653994357,11496.590170363257,63.78226560794046,9100.0,25,25
5,N,716971,716973,-5818.1690434057255,11524.531490363108,-5788.521653994357,11496.590170363257,-5847.816432817093,11552.47281036296,64.35032999472408,8801.0,25,25
5,N,716973,716974,-6213.313875841992,12070.500430362947,-5847.816432817093,11552.47281036296,-6578.81131886689,12588.528050362931,64.55613063782387,9312.5,25,25
5,N,716974,716978,-6959.155510555622,12986.942330362757,-6578.81131886689,12588.528050362931,-7339.499702244352,13385.356610362584,65.09344312437398,9734.5,25,25
5,N,716978,716981,-7774.297341669731,13769.076650362731,-7339.499702244352,13385.356610362584,-8209.094981095112,14152.796690362877,65.86180957988915,9231.5,25,25
5,N,716981,716985,-8628.630900621774,14539.411050362833,-8209.094981095112,14152.796690362877,-9048.166820148437,14926.02541036279,64.09588647780424,7927.0,32,32
5,N,716985,716988,-9502.606431408096,15585.652070362794,-9048.166820148437,14926.02541036279,-9957.046042667755,16245.278730362797,64.07215385533851,7941.5,32,32
5,N,716988,716990,-10798.930464541842,16770.764790362933,-9957.046042667755,16245.278730362797,-11640.814886415928,17296.25085036307,61.496949900057345,7394.0,49,49
5,N,716990,716994,-11995.015890240826,17506.423010363185,-11640.814886415928,17296.25085036307,-12349.216894065721,17716.595170363296,59.057812533542986,7205.0,49,49
5,N,716994,761644,-12747.220417238394,17754.55529036316,-12349.216894065721,17716.595170363296,-13145.223940411066,17792.51541036303,63.73590509002103,7410.5,49,49
5,N,761644,716997,-13393.837818648943,17818.452970363196,-13145.223940411066,17792.51541036303,-13642.45169688682,17844.390530363362,66.00978940173897,7061.0,49,49
5,N,716997,717000,-14211.14672177334,18077.049330363254,-13642.45169688682,17844.390530363362,-14779.84174665986,18309.708130363146,64.50641773945787,7122.5,49,49
5,N,717000,775462,-15393.722528347047,18660.755750363125,-14779.84174665986,18309.708130363146,-16007.603310034232,19011.803370363104,63.744651097748566,7151.0,49,49
5,N,775462,764156,-16098.804766109255,19113.38287036292,-16007.603310034232,19011.803370363104,-16190.006222184278,19214.96237036273,52.451705029838024,11730.0,49,49
5,N,764156,718389,-16423.220056777165,19481.462450363004,-16190.006222184278,19214.96237036273,-16656.433891370056,19747.962530363275,45.86706088709086,11765.5,49,49
5,N,718389,718092,-16750.724577756417,19856.33255036295,-16656.433891370056,19747.962530363275,-16845.01526414278,19964.702570362624,40.22522008816013,10851.0,49,49
5,N,718092,768682,-16998.692945183167,20141.590050362927,-16845.01526414278,19964.702570362624,-17152.37062622355,20318.47753036323,45.24053481211812,11358.5,48,48
5,N,768682,768664,-17416.292332275785,20623.8282903631,-17152.37062622355,20318.47753036323,-17680.21403832802,20929.17905036297,50.01539103675431,12269.0,48,48
5,N,768664,768655,-17791.795192878428,21056.41781036286,-17680.21403832802,20929.17905036297,-17903.376347428835,21183.65657036275,49.75116406226037,12010.5,48,48
5,N,768655,759617,-18254.39590511111,21683.149410362865,-17903.376347428835,21183.65657036275,-18605.41546279338,22182.642250362976,56.410704894384395,9364.0,48,48
5,N,759617,718394,-18705.33131482258,22309.324410363086,-18605.41546279338,22182.642250362976,-18805.247166851776,22436.00657036319,65.48871732561749,5985.5,12,12
5,N,718394,759834,-19122.884593999555,22859.80181036301,-18805.247166851776,22436.00657036319,-19440.522021147335,23283.597050362823,65.42731382688872,4951.5,12,12
5,N,759834,759626,-19586.223032873993,23459.482650362886,-19440.522021147335,23283.597050362823,-19731.92404460065,23635.36825036295,62.92784443485888,4325.5,12,12
5,N,759626,759636,-20912.01002375916,25049.85583036297,-19731.92404460065,23635.36825036295,-22092.096002917668,26464.34341036299,61.662676036356686,5768.0,26,26
5,N,759636,774092,-22389.445947419383,26871.997250362823,-22092.096002917668,26464.34341036299,-22686.795891921098,27279.651090362655,61.38367375103505,7246.0,29,29
5,N,774092,718404,-23028.732190328643,27739.23571036268,-22686.795891921098,27279.651090362655,-23370.668488736188,28198.8203303627,64.84398397568725,7239.0,29,29
5,N,718404,775535,-23798.642156726448,28528.16055036291,-23370.668488736188,28198.8203303627,-24226.615824716708,28857.500770363116,64.84398397568725,7239.0,29,29
5,N,775535,763641,-24434.23976642757,29294.598750362962,-24226.615824716708,28857.500770363116,-24641.863708138437,29731.696730362808,65.8243057629143,3349.0,50,50
5,N,763641,775520,-24695.625537148968,29791.69821036279,-24641.863708138437,29731.696730362808,-24749.387366159503,29851.699690362773,65.8243057629143,3349.0,50,50
5,N,775520,716007,-25512.519469037175,30222.896230362898,-24749.387366159503,29851.699690362773,-26275.65157191485,30594.092770363022,63.02112389979689,1477.0,50,50
5,N,716007,759648,-27648.83749952595,31867.64923036292,-26275.65157191485,30594.092770363022,-29022.023427137054,33141.20569036282,63.23871422923889,3831.5,50,50
5,N,759648,768138,-29147.160308727725,33347.81561036283,-29022.023427137054,33141.20569036282,-29272.297190318397,33554.42553036284,65.71394801868882,7083.0,50,50
5,N,768138,769091,-29842.46766848778,34965.74049036296,-29272.297190318397,33554.42553036284,-30412.638146657166,36377.05545036308,65.77907059314954,6982.5,50,50
5,N,769091,759654,-30652.722060600812,37195.981030363095,-30412.638146657166,36377.05545036308,-30892.805974544463,38014.90661036312,65.55276461368817,5824.5,50,50
5,N,759654,759666,-31243.180021415606,38904.353410363066,-30892.805974544463,38014.90661036312,-31593.55406828675,39793.80021036301,65.57299956021674,5561.5,50,50
5,N,759666,716017,-31810.445700933604,40198.05879036311,-31593.55406828675,39793.80021036301,-32027.337333580454,40602.31737036321,64.84013720268558,5149.0,50,50
5,N,716017,769029,-32308.180644475528,40890.580510363114,-32027.337333580454,40602.31737036321,-32589.023955370598,41178.843650363015,66.76554973829806,4911.0,50,50
5,N,769029,769042,-32767.41547890563,41340.758590363155,-32589.023955370598,41178.843650363015,-32945.80700244066,41502.673530363296,68.69823122169679,3555.0,50,50
5,N,769042,769054,-33150.66446924575,41630.19059036327,-32945.80700244066,41502.673530363296,-33355.52193605084,41757.70765036325,69.56198456143026,1988.5,50,50
5,N,769054,759672,-33944.32001192217,42677.04387036327,-33355.52193605084,41757.70765036325,-34533.1180877935,43596.38009036329,66.9500291314937,2068.0,50,50
5,N,759672,759677,-34953.94502894241,45750.7003903633,-34533.1180877935,43596.38009036329,-35374.77197009134,47905.02069036331,63.55595889799489,1878.0,50,50
5,S,762398,715898,20552.100302139992,-20988.86788963675,20883.24734841305,-21204.105109636726,20220.953255866934,-20773.63066963677,48.91208701517047,7641.5,21,21
5,S,715898,716898,19988.79990332137,-20622.847729636997,20220.953255866934,-20773.63066963677,19756.646550775804,-20472.06478963723,49.170829398313145,6882.5,21,21
5,S,716898,763748,19098.87103390956,-20042.480909637,19756.646550775804,-20472.06478963723,18441.095517043315,-19612.897029636773,48.09851746656119,6186.5,21,21
5,S,763748,763706,17924.410220393882,-19275.82006963672,18441.095517043315,-19612.897029636773,17407.724923744452,-18938.743109636667,33.70541939489242,5480.0,18,18
5,S,763706,716907,17079.06770488725,-18715.936129636815,17407.724923744452,-18938.743109636667,16750.410486030047,-18493.129149636967,21.62280692366391,5663.0,18,18
5,S,716907,716906,16537.207486591335,-18309.896429636865,16750.410486030047,-18493.129149636967,16324.004487152622,-18126.66370963676,24.89667055047854,6790.5,18,18
5,S,716906,716908,15971.740015762423,-17730.754129636938,16324.004487152622,-18126.66370963676,15619.475544372224,-17334.844549637113,27.552129022935127,7064.0,18,18
5,S,716908,716912,15120.818442528598,-16795.554809637026,15619.475544372224,-17334.844549637113,14622.16134068497,-16256.265069636935,26.461171124113786,6872.0,28,28
5,S,716912,715920,14048.578876797372,-15266.57460963697,14622.16134068497,-16256.265069636935,13474.996412909773,-14276.884149637004,24.781163021769103,5502.0,28,28
5,S,715920,763990,13003.681304722264,-13475.101849637202,13474.996412909773,-14276.884149637004,12532.366196534755,-12673.3195496374,28.712664460372668,5927.0,28,28
5,S,763990,716916,12284.8128003442,-12453.573869637334,12532.366196534755,-12673.3195496374,12037.259404153647,-12233.828189637268,28.308154179319004,8027.5,28,28
5,S,716916,716918,11951.590897891485,-12159.91170963722,12037.259404153647,-12233.828189637268,11865.922391629321,-12085.99522963717,24.969899411121308,7804.5,28,28
5,S,716918,716895,11521.035186655397,-11771.961509637076,11865.922391629321,-12085.99522963717,11176.147981681474,-11457.92778963698,26.861683657457846,8498.5,28,28
5,S,716895,715929,11027.449955472795,-11021.55338963689,11176.147981681474,-11457.92778963698,10878.751929264115,-10585.1789896368,29.971440444076865,9381.5,28,28
5,S,715929,716920,10746.97550789893,-10320.627009636752,10878.751929264115,-10585.1789896368,10615.199086533743,-10056.0750296367,32.47023257752677,8549.5,28,28
5,S,716920,768523,10389.639165847706,-9763.136449636737,10615.199086533743,-10056.0750296367,10164.079245161669,-9470.197869636773,35.82428253840965,7441.0,28,28
5,S,768523,716922,9925.747431991458,-9219.672209636905,10164.079245161669,-9470.197869636773,9687.415618821247,-8969.146549637035,33.37869106847065,7325.0,13,13
5,S,716922,763980,9407.771113719115,-8635.910129637174,9687.415618821247,-8969.146549637035,9128.126608616984,-8302.67370963731,34.40887181009899,7467.5,13,13
5,S,763980,716924,9007.738842281771,-8151.055869637276,9128.126608616984,-8302.67370963731,8887.35107594656,-7999.438029637242,45.10455886216795,7792.0,13,13
5,S,716924,718364,8588.848433566895,-7580.874829637269,8887.35107594656,-7999.438029637242,8290.345791187226,-7162.311629637295,49.690893213058956,9226.5,13,13
5,S,718364,716928,8008.995293225331,-6876.386209637026,8290.345791187226,-7162.311629637295,7727.644795263434,-6590.460789636757,52.73520500815462,9759.5,13,13
5,S,716928,718085,7544.089185236747,-6388.025369636887,7727.644795263434,-6590.460789636757,7360.533575210059,-6185.589949637017,55.440833658670456,8928.5,13,13
5,S,718085,716930,7132.529935023812,-6057.571949637117,7360.533575210059,-6185.589949637017,6904.526294837565,-5929.553949637218,47.70292326719027,7429.0,13,13
5,S,716930,715947,6670.390301941658,-5829.588589637284,6904.526294837565,-5929.553949637218,6436.254309045752,-5729.623229637351,45.145938478556644,6546.0,13,13
5,S,715947,716934,5960.512841008348,-5476.14758963702,6436.254309045752,-5729.623229637351,5484.771372970944,-5222.6719496366895,50.435457242210965,7584.5,13,13
5,S,716934,716936,5141.682376686101,-5211.039009636794,5484.771372970944,-5222.6719496366895,4798.5933804012575,-5199.406069636898,58.94764113480831,10028.5,13,13
5,S,716936,759700,4502.257810031879,-5150.814889636978,4798.5933804012575,-5199.406069636898,4205.9222396625,-5102.223709637057,67.26792800498681,12880.0,13,13
5,S,759700,759707,3758.0299523473823,-4871.346029637018,4205.9222396625,-5102.223709637057,3310.1376650322645,-4640.468349636979,67.10642643426158,13161.5,16,16
5,S,759707,716938,2758.179813328631,-4422.0585096371,3310.1376650322645,-4640.468349636979,2206.221961624997,-4203.648669637221,58.650584173276926,8221.0,16,16
5,S,716938,716939,2149.417010217458,-3514.9118296371535,2206.221961624997,-4203.648669637221,2092.612058809919,-2826.174989637086,49.908266151283236,6063.5,16,16
5,S,716939,716940,2264.8251217216184,-2471.231169637057,2092.612058809919,-2826.174989637086,2437.0381846333175,-2116.287349637028,57.41796459103776,7585.5,45,45
5,S,716940,716941,2449.026242560091,-1585.847549637137,2437.0381846333175,-2116.287349637028,2461.014300486864,-1055.4077496372463,65.34489420388267,7491.5,47,47
5,S,716941,716943,2445.890904332454,-961.2310296373313,2461.014300486864,-1055.4077496372463,2430.767508178043,-867.0543096374163,65.04492089546149,7491.5,47,47
5,S,716943,716944,2307.198295700863,-290.30538963738024,2430.767508178043,-867.0543096374163,2183.629083223683,286.44353036265585,65.04492089546149,7491.5,47,47
5,S,716944,716946,1953.8272343483543,930.7080303626868,2183.629083223683,286.44353036265585,1724.0253854730254,1574.9725303627179,63.43874634357448,7626.0,54,54
5,S,716946,716949,1454.6168375235713,1700.4858303630087,1724.0253854730254,1574.9725303627179,1185.2082895741173,1825.9991303632996,62.1354225715022,7762.0,54,54
5,S,716949,718370,698.26259816603,2216.2870503630784,1185.2082895741173,1825.9991303632996,211.31690675794258,2606.5749703628567,49.8570240526018,10372.5,54,54
5,S,718370,716955,-27.66041722274211,2896.173950362947,211.31690675794258,2606.5749703628567,-266.6377412034268,3185.772930363037,34.754884590831864,13466.0,5,5
5,S,716955,718375,-481.7772730761815,3487.1718303629973,-266.6377412034268,3185.772930363037,-696.9168049489361,3788.5707303629574,33.41048079836507,11842.0,5,5
5,S,718375,718376,-895.2269478088281,3995.4032903627995,-696.9168049489361,3788.5707303629574,-1093.5370906687199,4202.235850362642,28.710979688369406,9306.5,5,5
5,S,718376,716958,-1628.4811216995427,4579.054050362812,-1093.5370906687199,4202.235850362642,-2163.4251527303654,4955.8722503629815,22.026202010522837,8892.5,5,5
5,S,716958,716960,-2423.4737939138604,5344.2120703629325,-2163.4251527303654,4955.8722503629815,-2683.522435097355,5732.551890362884,24.215129261999962,8746.0,5,5
5,S,716960,718089,-2790.4927981372625,6014.525450362848,-2683.522435097355,5732.551890362884,-2897.46316117717,6296.4990103628115,27.47651145604789,8821.0,5,5
5,S,718089,718379,-3155.6674857565963,7323.37035036303,-2897.46316117717,6296.4990103628115,-3413.8718103360225,8350.24169036325,27.39849282035643,10089.0,25,25
5,S,718379,718090,-3497.0504891823316,8741.364510363292,-3413.8718103360225,8350.24169036325,-3580.2291680286407,9132.487330363336,30.784129205050057,11435.5,25,25
5,S,718090,759747,-4081.5605289487253,9579.882410363287,-3580.2291680286407,9132.487330363336,-4582.89188986881,10027.277490363236,34.02706589544678,10799.5,25,25
5,S,759747,764417,-4757.0875931295395,10355.114890363282,-4582.89188986881,10027.277490363236,-4931.283296390268,10682.95229036333,30.234438427656535,9290.0,25,25
5,S,764417,716965,-4951.063591970165,10707.220050362965,-4931.283296390268,10682.95229036333,-4970.8438875500615,10731.4878103626,28.517830139486172,8920.0,25,25
5,S,716965,759762,-5262.384234748994,10998.37751036268,-4970.8438875500615,10731.4878103626,-5553.924581947925,11265.26721036276,28.502670202687415,9145.5,25,25
5,S,759762,759772,-5616.400806913286,11319.31307036275,-5553.924581947925,11265.26721036276,-5678.877031878647,11373.358930362741,28.13547702500975,9174.0,25,25
5,S,759772,759783,-5917.808247944346,11782.237290363042,-5678.877031878647,11373.358930362741,-6156.739464010043,12191.115650363343,32.771784381217856,9420.5,25,25
5,S,759783,716977,-6567.238232176311,12646.525770363227,-6156.739464010043,12191.115650363343,-6977.7370003425785,13101.935890363111,37.139206993617506,9324.5,25,25
5,S,716977,716975,-7109.974500859602,13203.07011036286,-6977.7370003425785,13101.935890363111,-7242.212001376624,13304.20433036261,37.60788565833403,8443.5,25,25
5,S,716975,716979,-7735.151721747443,13721.76565036274,-7242.212001376624,13304.20433036261,-8228.091442118262,14139.326970362872,37.13676041651452,8036.0,25,25
5,S,716979,716983,-8651.408210683036,14534.846930362888,-8228.091442118262,14139.326970362872,-9074.72497924781,14930.366890362902,36.548209974047694,8595.5,32,32
5,S,716983,716986,-9449.30568154809,15506.05827036284,-9074.72497924781,14930.366890362902,-9823.88638384837,16081.749650362779,37.40521909940303,9113.0,32,32
5,S,716986,716989,-10347.672299424152,16629.7223503627,-9823.88638384837,16081.749650362779,-10871.458214999933,17177.695050362618,40.4443736606007,9194.5,49,49
5,S,716989,716991,-11146.169173186003,17217.658930362963,-10871.458214999933,17177.695050362618,-11420.880131372072,17257.622810363308,45.04943262141859,9320.0,49,49
5,S,716991,716993,-11889.336548823176,17477.813770363042,-11420.880131372072,17257.622810363308,-12357.79296627428,17698.004730362773,47.755321912544495,8672.0,49,49
5,S,716993,716996,-12857.971629317068,17731.289410362973,-12357.79296627428,17698.004730362773,-13358.150292359855,17764.574090363178,46.552267311578476,7844.0,49,49
5,S,716996,716999,-13501.960879567458,17796.188970363248,-13358.150292359855,17764.574090363178,-13645.771466775059,17827.803850363318,48.46984713382565,8037.5,49,49
5,S,716999,717001,-14215.619189538878,18056.176830362958,-13645.771466775059,17827.803850363318,-14785.466912302698,18284.549810362594,50.56294547993845,8787.0,49,49
5,S,717001,717002,-15404.511780481536,18639.27099036279,-14785.466912302698,18284.549810362594,-16023.556648660375,18993.992170362988,51.301990594779554,13650.5,49,49
5,S,717002,764151,-16114.527565159153,19097.40845036291,-16023.556648660375,18993.992170362988,-16205.49848165793,19200.82473036283,49.4536095974952,12643.5,49,49
5,S,764151,715996,-16402.840358301128,19425.69113036302,-16205.49848165793,19200.82473036283,-16600.182234944325,19650.557530363207,45.44502648368831,9257.0,49,49
5,S,715996,717004,-16688.340568621687,19752.470990362966,-16600.182234944325,19650.557530363207,-16776.49890229905,19854.384450362726,41.00052931963519,13556.5,49,49
5,S,717004,717006,-16973.149160215475,20078.916890362965,-16776.49890229905,19854.384450362726,-17169.7994181319,20303.449330363204,38.26004779218648,15637.5,49,49
5,S,717006,759228,-17436.948678241744,20605.738790362895,-17169.7994181319,20303.449330363204,-17704.09793835159,20908.028250362586,37.863392494324,14473.0,48,48
5,S,759228,759250,-17815.72520081699,21035.656630362675,-17704.09793835159,20908.028250362586,-17927.352463282383,21163.285010362768,32.05179709039903,14237.0,48,48
5,S,759250,718392,-18205.290975526063,21538.48907036306,-17927.352463282383,21163.285010362768,-18483.229487769742,21913.69313036335,22.949840401001055,11693.5,48,48
5,S,718392,718393,-18652.49164411441,22168.3376303631,-18483.229487769742,21913.69313036335,-18821.75380045907,22422.982130362852,18.9428127066504,8019.5,12,12
5,S,718393,759822,-18960.123653684444,22590.68571036301,-18821.75380045907,22422.982130362852,-19098.493506909814,22758.389290363168,19.777348739440242,8200.0,12,12
5,S,759822,759844,-19187.896754295754,22910.675050363097,-19098.493506909814,22758.389290363168,-19277.300001681695,23062.960810363027,25.972516326873063,8391.0,12,12
5,S,759844,759835,-19364.53617705735,23168.492170363144,-19277.300001681695,23062.960810363027,-19451.772352433003,23274.02353036326,31.57555354163687,8306.5,12,12
5,S,759835,759850,-19530.93964266561,23361.07577036297,-19451.772352433003,23274.02353036326,-19610.10693289822,23448.128010362685,30.83384285441393,7774.5,12,12
5,S,759850,759858,-20696.178873160286,24742.33433036265,-19610.10693289822,23448.128010362685,-21782.250813422357,26036.540650362615,41.61033336642181,8706.0,26,26
5,S,759858,718405,-22245.958115617344,26652.084590362785,-21782.250813422357,26036.540650362615,-22709.665417812335,27267.628530362952,58.344258647050665,11904.5,29,29
5,S,718405,774344,-22973.58712386457,27659.808890363092,-22709.665417812335,27267.628530362952,-23237.508829916806,28051.989250363236,64.0215462134316,13297.0,29,29
5,S,774344,775536,-23741.37612616773,28445.783750363258,-23237.508829916806,28051.989250363236,-24245.243422418655,28839.57825036328,,,29,29
5,S,775536,768701,-24447.933817213456,29274.060210363008,-24245.243422418655,28839.57825036328,-24650.624212008257,29708.542170362733,67.84056430927079,5458.0,50,50
5,S,768701,759172,-25302.91288697663,30117.142230362944,-24650.624212008257,29708.542170362733,-25955.201561944996,30525.74229036316,62.882384180684596,8257.0,50,50
5,S,759172,759870,-27408.799693496636,31518.49405036291,-25955.201561944996,30525.74229036316,-28862.397825048272,32511.24581036266,46.44569829134218,10187.0,50,50
5,S,759870,716010,-29083.577493800054,33028.99513036295,-28862.397825048272,32511.24581036266,-29304.757162551836,33546.74445036324,40.28499235843944,9189.5,50,50
5,S,716010,759888,-29498.272082240626,33900.68639036303,-29304.757162551836,33546.74445036324,-29691.787001929417,34254.62833036282,51.43937222898858,8888.5,50,50
5,S,759888,759900,-29804.61307018775,34468.91933036282,-29691.787001929417,34254.62833036282,-29917.439138446083,34683.21033036282,59.71779696030022,8348.5,50,50
5,S,759900,774514,-30166.975174985666,35447.644770362785,-29917.439138446083,34683.21033036282,-30416.51121152525,36212.079210362754,62.15964164891618,7981.0,50,50
5,S,774514,769090,-30431.63460767966,36291.39471036302,-30416.51121152525,36212.079210362754,-30446.75800383407,36370.71021036328,65.425633556656,6866.0,50,50
5,S,769090,772055,-30668.99815463252,37142.046490363224,-30446.75800383407,36370.71021036328,-30891.238305430972,37913.38277036317,65.425633556656,6866.0,50,50
5,S,772055,759906,-30915.168313369533,37981.78891036289,-30891.238305430972,37913.38277036317,-30939.098321308094,38050.195050362614,65.26627947295422,5768.0,50,50
5,S,759906,759914,-31202.420624464186,38735.2026703626,-30939.098321308094,38050.195050362614,-31465.74292762028,39420.2102903626,61.34260193269674,5106.0,50,50
5,S,759914,716016,-31754.88566323399,39996.959210362635,-31465.74292762028,39420.2102903626,-32044.0283988477,40573.70813036267,60.71233020608804,4654.0,50,50
5,S,716016,769030,-32326.53159468689,40865.14389036287,-32044.0283988477,40573.70813036267,-32609.034790526082,41156.57965036307,65.74371402224094,5422.5,50,50
5,S,769030,769043,-32786.27361618382,41319.27383036282,-32609.034790526082,41156.57965036307,-32963.51244184156,41481.96801036257,65.93073862134283,5365.0,50,50
5,S,769043,769055,-33166.9866711931,41611.433170362776,-32963.51244184156,41481.96801036257,-33370.46090054465,41740.89833036298,64.40770237117306,4372.0,50,50
5,S,769055,759927,-33969.956012719835,42432.97477036292,-33370.46090054465,41740.89833036298,-34569.45112489502,43125.05121036286,63.37022343380248,3416.5,50,50
5,S,759927,773630,-34570.97268609287,43312.12447036276,-34569.45112489502,43125.05121036286,-34572.49424729072,43499.197730362655,62.30482734319944,2838.0,50,50
5,S,773630,759933,-34936.23958954218,45624.073890362655,-34572.49424729072,43499.197730362655,-35299.98493179364,47748.950050362655,68.315598027127,1622.0,50,50
10,E,759257,737229,-22166.929149129697,-5455.1637696370035,-22343.199708570086,-5621.308869637141,-21990.65858968931,-5289.018669636867,62.29619858143387,7034.5,31,31
10,E,737229,737237,-21710.967976671534,-5066.545649636964,-21990.65858968931,-5289.018669636867,-21431.27736365376,-4844.072629637062,58.82716267456462,7526.0,31,31
10,E,737237,737246,-21117.74354095031,-4742.604449636969,-21431.27736365376,-4844.072629637062,-20804.20971824686,-4641.136269636874,55.59820443977304,8032.5,31,31
10,E,737246,737257,-20465.316542236324,-4539.445449636947,-20804.20971824686,-4641.136269636874,-20126.42336622579,-4437.75462963702,57.60376337768105,8314.5,31,31
10,E,737257,765506,-19673.920287400826,-4373.912609636846,-20126.42336622579,-4437.75462963702,-19221.417208575866,-4310.070589636673,60.97657865184011,9052.5,31,31
10,E,765506,737278,-19080.004232953484,-4264.652029637047,-19221.417208575866,-4310.070589636673,-18938.591257331107,-4219.233469637423,60.68956457870353,9640.0,31,31
10,E,737278,764054,-18523.0667264188,-4122.663369637223,-18938.591257331107,-4219.233469637423,-18107.5421955065,-4026.0932696370223,56.774735658779775,8708.0,31,31
10,E,764054,718410,-17792.025732453367,-3975.2756896371866,-18107.5421955065,-4026.0932696370223,-17476.50926940023,-3924.4581096373504,55.04543498063293,7398.5,31,31
10,E,718410,764125,-17380.881453475966,-3918.6138096370773,-17476.50926940023,-3924.4581096373504,-17285.253637551705,-3912.7695096368043,55.501023062860355,6608.5,31,31
10,E,764125,764130,-17277.27696823863,-3912.5468696369708,-17285.253637551705,-3912.7695096368043,-17269.30029892556,-3912.3242296371373,54.26439582962038,5858.5,31,31
10,E,764130,718412,-16937.784389331297,-3910.2091496369403,-17269.30029892556,-3912.3242296371373,-16606.26847973703,-3908.094069636744,51.57086101707257,6726.5,31,31
10,E,718412,763336,-16338.565924646686,-3910.376129636915,-16606.26847973703,-3908.094069636744,-16070.863369556339,-3912.6581896370853,47.8583712202853,8885.5,31,31
10,E,763336,717008,-15892.425738105661,-3964.8672696369676,-16070.863369556339,-3912.6581896370853,-15713.988106654984,-4017.0763496368495,47.47778034977301,10454.5,31,31
10,E,717008,717009,-15324.099576540346,-4083.478729636887,-15713.988106654984,-4017.0763496368495,-14934.211046425708,-4149.881109636924,45.254512001816366,11338.5,31,31
10,E,717009,768584,-14471.610334193028,-4139.750989636794,-14934.211046425708,-4149.881109636924,-14009.009621960351,-4129.620869636663,39.766879380180015,10213.5,31,31
10,E,768584,717011,-13879.354164689154,-4047.021429636784,-14009.009621960351,-4129.620869636663,-13749.698707417958,-3964.421989636905,34.76388627985234,9678.5,31,31
10,E,717011,716036,-13506.018376096144,-3790.261849636834,-13749.698707417958,-3964.421989636905,-13262.338044774331,-3616.1017096367636,33.335426978706494,10380.0,31,31
10,E,716036,717014,-12996.29537462745,-3474.9479496368076,-13262.338044774331,-3616.1017096367636,-12730.25270448057,-3333.794189636852,29.963799930820613,9942.0,31,31
10,E,717014,717016,-12531.158727063932,-3363.4609696370935,-12730.25270448057,-3333.794189636852,-12332.064749647296,-3393.127749637335,28.338668400745114,9157.5,31,31
10,E,717016,717020,-12177.833773625756,-3433.592569637207,-12332.064749647296,-3393.127749637335,-12023.602797604215,-3474.057389637079,36.16163112028153,8536.5,31,31
10,E,717020,717022,-11789.37458887899,-3534.8381096370717,-12023.602797604215,-3474.057389637079,-11555.146380153767,-3595.6188296370647,36.28455116591914,10036.5,31,31
10,E,717022,718415,-11325.160099617835,-3637.5864696370973,-11555.146380153767,-3595.6188296370647,-11095.173819081901,-3679.55410963713,33.578412589072435,12022.5,44,44
10,E,718415,763963,-10749.318347890629,-3665.750429637178,-11095.173819081901,-3679.55410963713,-10403.462876699354,-3651.9467496372263,35.54511634550691,11445.0,44,44
10,E,763963,764249,-10347.165112357983,-3649.3307296371077,-10403.462876699354,-3651.9467496372263,-10290.86734801661,-3646.714709636989,37.83628765316728,9824.5,8,8
10,E,764249,717028,-10106.159040111972,-3637.9760896369044,-10290.86734801661,-3646.714709636989,-9921.450732207331,-3629.23746963682,38.303974474933746,9566.5,8,8
10,E,717028,716047,-9785.247950992249,-3619.7752696369807,-9921.450732207331,-3629.23746963682,-9649.045169777166,-3610.3130696371413,40.313015615735175,9343.5,8,8
10,E,716047,716050,-9360.547944974587,-3592.8358296369724,-9649.045169777166,-3610.3130696371413,-9072.050720172008,-3575.3585896368036,42.77063876822339,8700.5,8,8
10,E,716050,717032,-8686.40411824666,-3553.2615696368293,-9072.050720172008,-3575.3585896368036,-8300.757516321315,-3531.164549636855,39.61139217178972,10278.5,8,8
10,E,717032,717035,-7751.058952457944,-3458.3612696367636,-8300.757516321315,-3531.164549636855,-7201.360388594572,-3385.557989636672,36.26741675543809,12393.0,8,8
10,E,717035,763346,-7027.118577418201,-3361.7355096367037,-7201.360388594572,-3385.557989636672,-6852.8767662418295,-3337.9130296367357,37.232239113726344,11403.0,8,8
10,E,763346,716057,-6749.226173089508,-3329.953649637057,-6852.8767662418295,-3337.9130296367357,-6645.5755799371855,-3321.9942696373782,36.63482847481302,9932.5,8,8
10,E,716057,717039,-6350.1160599545265,-3322.439549637045,-6645.5755799371855,-3321.9942696373782,-6054.6565399718675,-3322.8848296367114,32.19906775821911,10214.0,8,8
10,E,717039,737184,-5664.814117771561,-3328.6178096368703,-6054.6565399718675,-3322.8848296367114,-5274.971695571253,-3334.350789637029,28.963322151131525,9732.5,8,8
10,E,737184,717042,-5203.273887585548,-3335.575309637101,-5274.971695571253,-3334.350789637029,-5131.576079599845,-3336.7998296371734,30.927943292826406,8596.0,8,8
10,E,717042,718335,-4788.210435824424,-3338.135669636965,-5131.576079599845,-3336.7998296371734,-4444.844792049003,-3339.471509636756,36.01655922550377,9165.5,8,8
10,E,718335,717046,-4307.48931295597,-3336.966809636752,-4444.844792049003,-3339.471509636756,-4170.133833862935,-3334.4621096367478,32.831223596812045,10530.5,8,8
10,E,717046,759385,-4073.952722956861,-3324.3319896370126,-4170.133833862935,-3334.4621096367478,-3977.7716120507876,-3314.2018696372775,30.11247292542574,9050.5,8,8
10,E,759385,764026,-3876.4725225687016,-3291.7152296371005,-3977.7716120507876,-3314.2018696372775,-3775.173433086616,-3269.2285896369235,24.391316366688315,6225.5,8,8
10,E,764026,759280,-3427.1969978006964,-3234.4410896369554,-3775.173433086616,-3269.2285896369235,-3079.2205625147767,-3199.653589636987,19.272129933574394,5333.0,9,9
10,E,759280,718419,-3001.989804716867,-3214.069529636975,-3079.2205625147767,-3199.653589636987,-2924.759046918957,-3228.485469636963,43.745555037208206,6408.0,9,9
10,E,718419,763453,-2335.960971047629,-3598.513149636876,-2924.759046918957,-3228.485469636963,-1747.162895176301,-3968.5408296367887,65.79219935037762,7363.0,9,9
10,E,763453,718421,-1445.4788066540093,-4137.023649636956,-1747.162895176301,-3968.5408296367887,-1143.7947181317177,-4305.506469637123,67.25212216344866,8522.0,9,9
10,E,718421,763458,-704.3401792808527,-4553.97270963705,-1143.7947181317177,-4305.506469637123,-264.88564042998763,-4802.438949636977,66.71036502046891,9251.5,9,9
10,E,763458,737158,155.29578990780405,-4648.761689637001,-264.88564042998763,-4802.438949636977,575.4772202455957,-4495.084429637025,63.5355750536272,9140.0,16,16
10,E,737158,737313,720.2099657555598,-4425.899049636895,575.4772202455957,-4495.084429637025,864.9427112655237,-4356.713669636766,62.29311802710241,5531.0,16,16
10,E,737313,737320,1313.1116460712187,-2899.033929637037,864.9427112655237,-4356.713669636766,1761.280580876914,-1441.3541896373079,63.70953170729293,2243.0,16,16
10,E,737320,716028,2011.6926678038722,-1367.8829896373209,1761.280580876914,-1441.3541896373079,2262.1047547308303,-1294.4117896373339,66.38800109642582,2908.5,47,47
10,E,716028,716067,2477.7053657541105,-1314.7833496373141,2262.1047547308303,-1294.4117896373339,2693.3059767773907,-1335.1549096372944,68.96234972468157,2519.0,47,47
10,E,716067,716069,2861.369327329772,-1390.5366096370763,2693.3059767773907,-1335.1549096372944,3029.4326778821533,-1445.9183096368583,65.8170809795319,3844.5,45,45
10,E,716069,716072,3247.799763811864,-1428.997669636866,3029.4326778821533,-1445.9183096368583,3466.166849741575,-1412.0770296368737,64.40814209141985,6690.0,45,45
10,E,716072,717059,3682.551295322256,-1351.7972496368027,3466.166849741575,-1412.0770296368737,3898.9357409029376,-1291.5174696367317,67.12000263409155,8153.0,45,45
10,E,717059,716075,4180.0095913736,-1285.2278896367918,3898.9357409029376,-1291.5174696367317,4461.083441844263,-1278.938309636852,67.16087028078312,8876.0,45,45
10,E,716075,716078,4775.3088832744825,-1280.1071696370648,4461.083441844263,-1278.938309636852,5089.534324704702,-1281.2760296372776,65.95324672747626,9482.5,45,45
10,E,716078,765098,5526.40682030974,-1069.3784096371724,5089.534324704702,-1281.2760296372776,5963.279315914779,-857.4807896370669,65.91617693283362,7342.0,27,27
10,E,765098,716081,6054.711311565392,-809.2235696370943,5963.279315914779,-857.4807896370669,6146.143307216006,-760.9663496371218,67.5026018378065,5132.0,27,27
10,E,716081,737344,6324.212075345476,-682.6527296371006,6146.143307216006,-760.9663496371218,6502.280843474945,-604.3391096370794,67.86780309248182,4982.0,27,27
10,E,737344,717070,6654.8058266367225,-609.2928496372281,6502.280843474945,-604.3391096370794,6807.330809798499,-614.2465896373767,66.14261761819597,4725.5,27,27
10,E,717070,716085,7025.974543219442,-578.5685296372839,6807.330809798499,-614.2465896373767,7244.618276640385,-542.890469637191,64.81847802786709,4665.0,27,27
10,E,716085,716087,7567.788653600372,-322.25422963700123,7244.618276640385,-542.890469637191,7890.959030560357,-101.6179896368115,62.4121291568925,7247.0,27,27
10,E,716087,765451,8155.572355339364,71.54027036302026,7890.959030560357,-101.6179896368115,8420.18568011837,244.698530362852,65.1421325697533,6844.5,27,27
10,E,765451,716092,8790.570562144345,370.37881036272125,8420.18568011837,244.698530362852,9160.95544417032,496.0590903625905,67.112941424891,7211.0,27,27
10,E,716092,717077,9463.79223056991,500.7345303626508,9160.95544417032,496.0590903625905,9766.629016969498,505.4099703627111,66.05983586132962,7450.0,27,27
10,E,717077,717075,9839.756170323733,505.7995903629138,9766.629016969498,505.4099703627111,9912.883323677966,506.1892103631166,66.68848240334799,6739.0,27,27
10,E,717075,717089,10356.533682803136,511.5325703630725,9912.883323677966,506.1892103631166,10800.184041928305,516.8759303630284,66.91286541288723,7492.5,27,27
10,E,717089,717083,10879.351332160913,518.1004503631007,10800.184041928305,516.8759303630284,10958.518622393522,519.324970363173,66.5707132468627,7742.5,27,27
10,E,717083,717084,11191.363593665857,525.6702103629723,10958.518622393522,519.324970363173,11424.208564938195,532.0154503627716,66.34081112897026,8072.0,27,27
10,E,717084,717093,11784.311381896505,537.0805103630347,11424.208564938195,532.0154503627716,12144.414198854814,542.1455703632978,64.00519286567197,8675.5,27,27
10,E,717093,717097,12224.411431559154,542.9804703631673,12144.414198854814,542.1455703632978,12304.408664263494,543.8153703630369,61.26735028908358,8440.5,27,27
10,E,717097,717105,12617.158652410197,546.6540303629887,12304.408664263494,543.8153703630369,12929.9086405569,549.4926903629405,55.5799756445888,8762.5,27,27
10,E,717105,717110,13034.481392011585,551.4407903627679,12929.9086405569,549.4926903629405,13139.054143466268,553.3888903625952,50.320011839432695,8889.0,27,27
10,E,717110,717114,13444.565188941659,557.1737703629266,13139.054143466268,553.3888903625952,13750.076234417049,560.9586503632579,47.44508431471512,9000.0,27,27
10,E,717114,718445,13846.5339928137,562.4058103631636,13750.076234417049,560.9586503632579,13942.991751210351,563.8529703630693,44.81060386814052,9102.5,27,27
10,E,718445,717123,14280.640013512962,568.584070362989,13942.991751210351,563.8529703630693,14618.288275815574,573.3151703629087,43.925690802772436,9375.0,41,41
10,E,717123,717127,15004.211525231498,580.3283303629992,14618.288275815574,573.3151703629087,15390.134774647422,587.3414903630896,52.517490833438174,8794.0,41,41
10,E,717127,717131,15510.891404303184,588.0094103629852,15390.134774647422,587.3414903630896,15631.648033958945,588.6773303628809,62.66403909278438,8055.5,41,41
10,E,717131,717133,15776.84185862009,589.9575103628126,15631.648033958945,588.6773303628809,15922.035683281236,591.2376903627444,64.20820969279393,8194.0,41,41
10,E,717133,717136,16494.557665120858,601.5904503627085,15922.035683281236,591.2376903627444,17067.07964696048,611.9432103626724,63.1795101401144,7851.5,41,41
10,E,717136,716126,17272.352085001105,592.0169303627545,17067.07964696048,611.9432103626724,17477.624523041733,572.0906503628364,63.7958354115721,7643.0,41,41
10,E,716126,717146,17989.74513609565,379.28441036277957,17477.624523041733,572.0906503628364,18501.86574914957,186.47817036272272,66.58399650146632,7802.5,17,17
10,E,717146,774440,18757.303598822564,156.47743036292908,18501.86574914957,186.47817036272272,19012.74144849556,126.47669036313545,67.17308821651986,7833.0,17,17
10,E,774440,717152,19342.22860982515,128.25781036298892,19012.74144849556,126.47669036313545,19671.715771154744,130.0389303628424,68.35742625946227,7662.0,17,17
10,E,717152,717155,20039.195854529327,75.88175036273725,19671.715771154744,130.0389303628424,20406.67593790391,21.724570362632107,67.080508001526,7828.5,17,17
10,E,717155,717156,20947.15291874694,-145.75636963729593,20406.67593790391,21.724570362632107,21487.629899589967,-313.237309637224,65.52882044540864,8181.5,17,17
10,E,717156,768173,21972.50073481774,-238.37460963719082,21487.629899589967,-313.237309637224,22457.371570045514,-163.51190963715766,63.68290457627166,8134.5,17,17
10,E,768173,775552,23013.1563787029,-71.78422963699177,22457.371570045514,-163.51190963715766,23568.941187360288,19.943450363174122,62.11175800531578,7901.0,17,17
10,E,775552,717165,23815.2957777579,59.796010363010055,23568.941187360288,19.943450363174122,24061.650368155515,99.64857036284599,65.58789923052598,9487.0,17,17
10,E,717165,775030,24213.022653439995,121.30031036275795,24061.650368155515,99.64857036284599,24364.394938724476,142.95205036266992,65.58789923052598,9487.0,17,17
10,E,775030,717174,25127.388717856535,265.57103036275396,24364.394938724476,142.95205036266992,25890.38249698859,388.19001036283794,59.67316245318352,8544.0,17,17
10,E,717174,764222,26321.537611120817,443.0151103628387,25890.38249698859,388.19001036283794,26752.692725253048,497.84021036283946,58.42623792159121,8801.5,17,17
10,E,764222,717179,27103.620067106,542.8134903627979,26752.692725253048,497.84021036283946,27454.547408958955,587.7867703627564,55.800014541355324,9098.5,17,17
10,E,717179,763695,27822.673003144664,604.3177903629413,27454.547408958955,587.7867703627564,28190.798597330377,620.8488103631262,54.543074511360366,9582.5,17,17
10,E,763695,717185,28559.800241903467,616.8412903629616,28190.798597330377,620.8488103631262,28928.801886476555,612.8337703627969,54.884684706362734,9269.0,17,17
10,E,717185,717190,29041.074659753078,611.3866103628912,28928.801886476555,612.8337703627969,29153.3474330296,609.9394503629856,53.979295627565136,8895.5,17,17
10,E,717190,716152,29474.212414234993,605.9319303628208,29153.3474330296,609.9394503629856,29795.07739544038,601.9244103626562,54.12210607980428,10926.5,17,17
10,E,716152,717195,30245.04453893516,596.3027503630074,29795.07739544038,601.9244103626562,30695.011682429937,590.6810903633586,56.94381356311389,11105.5,40,40
10,E,717195,717198,30778.605332512438,589.6235503632603,30695.011682429937,590.6810903633586,30862.19898259494,588.5660103631619,59.53737375698782,10266.5,40,40
10,E,717198,764217,31212.665245296055,583.6679303628728,30862.19898259494,588.5660103631619,31563.131507997172,578.7698503625836,60.54764344221353,11431.0,40,40
10,E,764217,717205,32037.305306921087,570.5878303626758,31563.131507997172,578.7698503625836,32511.479105845003,562.4058103627681,62.87927113501864,11337.5,24,24
10,E,717205,718118,32913.40180180206,560.5690303630552,32511.479105845003,562.4058103627681,33315.32449775911,558.7322503633422,62.55463882107621,10780.5,19,19
10,E,718118,717214,33628.76610463258,553.5002103631052,33315.32449775911,558.7322503633422,33942.20771150606,548.2681703628682,64.25077191723958,10201.5,19,19
10,E,717214,717219,34304.708140049595,477.6356303628331,33942.20771150606,548.2681703628682,34667.20856859312,407.00309036279805,68.71576617484946,10025.5,19,19
10,E,717219,718119,34798.47780289214,328.8564503627508,34667.20856859312,407.00309036279805,34929.74703719116,250.70981036270354,69.14992787684679,10036.5,19,19
10,E,718119,763479,36075.667051257784,198.33375036284735,34929.74703719116,250.70981036270354,37221.5870653244,145.95769036299117,67.5958796815556,9596.0,19,19
10,E,763479,717236,38289.492487035706,-99.39158963689579,37221.5870653244,145.95769036299117,39357.39790874701,-344.74086963678275,64.03971796202086,8691.0,19,19
10,E,717236,716181,39940.201955654295,-136.29416963706092,39357.39790874701,-344.74086963678275,40523.006002561575,72.15253036266091,61.2911329974292,8592.0,19,19
10,E,716181,717241,41257.22844266964,370.49013036283566,40523.006002561575,72.15253036266091,41991.4508827777,668.8277303630105,61.86287933004846,9594.0,19,19
10,E,717241,717243,42288.431963958865,670.8314903630928,41991.4508827777,668.8277303630105,42585.413045140034,672.8352503631752,63.40717431278574,10009.0,19,19
10,E,717243,716187,43023.7148861136,613.1120703628852,42585.413045140034,672.8352503631752,43462.01672708717,553.3888903625952,63.63769099419188,10205.0,19,19
10,E,716187,717247,43843.69804831315,502.014710362978,43462.01672708717,553.3888903625952,44225.37936953912,450.64053036336077,65.76202424529053,9880.5,19,19
10,E,717247,768328,44573.678560230604,576.8217503631518,44225.37936953912,450.64053036336077,44921.97775092209,703.0029703629427,66.48744858831162,9178.0,19,19
10,E,768328,717251,45201.66836393986,841.8190103628683,44921.97775092209,703.0029703629427,45481.358976957636,980.6350503627939,65.83824157462058,8427.0,20,20
10,E,717251,717254,45879.08585264039,1177.337490362901,45481.358976957636,980.6350503627939,46276.81272832314,1374.0399303630081,66.74025166348414,8767.5,20,20
10,E,717254,774729,46765.69495216527,1507.5126103629777,46276.81272832314,1374.0399303630081,47254.5771760074,1640.9852903629476,67.24759380962476,9434.0,20,20
10,E,774729,717257,47286.80660866459,1641.4862303628693,47254.5771760074,1640.9852903629476,47319.036041321786,1641.987170362791,63.082462462462466,6660.0,20,20
10,E,717257,717260,47826.315323289615,1651.8389903628333,47319.036041321786,1641.987170362791,48333.59460525744,1661.6908103628757,65.2334462658063,7813.0,20,20
10,E,717260,774744,48598.39236169706,1665.9209703628737,48333.59460525744,1661.6908103628757,48863.19011813666,1670.1511303628718,67.38443006915013,8966.0,20,20
10,W,759259,737232,-22179.74714952886,-5440.302549636954,-22354.54225568573,-5608.507069637032,-22004.952043371988,-5272.098029636875,59.697853200326364,5102.5,31,31
10,W,737232,764050,-21828.86591559155,-5106.4538696370555,-22004.952043371988,-5272.098029636875,-21652.77978781111,-4940.809709637236,61.248238143497616,5722.5,31,31
10,W,764050,737242,-21547.100446394114,-4883.368589637117,-21652.77978781111,-4940.809709637236,-21441.421104977122,-4825.927469636998,63.4227149072467,6271.5,31,31
10,W,737242,737258,-20785.489904714945,-4622.768469636976,-21441.421104977122,-4825.927469636998,-20129.55870445277,-4419.6094696369555,50.691625252177374,7479.5,31,31
10,W,737258,763490,-19980.860678244746,-4382.985189636878,-20129.55870445277,-4419.6094696369555,-19832.16265203672,-4346.360909636802,35.66258412531088,8738.5,31,31
10,W,763490,737269,-19631.50100550594,-4343.52224963685,-19832.16265203672,-4346.360909636802,-19430.839358975154,-4340.683589636898,35.97095786036499,8163.0,31,31
10,W,737269,764059,-18771.12730967487,-4174.649809636876,-19430.839358975154,-4340.683589636898,-18111.415260374582,-4008.6160296368535,41.89212598721458,7787.0,31,31
10,W,764059,718411,-17786.400566810527,-3955.794689636935,-18111.415260374582,-4008.6160296368535,-17461.385873246472,-3902.973349637017,45.171593043389215,7588.0,31,31
10,W,718411,737292,-17040.9277954181,-3893.5668096370364,-17461.385873246472,-3902.973349637017,-16620.469717589735,-3884.1602696370564,44.957891549804316,9621.5,31,31
10,W,737292,763325,-16377.434897079052,-3884.828189636952,-16620.469717589735,-3884.1602696370564,-16134.400076568369,-3885.496109636848,43.824291428560635,10880.0,31,31
10,W,763325,716032,-15922.211451262647,-3941.1561096371133,-16134.400076568369,-3885.496109636848,-15710.022825956927,-3996.816109637379,44.962002535310376,10225.0,31,31
10,W,716032,763341,-15322.992986578036,-4061.8826496372294,-15710.022825956927,-3996.816109637379,-14935.963147199147,-4126.94918963708,42.32443528795115,10628.5,31,31
10,W,763341,718099,-14470.042665078883,-4114.370029637201,-14935.963147199147,-4126.94918963708,-14004.122182958617,-4101.790869637321,30.53761964673186,9927.0,31,31
10,W,718099,717012,-13639.96186947162,-3849.762389637291,-14004.122182958617,-4101.790869637321,-13275.801555984623,-3597.7339096372616,26.334956561142278,8206.5,31,31
10,W,717012,717015,-13019.257116348661,-3459.5301296369767,-13275.801555984623,-3597.7339096372616,-12762.712676712701,-3321.3263496366917,21.48960415412047,7161.0,31,31
10,W,717015,717019,-12389.33078020536,-3387.506089636895,-12762.712676712701,-3321.3263496366917,-12015.94888369802,-3453.685829637099,15.006309260477114,6950.0,31,31
10,W,717019,718414,-11553.99368227647,-3553.5398696369175,-12015.94888369802,-3453.685829637099,-11092.03848085492,-3653.393909636736,14.147853855708641,5965.5,31,31
10,W,718414,764244,-10691.729561926344,-3635.3044096369267,-11092.03848085492,-3653.393909636736,-10291.420642997768,-3617.214909637117,13.623071409261014,5757.5,44,44
10,W,764244,773647,-10211.238978632824,-3612.9847496371194,-10291.420642997768,-3617.214909637117,-10131.05731426788,-3608.754589637121,15.19169206094627,6235.0,8,8
10,W,773647,717026,-10026.807318219417,-3603.0216096369622,-10131.05731426788,-3608.754589637121,-9922.557322170951,-3597.2886296368038,9.265721844293273,5292.0,8,8
10,W,717026,717029,-9786.308433040227,-3589.6632096370727,-9922.557322170951,-3597.2886296368038,-9650.059543909503,-3582.0377896373416,15.973866508738816,5331.0,8,8
10,W,717029,717031,-9361.37788744632,-3566.6199696371145,-9650.059543909503,-3582.0377896373416,-9072.696230983138,-3551.2021496368875,17.94338752815152,6295.5,8,8
10,W,717031,718103,-8960.377349790971,-3545.023889637062,-9072.696230983138,-3551.2021496368875,-8848.058468598807,-3538.8456296372365,10.306121071994124,6485.5,8,8
10,W,718103,717033,-8582.937956754287,-3522.53724963728,-8848.058468598807,-3538.8456296372365,-8317.817444909768,-3506.2288696373244,12.689285406214568,5808.5,8,8
10,W,717033,763330,-7760.142211733326,-3432.9803096371706,-8317.817444909768,-3506.2288696373244,-7202.466978556883,-3359.7317496370174,13.156261345561813,6122.0,8,8
10,W,763330,717036,-6923.9751713320475,-3325.556509637085,-7202.466978556883,-3359.7317496370174,-6645.483364107212,-3291.381269637153,7.809582341723231,5501.5,8,8
10,W,717036,763743,-6629.4378096510945,-3290.6020296371426,-6645.483364107212,-3291.381269637153,-6613.392255194977,-3289.8227896371327,12.870883122378107,4773.5,8,8
10,W,763743,776177,-6533.302806660007,-3287.6520496370767,-6613.392255194977,-3289.8227896371327,-6453.213358125038,-3285.4813096370203,18.464031700873807,4921.0,8,8
10,W,776177,717040,-6253.473869897272,-3287.0397896370405,-6453.213358125038,-3285.4813096370203,-6053.734381669506,-3288.59826963706,12.878130311614733,5295.0,8,8
10,W,717040,717041,-5846.617627024809,-3290.3237296370544,-6053.734381669506,-3288.59826963706,-5639.500872380113,-3292.0491896370486,11.993470613897035,5212.5,8,8
10,W,717041,716063,-5384.5241018576435,-3297.2255696370303,-5639.500872380113,-3292.0491896370486,-5129.547331335173,-3302.4019496370124,19.78491827860249,5197.5,8,8
10,W,716063,717043,-5023.406910766998,-3304.2387296371207,-5129.547331335173,-3302.4019496370124,-4917.266490198823,-3306.0755096372295,30.820497047642156,5802.5,8,8
10,W,717043,768598,-4681.655044020055,-3308.079269637312,-4917.266490198823,-3306.0755096372295,-4446.043597841288,-3310.083029637394,45.059804614714025,6343.5,8,8
10,W,768598,717045,-4309.518061219986,-3309.693409637191,-4446.043597841288,-3310.083029637394,-4172.992524598684,-3309.3037896369883,57.93457695213611,6829.5,8,8
10,W,717045,759289,-3875.1353930308014,-3254.311709637014,-4172.992524598684,-3309.3037896369883,-3577.278261462918,-3199.3196296370393,61.00857774216228,5719.5,8,8
10,W,759289,763727,-3382.241780574969,-3178.614109637111,-3577.278261462918,-3199.3196296370393,-3187.2052996870207,-3157.908589637183,62.067498522909816,6855.0,9,9
10,W,763727,769097,-2460.590665571477,-3555.7106096369735,-3187.2052996870207,-3157.908589637183,-1733.9760314559333,-3953.5126296367644,61.41487239493155,8670.0,9,9
10,W,769097,769105,-1433.3524249816198,-4122.106769637046,-1733.9760314559333,-3953.5126296367644,-1132.7288185073064,-4290.700909637328,62.08529450853494,7759.5,9,9
10,W,769105,769118,-159.3446227579547,-4324.0412496369945,-1132.7288185073064,-4290.700909637328,814.039572991397,-4357.381589636661,62.3881989178047,7762.0,16,16
10,W,769118,764941,1282.91096167804,-2891.5198296370245,814.039572991397,-4357.381589636661,1751.782350364683,-1425.658069637388,41.89061642751679,5840.5,16,16
10,W,764941,717047,2006.4363654815884,-1349.5151896370276,1751.782350364683,-1425.658069637388,2261.090380598494,-1273.372309636667,16.364180147488383,3966.5,47,47
10,W,717047,737329,2457.187343533111,-1286.3967496370046,2261.090380598494,-1273.372309636667,2653.284306467727,-1299.421189637342,18.954203112530486,3966.5,47,47
10,W,737329,717049,2675.831076953399,-1307.3249096371615,2653.284306467727,-1299.421189637342,2698.3778474390706,-1315.228629636981,26.26516410298955,3991.0,45,45
10,W,717049,717052,2863.7208310000087,-1370.0537296369816,2698.3778474390706,-1315.228629636981,3029.0638145609464,-1424.8788296369823,36.16228985126309,6093.5,45,45
10,W,717052,717055,3145.53240811243,-1438.3485496369867,3029.0638145609464,-1424.8788296369823,3262.001001663913,-1451.8182696369909,44.02384883211323,8157.0,45,45
10,W,717055,717060,3576.0881193485166,-1357.474569637102,3262.001001663913,-1451.8182696369909,3890.17523703312,-1263.130869637213,44.12873455205231,11478.0,45,45
10,W,717060,716076,4173.785022834623,-1256.173369636982,3890.17523703312,-1263.130869637213,4457.394808636126,-1249.215869636751,45.79375571439411,14896.0,45,45
10,W,716076,718020,4771.620250066346,-1250.4403896368233,4457.394808636126,-1249.215869636751,5085.845691496565,-1251.6649096368956,49.297587825069755,14767.0,45,45
10,W,718020,718332,5519.536740959635,-1041.103129636977,5085.845691496565,-1251.6649096368956,5953.227790422703,-830.5413496370585,56.352867104945496,11596.5,27,27
10,W,718332,717065,6045.628052290011,-783.1190296369555,5953.227790422703,-830.5413496370585,6138.028314157317,-735.6967096368523,61.96310805737028,8781.5,27,27
10,W,717065,737345,6318.033614721486,-658.2179896370963,6138.028314157317,-735.6967096368523,6498.038915285653,-580.7392696373402,63.396516953570504,8606.0,27,27
10,W,737345,716084,6651.67048840974,-588.3090296372118,6498.038915285653,-580.7392696373402,6805.302061533826,-595.8787896370834,63.69454864147302,8510.5,27,27
10,W,716084,717071,7132.898798344362,-457.17406963687665,6805.302061533826,-595.8787896370834,7460.495535154899,-318.46934963666996,63.214538520350175,8390.0,27,27
10,W,717071,716088,7678.217110273481,-185.33062963704353,7460.495535154899,-318.46934963666996,7895.938685392062,-52.1919096374171,53.10633756461068,9626.5,27,27
10,W,716088,717073,8081.430827852793,68.86859036264681,7895.938685392062,-52.1919096374171,8266.922970313524,189.92909036271072,56.59284273512653,12160.0,27,27
10,W,717073,716091,8636.201262377188,373.16181036281364,8266.922970313524,189.92909036271072,9005.479554440853,556.3945303629166,52.672438017352164,11691.0,27,27
10,W,716091,717079,9385.91596195956,548.1011903628944,9005.479554440853,556.3945303629166,9766.352369478265,539.8078503628722,33.192914074455835,9517.0,27,27
10,W,717079,717081,9839.479522832498,540.809730363111,9766.352369478265,539.8078503628722,9912.606676186733,541.8116103633499,28.19349861401744,8766.5,27,27
10,W,717081,717087,10372.210373938047,549.6596703633099,9912.606676186733,541.8116103633499,10831.81407168936,557.50773036327,23.379006299644296,8225.5,27,27
10,W,717087,717091,10903.926850911259,558.398290362999,10831.81407168936,557.50773036327,10976.039630133157,559.2888503627279,21.289728563546134,7692.5,27,27
10,W,717091,716101,11192.331859883208,563.1850503627782,10976.039630133157,559.2888503627279,11408.624089633258,567.0812503628283,22.879931498358175,8082.0,27,27
10,W,716101,717095,11801.048555078738,574.4283703628666,11408.624089633258,567.0812503628283,12193.473020524216,581.7754903629049,19.40633031309747,7965.0,27,27
10,W,717095,717101,12265.49358391614,583.5566103627584,12193.473020524216,581.7754903629049,12337.514147308064,585.3377303626119,23.53044219885662,7106.5,27,27
10,W,717101,717108,12642.149142396735,593.0744703628528,12337.514147308064,585.3377303626119,12946.784137485405,600.8112103630938,24.40315806933276,7275.5,27,27
10,W,717108,717112,13043.10357213644,596.6923703632102,12946.784137485405,600.8112103630938,13139.423006787476,592.5735303633267,18.555533639033975,7536.0,27,27
10,W,717112,717116,13468.910168116412,598.3065103630898,13139.423006787476,592.5735303633267,13798.397329445348,604.039490362853,16.322657401915354,6748.5,27,27
10,W,717116,717119,13878.763425470896,605.820610363102,13798.397329445348,604.039490362853,13959.129521496443,607.601730363351,19.25604760430351,6188.0,41,41
10,W,717119,717121,14274.27712122837,612.5554703631041,13959.129521496443,607.601730363351,14589.424720960296,617.5092103628572,27.204077657614313,7160.5,41,41
10,W,717121,717125,14989.77974780386,623.9101103629115,14589.424720960296,617.5092103628572,15390.134774647422,630.3110103629658,20.838240951000856,7242.5,41,41
10,W,717125,717129,15486.63864095906,632.3704303629077,15390.134774647422,630.3110103629658,15583.142507270699,634.4298503628494,16.634056078781832,6292.0,41,41
10,W,717129,717134,15760.519656673398,635.3204103629739,15583.142507270699,634.4298503628494,15937.896806076094,636.2109703630983,22.168399092003582,6103.0,41,41
10,W,717134,717135,16340.972199911103,644.6156303628395,15937.896806076094,636.2109703630983,16744.04759374611,653.0202903625807,18.304646396407797,6260.5,41,41
10,W,717135,717139,17110.882166308907,633.0383503628032,16744.04759374611,653.0202903625807,17477.716738871706,613.0564103630257,14.701352618588402,6951.5,41,41
10,W,717139,717142,17816.65602279723,444.3509503630254,17477.716738871706,613.0564103630257,18155.595306722757,275.6454903630251,14.52282445860909,6869.5,17,17
10,W,717142,774441,18585.5516150627,211.63649036287765,18155.595306722757,275.6454903630251,19015.50792340265,147.6274903627302,12.902320112870358,6379.0,17,17
10,W,774441,717150,19208.97673517645,145.2341103628406,19015.50792340265,147.6274903627302,19402.44554695025,142.84073036295098,12.708384831460673,7120.0,17,17
10,W,717150,717154,19620.858740795604,149.57559036295308,19402.44554695025,142.84073036295098,19839.271934640958,156.31045036295518,17.903739015226556,7530.0,17,17
10,W,717154,767329,20127.538619867948,100.59479036282994,19839.271934640958,156.31045036295518,20415.805305094935,44.8791303627047,23.223723500463038,7797.0,17,17
10,W,767329,717157,20953.46970311589,-123.38104963723339,20415.805305094935,44.8791303627047,21491.134101136846,-291.6412296371715,27.716735200006596,8201.0,17,17
10,W,717157,768174,21973.51510894942,-215.88796963701384,21491.134101136846,-291.6412296371715,22455.896116761996,-140.1347096368562,34.74130874744347,8555.5,17,17
10,W,768174,717160,22787.642565931194,-83.4728296371425,22455.896116761996,-140.1347096368562,23119.389015100394,-26.81094963742879,36.411774326338886,9228.0,17,17
10,W,717160,717162,23509.047005640095,34.91599036294346,23119.389015100394,-26.81094963742879,23898.7049961798,96.64293036331571,35.51935631636172,9330.0,17,17
10,W,717162,717167,23994.332812104065,110.11265036331991,23898.7049961798,96.64293036331571,24089.96062802833,123.58237036332412,31.73647376718098,8069.0,17,17
10,W,717167,775029,24225.24125094236,144.45487036322604,24089.96062802833,123.58237036332412,24360.52187385639,165.32737036312795,27.860282657508918,7571.0,17,17
10,W,775029,717169,24606.830356339015,206.0148303632289,24360.52187385639,165.32737036312795,24853.138838821644,246.70229036332984,52.508259430840496,7555.0,17,17
10,W,717169,717171,25386.192445332756,329.02343036312016,24853.138838821644,246.70229036332984,25919.246051843867,411.34457036291053,34.71900269141132,7359.5,17,17
10,W,717171,764227,26334.58615109557,463.99893036285505,25919.246051843867,411.34457036291053,26749.92625034727,516.6532903627996,14.496588551611834,6683.0,17,17
10,W,764227,717176,27037.4552089325,552.6096503629808,26749.92625034727,516.6532903627996,27324.984167517734,588.5660103631619,15.045725237456518,6620.0,17,17
10,W,717176,716146,27756.969224121698,614.5592303631863,27324.984167517734,588.5660103631619,28188.95428072566,640.5524503632108,18.78338322652062,7438.0,17,17
10,W,716146,717187,28558.324788619953,636.0439903631245,28188.95428072566,640.5524503632108,28927.69529651425,631.5355303630381,19.97163348957757,7647.0,17,17
10,W,717187,717192,28999.94639948111,630.6449703629136,28927.69529651425,631.5355303630381,29072.197502447965,629.754410362789,21.36514473402737,8194.5,17,17
10,W,717192,716153,29433.591341029187,624.4110503628332,29072.197502447965,629.754410362789,29794.98517961041,619.0676903628773,20.87311848324274,9259.5,17,17
10,W,716153,717196,30204.838436964892,613.9469703627548,29794.98517961041,619.0676903628773,30614.691694319372,608.8262503626322,21.559545541155593,8644.0,40,40
10,W,717196,717200,30709.489567771903,607.8800303626483,30614.691694319372,608.8262503626322,30804.28744122444,606.9338103626643,26.622901669792935,8185.5,40,40
10,W,717200,763731,31183.709474610805,602.0357303627707,30804.28744122444,606.9338103626643,31563.131507997172,597.1376503628769,30.30786900213736,8281.5,40,40
10,W,763731,717202,31908.75643961286,594.1320103629512,31563.131507997172,597.1376503628769,32254.381371228545,591.1263703630254,39.54603731809295,8412.0,24,24
10,W,717202,717207,32326.72469002603,590.1244903631821,32254.381371228545,591.1263703630254,32399.068008823517,589.1226103633386,48.08814036366708,8959.5,24,24
10,W,717207,717209,32720.624608755024,585.894330363184,32399.068008823517,589.1226103633386,33042.18120868653,582.6660503630294,48.71396753281255,9184.5,19,19
10,W,717209,717211,33162.75340668169,581.1632303628687,33042.18120868653,582.6660503630294,33283.32560467685,579.660410362708,55.21208980291627,8953.5,19,19
10,W,717211,717216,33540.469447208954,576.8774103630112,33283.32560467685,579.660410362708,33797.61328974106,574.0944103633143,53.60212811057541,8713.5,19,19
10,W,717216,717220,34194.27968337649,523.0541903632493,33797.61328974106,574.0944103633143,34590.94607701191,472.0139703631844,47.7076072472886,9343.5,19,19
10,W,717220,717224,34703.17274237345,408.22761036326585,34590.94607701191,472.0139703631844,34815.399407734985,344.44125036334725,49.86746856344763,9450.0,19,19
10,W,717224,717226,35832.90887823833,297.0189303632442,34815.399407734985,344.44125036334725,36850.418348741674,249.59661036314117,55.30161985770995,8773.0,19,19
10,W,717226,717235,38100.21949553555,-36.32880963712779,36850.418348741674,249.59661036314117,39350.02064232942,-322.25422963739675,63.52887976145933,7616.0,19,19
10,W,717235,717238,39932.548041746784,-114.92072963723729,39350.02064232942,-322.25422963739675,40515.07544116415,92.41277036292217,64.54382074242992,7647.0,19,19
10,W,717238,717240,41061.776990546154,364.75715036307247,40515.07544116415,92.41277036292217,41608.47853992816,637.1015303632228,63.089916762104956,9468.5,19,19
10,W,717240,763485,41871.93916682921,662.7051303630444,41608.47853992816,637.1015303632228,42135.39979373026,688.3087303628662,63.02253668094009,10047.5,19,19
10,W,763485,717245,42799.123231644255,630.4223303630802,42135.39979373026,688.3087303628662,43462.84666955825,572.5359303632943,54.95007446813119,9813.0,19,19
10,W,717245,717246,43844.343559124274,521.9409903632916,43462.84666955825,572.5359303632943,44225.8404486903,471.3460503632888,43.50468833408434,10052.5,19,19
10,W,717246,717249,44571.511488220975,596.9706703632985,44225.8404486903,471.3460503632888,44917.18252775164,722.5952903633083,40.491164331662034,9709.0,19,19
10,W,717249,768339,45201.62225602487,864.3613103633003,44917.18252775164,722.5952903633083,45486.06198429811,1006.1273303632922,41.57363968999813,8635.0,20,20
10,W,768339,717252,45635.26719757296,1079.2089103630765,45486.06198429811,1006.1273303632922,45784.472410847804,1152.2904903628605,42.410886133970074,8880.0,20,20
10,W,717252,768349,46037.00546186941,1276.690590362798,45784.472410847804,1152.2904903628605,46289.53851289101,1401.0906903627356,46.428330305497425,9193.5,20,20
10,W,768349,774728,46772.15006027918,1531.279430362691,46289.53851289101,1401.0906903627356,47254.761607667344,1661.4681703626468,49.43245848333527,8611.0,20,20
10,W,774728,716193,47286.99104032454,1662.0804303626828,47254.761607667344,1661.4681703626468,47319.22047298173,1662.692690362719,47.90982768415073,10562.0,20,20
10,W,716193,717258,47609.33147481279,1667.7020903627272,47319.22047298173,1662.692690362719,47899.442476643846,1672.7114903627353,46.83739128083772,9935.0,20,20
10,W,717258,774743,48381.639052795814,1681.3387903627054,47899.442476643846,1672.7114903627353,48863.83562894779,1689.9660903626752,45.76495487752471,9308.0,20,20
14,N,764262,764276,-23824.232049609127,33732.4262103631,-24323.53466226454,32921.7939703631,-23324.929436953717,34543.058450363096,63.61222828066664,3468.5,50,50
14,N,764276,764269,-23201.544656136488,34669.350990363004,-23324.929436953717,34543.058450363096,-23078.159875319256,34795.64353036291,64.43416970612219,3581.0,50,50
14,N,764269,764304,-22011.68379897648,35655.033930362806,-23078.159875319256,34795.64353036291,-20945.207722633702,36514.4243303627,65.52039046888832,3418.0,50,50
14,N,764304,764318,-20185.764252964822,37037.57267036281,-20945.207722633702,36514.4243303627,-19426.32078329594,37560.72101036292,60.701461697603925,3219.5,50,50
14,N,764318,766694,-18074.206172886992,38751.733690362795,-19426.32078329594,37560.72101036292,-16722.091562478043,39942.74637036267,57.624499793184725,2540.0,50,50
14,N,766694,766721,-14811.932855571442,40449.47501036271,-16722.091562478043,39942.74637036267,-12901.774148664843,40956.203650362746,57.316696261078945,1657.0,50,50
14,N,766740,766758,-5783.726430823254,45998.164750362994,-7950.614009025107,44514.21349036275,-3616.8388526214007,47482.11601036323,64.72871268442239,1832.0,36,36
14,S,775511,764283,-24093.271734237376,32062.29225036269,-24650.808643668202,29764.981410362616,-23535.73482480655,34359.60309036277,61.88264622519969,7762.0,50,50
14,S,764283,764290,-23402.067978921652,34499.42101036293,-23535.73482480655,34359.60309036277,-23268.401133036754,34639.2389303631,49.45396356203805,6907.0,50,50
14,S,764290,764297,-22414.759192811485,35393.93287036314,-23268.401133036754,34639.2389303631,-21561.117252586213,36148.62681036318,39.36118230362362,5803.5,50,50
14,S,764297,764311,-20765.940148711947,36691.256150363144,-21561.117252586213,36148.62681036318,-19970.763044837684,37233.88549036311,43.15886647095728,5550.0,50,50
14,S,764311,764322,-19705.504209246894,37407.04375036294,-19970.763044837684,37233.88549036311,-19440.2453736561,37580.20201036277,52.672021729323426,5318.0,50,50
14,S,764322,766703,-18227.100019369318,38694.236910362815,-19440.2453736561,37580.20201036277,-17013.954665082536,39808.27181036286,59.509905510001545,4820.0,50,50
14,S,766703,766712,-15349.597253593052,40342.496490363075,-17013.954665082536,39808.27181036286,-13685.239842103567,40876.7211703633,59.7156568406364,4747.5,50,50
14,S,766730,766749,-6396.731162124373,45733.66843036319,-8597.046978776361,44486.82877036308,-4196.415345472386,46980.50809036331,65.72833635839743,3657.5,36,36
23,N,771253,771578,-57116.22161048623,12801.761510362827,-57082.93169578106,12548.786810362813,-57149.511525191396,13054.73621036284,,,55,55
23,N,771578,771268,-57076.7993430727,13729.55805036284,-57149.511525191396,13054.73621036284,-57004.087160954005,14404.379890362843,,,55,55
23,N,771268,771285,-56923.85938867408,14555.051510362893,-57004.087160954005,14404.379890362843,-56843.63161639415,14705.723130362943,,,55,55
23,N,771285,771294,-56668.1909994255,14953.131830362772,-56843.63161639415,14705.723130362943,-56492.750382456834,15200.540530362601,,,55,55
23,N,771294,771306,-56290.3827430676,15477.949970362619,-56492.750382456834,15200.540530362601,-56088.01510367837,15755.359410362636,,,55,55
23,N,771306,771318,-56068.142592269156,15923.508270362856,-56088.01510367837,15755.359410362636,-56048.27008085994,16091.657130363075,,,55,55
23,N,771318,771349,-56067.12821813747,16304.222670363077,-56048.27008085994,16091.657130363075,-56085.98635541501,16516.788210363076,,,55,55
23,N,771349,771329,-56027.19876365778,17066.597690363105,-56085.98635541501,16516.788210363076,-55968.41117190055,17616.407170363134,,,55,55
23,N,771329,771340,-55893.71634943283,17807.209650363107,-55968.41117190055,17616.407170363134,-55819.0215269651,17998.01213036308,,,55,55
23,N,771340,771360,-55512.91107859357,18727.325110363134,-55819.0215269651,17998.01213036308,-55206.80063022204,19456.63809036319,,,55,55
23,N,771360,771371,-55194.99700395521,19633.414250362985,-55206.80063022204,19456.63809036319,-55183.19337768839,19810.19041036278,,,55,55
23,N,771371,771386,-55202.097622880916,20228.252670362832,-55183.19337768839,19810.19041036278,-55221.001868073436,20646.31493036288,,,55,55
23,N,771386,771396,-55361.86154871466,21036.380210362826,-55221.001868073436,20646.31493036288,-55502.72122935588,21426.44549036277,,,55,55
23,N,771396,771410,-55856.230614454005,21816.17681036277,-55502.72122935588,21426.44549036277,-56209.739999552134,22205.908130362768,,,55,55
23,N,771410,771421,-56227.9065181029,22233.960770362733,-56209.739999552134,22205.908130362768,-56246.07303665366,22262.0134103627,,,55,55
23,N,771421,771431,-56529.913362030755,22688.369010362774,-56246.07303665366,22262.0134103627,-56813.75368740784,23114.724610362846,,,55,55
23,N,771431,771441,-57073.064601949576,23519.818090362816,-56813.75368740784,23114.724610362846,-57332.37551649132,23924.911570362787,,,55,55
23,S,771254,771577,-57153.56902172009,12674.578410363192,-57152.37021592715,12417.429210363041,-57154.767827513024,12931.727610363345,,,55,55
23,S,771577,771565,-57177.96010880983,13491.722870362966,-57154.767827513024,12931.727610363345,-57201.152390106625,14051.71813036259,,,55,55
23,S,771565,771553,-57130.51506416824,14208.790650362695,-57201.152390106625,14051.71813036259,-57059.877738229865,14365.863170362798,,,55,55
23,S,771553,771295,-56836.25434997787,14751.753950363,-57059.877738229865,14365.863170362798,-56612.63096172588,15137.644730363203,,,55,55
23,S,771295,771542,-56449.823913495784,15290.431430363054,-56612.63096172588,15137.644730363203,-56287.01686526568,15443.218130362906,,,55,55
23,S,771542,771531,-56212.73701403415,15577.804010362834,-56287.01686526568,15443.218130362906,-56138.457162802624,15712.389890362761,,,55,55
23,S,771531,771350,-56127.20683151695,16070.617650362805,-56138.457162802624,15712.389890362761,-56115.95650023128,16428.845410362846,,,55,55
23,S,771350,771521,-56110.746305824636,16890.266810362977,-56115.95650023128,16428.845410362846,-56105.536111418,17351.68821036311,,,55,55
23,S,771521,771509,-56051.77428240747,17497.239110363036,-56105.536111418,17351.68821036311,-55998.012453396936,17642.790010362965,,,55,55
23,S,771509,771499,-55738.747646770185,18196.217390362952,-55998.012453396936,17642.790010362965,-55479.482840143435,18749.644770362942,,,55,55
23,S,771499,771488,-55392.84606766392,19001.84023036295,-55479.482840143435,18749.644770362942,-55306.20929518442,19254.03569036295,,,55,55
23,S,771488,771385,-55282.00263975528,19927.243390363074,-55306.20929518442,19254.03569036295,-55257.79598432614,20600.451090363193,,,55,55
23,S,771385,771400,-55391.37061438107,20996.86161036294,-55257.79598432614,20600.451090363193,-55524.94524443599,21393.272130362682,,,55,55
23,S,771400,771475,-55781.6741157319,21647.582670362885,-55524.94524443599,21393.272130362682,-56038.4029870278,21901.893210363083,,,55,55
23,S,771475,771463,-56157.40751590948,22069.151510363175,-56038.4029870278,21901.893210363083,-56276.41204479115,22236.40981036327,,,55,55
23,S,771463,771432,-56558.36194564918,22662.041830363196,-56276.41204479115,22236.40981036327,-56840.31184650721,23087.67385036312,,,55,55
23,S,771432,771453,-57018.24229089107,23360.463510362937,-56840.31184650721,23087.67385036312,-57196.17273527492,23633.253170362754,,,55,55
47,N,772410,772421,-3224.967682157077,-35349.5375096371,-3777.7554763324433,-35346.977149637234,-2672.1798879817106,-35352.097869636964,,,39,39
47,S,775762,775763,-4534.2941473492765,-35384.49198963665,-4534.2941473492765,-35384.49198963665,-4534.2941473492765,-35384.49198963665,,,39,39
47,S,775763,772396,-4159.252365897816,-35361.44874963669,-4534.2941473492765,-35384.49198963665,-3784.2105844463554,-35338.40550963673,,,39,39
47,S,772396,772411,-3784.2105844463554,-35338.40550963673,-3784.2105844463554,-35338.40550963673,-3784.2105844463554,-35338.40550963673,,,39,39
47,S,772411,772420,-3228.103020384059,-35340.57624963678,-3784.2105844463554,-35338.40550963673,-2671.9954563217625,-35342.74698963684,,,39,39
57,N,774826,763539,35195.420844018154,-12242.566809636959,34856.71209966821,-12627.121749636974,35534.12958836809,-11858.011869636943,61.92953648915187,6084.0,46,46
57,N,763539,769061,35801.509388052866,-11490.09926963683,35534.12958836809,-11858.011869636943,36068.889187737645,-11122.18666963672,64.95020552197997,6832.5,46,46
57,N,769061,763546,36231.2812647322,-10862.198809637011,36068.889187737645,-11122.18666963672,36393.67334172676,-10602.210949637301,67.2602955876716,7584.0,46,46
57,N,763546,774854,36571.00438321447,-10326.80526963697,36393.67334172676,-10602.210949637301,36748.335424702185,-10051.39958963664,66.54971662053512,7587.0,46,46
57,N,774854,769068,36769.08398649878,-9711.539629636889,36748.335424702185,-10051.39958963664,36789.832548295366,-9371.67966963714,59.986199302624335,5449.0,46,46
57,N,769068,763553,36756.219878184624,-9031.430089637188,36789.832548295366,-9371.67966963714,36722.60720807389,-8691.180509637235,64.18584008701886,6488.5,46,46
57,N,763553,774813,36955.129423940656,-8136.973889637236,36722.60720807389,-8691.180509637235,37187.65163980743,-7582.7672696372365,68.38548087141339,7528.0,46,46
57,N,774813,774866,38355.79566895416,-6147.462849637174,37187.65163980743,-7582.7672696372365,39523.93969810088,-4712.158429637112,,,46,46
57,N,774866,763558,39685.363508878094,-4261.089789636945,39523.93969810088,-4712.158429637112,39846.787319655305,-3810.0211496367783,64.69390452495723,6431.0,46,46
57,N,763558,774877,39984.51166206889,-3575.9708496368394,39846.787319655305,-3810.0211496367783,40122.236004482475,-3341.9205496369004,64.69390452495723,6431.0,46,46
57,N,774877,763563,40362.18159468116,-2977.5701896368914,40122.236004482475,-3341.9205496369004,40602.12718487985,-2613.2198296368824,59.60660630449364,5964.0,19,19
57,N,763563,763568,40613.193084504266,-2457.928429637027,40602.12718487985,-2613.2198296368824,40624.258984128675,-2302.637029637171,62.612914121634574,6902.0,19,19
57,N,763568,774841,40535.82400296074,-1943.9639896370659,40624.258984128675,-2302.637029637171,40447.389021792806,-1585.2909496369605,65.61922193877551,7840.0,19,19
57,N,774841,716203,40344.6144790272,-1196.505849636947,40447.389021792806,-1585.2909496369605,40241.8399362616,-807.7207496369338,68.70632959513401,5261.0,19,19
57,N,716203,774902,40114.76652223623,-326.48438963699937,40241.8399362616,-807.7207496369338,39987.69310821086,154.75197036293508,68.70632959513401,5261.0,19,19
57,N,774902,764096,39696.15276101192,692.928510363067,39987.69310821086,154.75197036293508,39404.612413812996,1231.1050503631989,69.43572386058982,7460.0,19,19
57,N,764096,718356,39146.63862880916,1981.4575103631291,39404.612413812996,1231.1050503631989,38888.66484380532,2731.809970363059,66.79860163205188,7116.5,19,19
57,N,718356,718053,38892.53790867406,3072.838790363022,38888.66484380532,2731.809970363059,38896.4109735428,3413.867610362984,64.37911692595627,6899.0,52,52
57,N,718053,774799,38880.08877159611,3704.5797903630323,38896.4109735428,3413.867610362984,38863.766569649415,3995.2919703630805,64.59675444839858,7025.0,52,52
57,N,774799,718051,38832.597619039545,4087.24229036308,38863.766569649415,3995.2919703630805,38801.42866842967,4179.192610363079,65.57352498746448,5983.0,52,52
57,N,718051,764089,38631.33656961261,4842.826790362851,38801.42866842967,4179.192610363079,38461.24447079556,5506.460970362624,62.204979807431485,5232.5,52,52
57,S,774827,763970,35167.20279997465,-12238.503629636933,34830.33837222879,-12630.238709637013,35504.067227720516,-11846.768549636854,28.860748290197126,7457.0,46,46
57,S,763970,763597,35774.7206893779,-11478.35500963682,35504.067227720516,-11846.768549636854,36045.374151035285,-11109.941469636788,26.229466737691155,7778.5,46,46
57,S,763597,774855,36385.09726951756,-10579.279029637062,36045.374151035285,-11109.941469636788,36724.820387999825,-10048.616589637339,23.598185185185184,8100.0,46,46
57,S,774855,763590,36753.91448243004,-9746.71674963706,36724.820387999825,-10048.616589637339,36783.00857686025,-9444.816909636784,32.842754844144906,7122.0,46,46
57,S,763590,774812,36976.56960446468,-8505.999689636908,36783.00857686025,-9444.816909636784,37170.130632069115,-7567.182469637035,32.842754844144906,7122.0,46,46
57,S,774812,774865,38335.969265459935,-6136.664809637148,37170.130632069115,-7567.182469637035,39501.80789885075,-4706.147149637261,,,46,46
57,S,774865,763583,39576.364397572856,-4415.601949637186,39501.80789885075,-4706.147149637261,39650.92089629496,-4125.056749637112,54.44726200505476,4748.0,46,46
57,S,763583,774878,39874.17542122575,-3728.423589637139,39650.92089629496,-4125.056749637112,40097.42994615654,-3331.7904296371653,54.44726200505476,4748.0,46,46
57,S,774878,763578,40275.54482220166,-3104.5863096369476,40097.42994615654,-3331.7904296371653,40453.65969824677,-2877.3821896367294,54.457711051721425,6361.0,46,46
57,S,763578,763573,40526.92517534596,-2648.5639296370273,40453.65969824677,-2877.3821896367294,40600.190652445155,-2419.7456696373256,57.50012519056753,6327.0,19,19
57,S,763573,774842,40510.925728804825,-2005.4682896372094,40600.190652445155,-2419.7456696373256,40421.6608051645,-1591.1909096370932,60.542539329413636,6293.0,19,19
57,S,774842,764420,40321.65273730533,-1203.463349637178,40421.6608051645,-1591.1909096370932,40221.64466944616,-815.735789637263,65.86889852885704,5302.0,19,19
57,S,764420,774901,40093.87963669402,-336.6145096371299,40221.64466944616,-815.735789637263,39966.114603941875,142.50677036300317,65.86889852885704,5302.0,19,19
57,S,774901,718054,39644.00470902922,718.9217303630915,39966.114603941875,142.50677036300317,39321.89481411656,1295.3366903631797,67.19639225975729,9147.0,19,19
57,S,718054,763649,39090.340864467136,2011.8478703631254,39321.89481411656,1295.3366903631797,38858.78691481771,2728.359050363071,65.6200918644758,8266.0,19,19
57,S,763649,718052,38856.481519062465,2923.948290362825,38858.78691481771,2728.359050363071,38854.17612330721,3119.5375303625788,65.56026998446077,8275.0,52,52
57,S,718052,774800,38849.15036056117,3556.5798503629603,38854.17612330721,3119.5375303625788,38844.124597815135,3993.6221703633414,67.07674849972723,9165.0,52,52
57,S,774800,768779,38819.45686323482,4069.9320303632803,38844.124597815135,3993.6221703633414,38794.7891286545,4146.241890363219,62.58066909658943,7682.0,52,52
57,S,768779,718050,38724.79731352725,4312.164350363128,38794.7891286545,4146.241890363219,38654.80549839999,4478.0868103630355,62.726161441648664,8693.5,52,52
57,S,718050,774891,38561.9441573815,4722.879490363141,38654.80549839999,4478.0868103630355,38469.082816363014,4967.672170363247,62.871653786707896,9705.0,52,52
57,S,774891,774890,38469.082816363014,4967.672170363247,38469.082816363014,4967.672170363247,38469.082816363014,4967.672170363247,,,52,52
57,S,774890,718048,38445.52167174501,5218.086510363001,38469.082816363014,4967.672170363247,38421.960527127,5468.500850362756,65.26424054144016,9013.0,52,52
60,E,717262,773281,2659.0016879411914,-4260.143569636961,2281.3778632439034,-4205.095829636732,3036.62551263848,-4315.191309637191,67.68942331906321,3971.0,16,16
60,E,773281,717264,3474.9734615270345,-4227.415489636935,3036.62551263848,-4315.191309637191,3913.3214104155895,-4139.639669636679,67.7448753948754,5698.0,16,16
60,E,717264,717265,4290.6685876223,-4032.1045496368743,3913.3214104155895,-4139.639669636679,4668.01576482901,-3924.5694296370693,66.85185456110989,6021.5,16,16
60,E,717265,717268,4993.445429629257,-3890.8394696371993,4668.01576482901,-3924.5694296370693,5318.875094429505,-3857.109509637329,66.61375378123492,6660.0,3,3
60,E,717268,716213,5784.657252804154,-3698.589829637319,5318.875094429505,-3857.109509637329,6250.439411178802,-3540.070149637309,65.72359168359392,6661.0,3,3
60,E,716213,773258,6502.096411813687,-3490.6440696371237,6250.439411178802,-3540.070149637309,6753.753412448571,-3441.217989636938,64.17850953206239,6347.0,3,3
60,E,773258,773274,7071.759702917558,-3408.8238696368594,6753.753412448571,-3441.217989636938,7389.765993386543,-3376.429749636781,,,3,3
60,E,773274,717273,7823.825906170164,-3417.673809637058,7389.765993386543,-3376.429749636781,8257.885818953784,-3458.9178696373356,65.98283877349161,8088.0,3,3
60,E,717273,717279,8408.151514275954,-3542.6305096371725,8257.885818953784,-3458.9178696373356,8558.417209598125,-3626.343149637009,66.09458386966578,8318.0,3,3
60,E,717279,768444,8844.470714899839,-3699.4247296371886,8558.417209598125,-3626.343149637009,9130.52422020155,-3772.5063096373683,64.6899679017234,8661.5,3,3
60,E,768444,773222,9519.721131590073,-3765.5488096371373,9130.52422020155,-3772.5063096373683,9908.918042978596,-3758.5913096369063,63.17360683760684,8775.0,3,3
60,E,773222,773232,11015.922976697202,-3717.4585696371387,9908.918042978596,-3758.5913096369063,12122.92791041581,-3676.325829637371,,,3,3
60,E,773232,773304,12512.724224700474,-3574.913309637137,12122.92791041581,-3676.325829637371,12902.520538985138,-3473.5007896369025,,,3,3
60,E,773304,773293,13143.757150806741,-3469.771569636826,12902.520538985138,-3473.5007896369025,13384.993762628343,-3466.04234963675,,,41,41
60,E,773293,717285,13496.943780499303,-3455.2443096367233,13384.993762628343,-3466.04234963675,13608.893798370262,-3444.4462696366973,64.51097110856561,7857.0,41,41
60,E,717285,717290,13740.900759311693,-3407.766329636761,13608.893798370262,-3444.4462696366973,13872.907720253124,-3371.0863896368246,66.51483620363345,8163.5,41,41
60,E,717290,773245,14096.623324335093,-3303.069869636908,13872.907720253124,-3371.0863896368246,14320.33892841706,-3235.0533496369912,68.5187012987013,8470.0,41,41
60,E,773245,773342,14320.33892841706,-3235.0533496369912,14320.33892841706,-3235.0533496369912,14320.33892841706,-3235.0533496369912,,,41,41
60,E,773342,717292,14536.170079016589,-3152.06428963691,14320.33892841706,-3235.0533496369912,14752.001229616115,-3069.0752296368287,69.55449003516999,8530.0,41,41
60,E,717292,773317,15120.172931716814,-2968.3862896367446,14752.001229616115,-3069.0752296368287,15488.344633817514,-2867.697349636661,69.55449003516999,8530.0,41,41
60,E,773317,717296,15855.13309846598,-2855.39648963687,15488.344633817514,-2867.697349636661,16221.921563114447,-2843.095629637078,64.2227621483376,8602.0,41,41
60,E,717296,717301,16342.263221534016,-2845.433349637108,16221.921563114447,-2843.095629637078,16462.604879953586,-2847.7710696371387,65.52423057452208,9254.5,41,41
60,E,717301,717303,16874.025806422214,-2917.4017296369348,16462.604879953586,-2847.7710696371387,17285.446732890843,-2987.032389636731,64.84204340013542,9084.5,41,41
60,E,717303,717308,17387.85241233524,-3008.2945096368358,17285.446732890843,-2987.032389636731,17490.258091779633,-3029.55662963694,62.2117499769861,8923.5,41,41
60,E,717308,773330,17757.45345980447,-3086.107189636935,17490.258091779633,-3029.55662963694,18024.648827829304,-3142.65774963693,61.56511215440793,9585.0,41,41
60,E,773330,717312,18322.874822718393,-3205.8875096370675,18024.648827829304,-3142.65774963693,18621.100817607483,-3269.1172696372046,65.69494194581608,7493.0,41,41
60,E,717312,716235,19069.50029198877,-3410.3266896370196,18621.100817607483,-3269.1172696372046,19517.899766370054,-3551.536109636835,48.768594057602435,6716.0,41,41
60,E,716235,716237,19889.11459086776,-3761.2629896368844,19517.899766370054,-3551.536109636835,20260.329415365468,-3970.9898696369332,34.71518643311068,8494.5,41,41
60,E,716237,717318,20670.597643956145,-4091.3824496371017,20260.329415365468,-3970.9898696369332,21080.865872546823,-4211.77502963727,36.37134802954712,10848.5,41,41
60,E,717318,773409,21527.328814493412,-4229.697549637105,21080.865872546823,-4211.77502963727,21973.791756439998,-4247.6200696369415,35.15456936226167,10647.0,41,41
60,E,773409,773460,22552.7227384792,-4644.698509636977,21973.791756439998,-4247.6200696369415,23131.653720518403,-5041.776949637013,,,41,41
60,E,773460,767722,23332.638122454096,-5294.362029637219,23131.653720518403,-5041.776949637013,23533.622524389786,-5546.947109637425,44.08100609068351,8866.0,41,41
60,E,767722,718453,23798.37417291441,-5828.252749637097,23533.622524389786,-5546.947109637425,24063.125821439033,-6109.55838963677,52.823059122545715,9225.5,41,41
60,E,718453,773424,24374.077600896657,-6240.63768963685,24063.125821439033,-6109.55838963677,24685.029380354277,-6371.7169896369305,61.56511215440793,9585.0,41,41
60,E,773424,717322,25070.814306024586,-6512.091509636876,24685.029380354277,-6371.7169896369305,25456.59923169489,-6652.466029636822,60.95385578628822,9583.0,41,41
60,E,717322,717328,25615.164351735697,-6711.187329636873,25456.59923169489,-6652.466029636822,25773.729471776503,-6769.908629636924,59.49680107006231,8734.0,41,41
60,E,717328,718123,26105.983108012522,-6892.7502496368415,25773.729471776503,-6769.908629636924,26438.236744248545,-7015.591869636759,59.10327319743733,8816.0,41,41
60,E,718123,773473,26770.490380483912,-7138.823109636879,26438.236744248545,-7015.591869636759,27102.744016719284,-7262.054349636999,60.16680004103826,9747.0,41,41
60,E,773473,773492,27404.65864481651,-7374.376229636979,27102.744016719284,-7262.054349636999,27706.573272913738,-7486.698109636958,,,17,17
60,E,773492,717332,28116.195990692628,-7631.803729636824,27706.573272913738,-7486.698109636958,28525.81870847152,-7776.909349636689,55.7796761658031,7720.0,17,17
60,E,717332,717334,28684.153288937392,-7803.180869636802,28525.81870847152,-7776.909349636689,28842.487869403267,-7829.452389636915,55.77506795481372,8232.0,17,17
60,E,717334,716254,29009.352414162706,-7853.441849636856,28842.487869403267,-7829.452389636915,29176.21695892215,-7877.431309636799,56.60033586550681,7650.5,17,17
60,E,716254,773520,29294.990948228224,-7896.745329637076,29176.21695892215,-7877.431309636799,29413.764937534303,-7916.059349637353,57.43021198718927,6557.0,46,46
60,E,773520,717340,30145.68198188646,-8004.892709637312,29413.764937534303,-7916.059349637353,30877.599026238622,-8093.726069637271,64.67020587554939,8646.0,46,46
60,E,717340,717343,31030.262333146668,-8094.560969637141,30877.599026238622,-8093.726069637271,31182.925640054716,-8095.395869637011,62.62800808517045,7596.5,46,46
60,E,717343,773507,31416.04725881763,-8094.227009637194,31182.925640054716,-8095.395869637011,31649.168877580545,-8093.058149637376,60.585810294791514,6547.0,46,46
60,E,773507,773505,31649.168877580545,-8093.058149637376,31649.168877580545,-8093.058149637376,31649.168877580545,-8093.058149637376,,,46,46
60,E,773505,717346,32034.999911166495,-8093.559089637298,31649.168877580545,-8093.058149637376,32420.830944752444,-8094.0600296372195,63.526129297195816,8523.0,46,46
60,E,717346,717352,32541.310926917628,-8097.6222696373225,32420.830944752444,-8094.0600296372195,32661.790909082814,-8101.1845096374245,62.96569078055134,8126.5,46,46
60,E,717352,773535,33035.49556099637,-8053.094269637426,32661.790909082814,-8101.1845096374245,33409.200212909935,-8005.004029637427,62.40525226390686,7730.0,46,46
60,E,773535,717357,33772.438368094576,-7935.707329637184,33409.200212909935,-8005.004029637427,34135.67652327921,-7866.410629636939,64.4987801249628,6722.0,46,46
60,E,717357,717358,34317.20338504188,-7832.012749637173,34135.67652327921,-7866.410629636939,34498.73024680455,-7797.6148696374075,65.37082838269137,8123.5,46,46
60,E,717358,716265,34979.359153843034,-7702.1579696371655,34498.73024680455,-7797.6148696374075,35459.988060881515,-7606.701069636923,63.899425086537626,8843.0,46,46
60,E,716265,773439,35617.0777276388,-7575.086189636855,35459.988060881515,-7606.701069636923,35774.16739439609,-7543.471309636786,61.555973532655315,8161.0,46,46
60,E,773439,718127,36117.9480094077,-7470.890669636923,35774.16739439609,-7543.471309636786,36461.72862441932,-7398.310029637061,64.59356890459364,8490.0,46,46
60,E,718127,774164,36744.0934965129,-7346.3792496368715,36461.72862441932,-7398.310029637061,37026.45836860647,-7294.448469636683,64.59356890459364,8490.0,46,46
60,E,774164,774180,37338.05565887588,-7226.877229636828,37026.45836860647,-7294.448469636683,37649.65294914528,-7159.305989636973,,,46,46
60,E,774180,774947,37954.28794423329,-6893.139869637043,37649.65294914528,-7159.305989636973,38258.92293932131,-6626.973749637114,,,46,46
60,E,774947,766806,38424.49646245784,-6434.7241096372345,38258.92293932131,-6626.973749637114,38590.06998559437,-6242.474469637355,,,46,46
60,E,766806,774927,38821.85447481938,-5920.704009637018,38590.06998559437,-6242.474469637355,39053.638964044396,-5598.933549636683,,,46,46
60,E,774927,766661,39411.205845671866,-5170.741169636896,39053.638964044396,-5598.933549636683,39768.772727299336,-4742.548789637109,60.82149170601768,8259.0,46,46
60,E,766661,774475,41375.771892400124,-4695.516089637209,39768.772727299336,-4742.548789637109,42982.77105750092,-4648.483389637308,60.82149170601768,8259.0,46,46
60,E,774475,766569,43559.673291275445,-4694.848169637313,42982.77105750092,-4648.483389637308,44136.57552504997,-4741.212949637317,61.78239009926518,7757.0,20,20
60,E,766569,766600,44474.03935569264,-4749.339309637366,44136.57552504997,-4741.212949637317,44811.50318633531,-4757.465669637414,60.6062911324116,6584.5,20,20
60,E,766600,766644,44951.25627701356,-4794.98050963722,44811.50318633531,-4757.465669637414,45091.00936769182,-4832.495349637025,62.75602058200859,5951.0,20,20
60,E,766644,766620,45382.3652832308,-4824.146349637143,45091.00936769182,-4832.495349637025,45673.72119876979,-4815.797349637262,67.53963678767697,6642.5,20,20
60,E,766620,766585,45845.05821129411,-4785.796609637073,45673.72119876979,-4815.797349637262,46016.395223818436,-4755.795869636884,67.48272635390586,7094.5,20,20
60,E,766585,766843,46529.53021100469,-4711.935789636884,46016.395223818436,-4755.795869636884,47042.665198190945,-4668.0757096368825,62.87635746729062,7736.0,20,20
60,W,764418,716206,2448.3346238333197,-4168.304569636681,2169.981140353445,-4136.522709636639,2726.688107313194,-4200.086429636724,39.76257913395136,7692.0,16,16
60,W,716206,717263,3292.801088953234,-4167.6366496367855,2726.688107313194,-4200.086429636724,3858.9140705932737,-4135.186869636847,32.02725583249993,8035.5,16,16
60,W,717263,717266,4260.23736365353,-4020.2489696367493,3858.9140705932737,-4135.186869636847,4661.5606567137875,-3905.311069636651,26.48056167808725,10733.0,16,16
60,W,717266,717269,5032.45272580593,-3852.5453896369877,4661.5606567137875,-3905.311069636651,5403.344794898073,-3799.7797096373242,32.48751343792162,10957.0,3,3
60,W,717269,717270,5753.995489260449,-3670.8711496373007,5403.344794898073,-3799.7797096373242,6104.646183622825,-3541.962589637277,43.11464116702582,9590.0,3,3
60,W,717270,773257,6428.185423903362,-3480.959229637055,6104.646183622825,-3541.962589637277,6751.724664183898,-3419.9558696368335,52.32679786200195,8232.0,3,3
60,W,773257,773273,7070.3764654640145,-3387.283449637062,6751.724664183898,-3419.9558696368335,7389.028266744131,-3354.6110296372904,,,3,3
60,W,773273,717274,7828.160050189432,-3397.691869637281,7389.028266744131,-3354.6110296372904,8267.291833634732,-3440.7727096372714,54.92444751381215,13032.0,3,3
60,W,717274,717277,8394.595787235692,-3509.29016963711,8267.291833634732,-3440.7727096372714,8521.89974083665,-3577.807629636948,53.99821063099455,12687.0,3,3
60,W,717277,717281,8829.808397897265,-3666.2513696370997,8521.89974083665,-3577.807629636948,9137.717054957877,-3754.6951096372513,52.68949312203324,12253.0,3,3
60,W,717281,773221,9523.455872713199,-3745.789509637193,9137.717054957877,-3754.6951096372513,9909.19469046852,-3736.883909637135,52.307012495889516,12164.0,3,3
60,W,773221,773233,11012.879854300194,-3694.637969637014,9909.19469046852,-3736.883909637135,12116.56501813187,-3652.392029636893,,,3,3
60,W,773233,773305,12505.992469095985,-3551.536109636835,12116.56501813187,-3652.392029636893,12895.419920060098,-3450.6801896367774,,,3,3
60,W,773305,717282,13136.518208136084,-3449.4000096368454,12895.419920060098,-3450.6801896367774,13377.61649621207,-3448.119829636914,27.465027577825555,10697.0,41,41
60,W,717282,773294,13377.61649621207,-3448.119829636914,13377.61649621207,-3448.119829636914,13377.61649621207,-3448.119829636914,27.465027577825555,10697.0,41,41
60,W,773294,717288,13543.512774754163,-3421.29170963702,13377.61649621207,-3448.119829636914,13709.409053296255,-3394.463589637126,30.065904944791164,10415.0,41,41
60,W,717288,773343,14010.58595475238,-3304.9623096372716,13709.409053296255,-3394.463589637126,14311.762856208505,-3215.4610296374167,30.065904944791164,10415.0,41,41
60,W,773343,773246,14311.762856208505,-3215.4610296374167,14311.762856208505,-3215.4610296374167,14311.762856208505,-3215.4610296374167,,,41,41
60,W,773246,717294,14571.857605306985,-3113.213609637313,14311.762856208505,-3215.4610296374167,14831.952354405466,-3010.966189637209,28.15276515151516,10560.0,41,41
60,W,717294,773316,15157.889206271882,-2929.7582496369814,14831.952354405466,-3010.966189637209,15483.826058138298,-2848.5503096367534,28.15276515151516,10560.0,41,41
60,W,773316,717298,15796.437722539384,-2836.7503896368835,15483.826058138298,-2848.5503096367534,16109.04938694047,-2824.950469637014,27.71983576642336,10960.0,41,41
60,W,717298,717300,16229.71380076626,-2825.1731096368476,16109.04938694047,-2824.950469637014,16350.378214592049,-2825.3957496366806,31.873685927014566,10502.5,41,41
60,W,717300,717306,16795.55013491572,-2886.9557096366834,16350.378214592049,-2825.3957496366806,17240.722055239396,-2948.515669636686,32.49421386773065,11224.5,41,41
60,W,717306,718455,17398.180585317892,-2982.7465696368736,17240.722055239396,-2948.515669636686,17555.63911539639,-3016.9774696370605,31.434712084283923,11452.5,41,41
60,W,718455,773329,17792.541583198068,-3065.79128963721,17555.63911539639,-3016.9774696370605,18029.444050999748,-3114.605109637359,33.90853252071231,10501.0,41,41
60,W,773329,717315,18345.42159320406,-3181.2301296372298,18029.444050999748,-3114.605109637359,18661.399135408377,-3247.8551496371,26.069135579441788,11071.0,41,41
60,W,717315,717316,19095.643479852602,-3389.5655096372325,18661.399135408377,-3247.8551496371,19529.887824296828,-3531.275869637365,30.57163675523813,9566.5,41,41
60,W,717316,716238,19899.719411341648,-3736.8282496372753,19529.887824296828,-3531.275869637365,20269.55099838647,-3942.380629637186,33.37829934637554,8586.5,41,41
60,W,716238,769454,20730.07685443949,-4061.2703896371936,20269.55099838647,-3942.380629637186,21190.60271049251,-4180.160149637201,27.70317972006535,10003.5,41,41
60,W,769454,717320,21321.22643398105,-4179.993169637228,21190.60271049251,-4180.160149637201,21451.850157469595,-4179.826189637253,25.585483149697378,10128.5,41,41
60,W,717320,773407,21716.46348224795,-4200.420389637067,21451.850157469595,-4179.826189637253,21981.0768070263,-4221.01458963688,27.44706762098066,9361.0,41,41
60,W,773407,773458,22565.310199302116,-4623.492049637127,21981.0768070263,-4221.01458963688,23149.54359157793,-5025.969509637373,,,41,41
60,W,773458,767723,23348.545353164594,-5279.389489637054,23149.54359157793,-5025.969509637373,23547.547114751258,-5532.809469636734,61.78239009926518,7757.0,41,41
60,W,767723,716241,23809.94725960499,-5811.888709636887,23547.547114751258,-5532.809469636734,24072.34740445872,-6090.967949637039,61.78239009926518,7757.0,41,41
60,W,716241,773422,24381.73151480285,-6222.882149636989,24072.34740445872,-6090.967949637039,24691.11562514698,-6354.796349636938,61.78239009926518,7757.0,41,41
60,W,773422,717324,24978.091288751057,-6459.938089636853,24691.11562514698,-6354.796349636938,25265.06695235513,-6565.079829636768,22.491333769919233,4581.0,41,41
60,W,717324,718124,25853.772812396484,-6781.54156963682,25265.06695235513,-6565.079829636768,26442.47867243784,-6998.003309636871,22.852798786800108,4572.5,41,41
60,W,718124,773474,26774.501769097616,-7120.956249636903,26442.47867243784,-6998.003309636871,27106.524865757394,-7243.909189636935,23.214263803680982,4564.0,41,41
60,W,773474,773490,27408.024522619082,-7356.509369637002,27106.524865757394,-7243.909189636935,27709.52417948077,-7469.10954963707,,,17,17
60,W,773490,717330,27989.26090041353,-7570.633389637023,27709.52417948077,-7469.10954963707,28268.997621346294,-7672.157229636977,26.784805728124674,9497.0,17,17
60,W,717330,717337,28446.88195781516,-7720.859729637012,28268.997621346294,-7672.157229636977,28624.766294284025,-7769.562229637047,26.784805728124674,9497.0,17,17
60,W,717337,716253,28902.42815903713,-7809.025169637075,28624.766294284025,-7769.562229637047,29180.09002379023,-7848.488109637104,26.784805728124674,9497.0,17,17
60,W,716253,773522,29298.771797266334,-7867.356849636923,29180.09002379023,-7848.488109637104,29417.453570742437,-7886.225589636742,26.784805728124674,9497.0,46,46
60,W,773522,717339,30059.598504388756,-7977.118369637039,29417.453570742437,-7886.225589636742,30701.74343803508,-8068.011149637336,25.2095700152207,5256.0,46,46
60,W,717339,717342,30869.991220247408,-8068.289449637028,30701.74343803508,-8068.011149637336,31038.239002459737,-8068.567749636721,20.93578244642651,6142.0,46,46
60,W,717342,718125,31696.19895098593,-8069.402649636986,31038.239002459737,-8068.567749636721,32354.158899512124,-8070.2375496372515,21.328774156373413,6134.0,46,46
60,W,718125,717350,32458.45500347623,-8071.4064096370685,32354.158899512124,-8070.2375496372515,32562.751107440337,-8072.575269636885,26.390179581619588,7368.5,46,46
60,W,717350,773537,32984.22355940104,-8025.152949636782,32562.751107440337,-8072.575269636885,33405.696011361746,-7977.73062963668,26.784805728124674,9497.0,46,46
60,W,773537,717355,33650.713472221454,-7934.594129636829,33405.696011361746,-7977.73062963668,33895.73093308117,-7891.45762963698,61.78239009926518,7757.0,46,46
60,W,717355,718126,34675.969072462285,-7739.22752963691,33895.73093308117,-7891.45762963698,35456.2072118434,-7586.997429636839,54.7311789888938,7303.0,46,46
60,W,718126,773437,35613.52741817628,-7556.217449637035,35456.2072118434,-7586.997429636839,35770.84762450916,-7525.4374696372315,47.67996787852242,6849.0,46,46
60,W,773437,774125,35990.59794789241,-7482.412289637101,35770.84762450916,-7525.4374696372315,36210.34827127567,-7439.387109636969,,,46,46
60,W,774125,717361,36218.18661684312,-7437.77296963709,36210.34827127567,-7439.387109636969,36226.02496241058,-7436.15882963721,46.70823795581581,7514.0,46,46
60,W,717361,774165,36624.9967518006,-7354.67258963729,36226.02496241058,-7436.15882963721,37023.96854119062,-7273.186349637369,46.70823795581581,7514.0,46,46
60,W,774165,774181,37334.55145732769,-7206.338689637269,37023.96854119062,-7273.186349637369,37645.13437346476,-7139.49102963717,,,46,46
60,W,774181,774946,37943.683123759416,-6870.820209637237,37645.13437346476,-7139.49102963717,38242.231874054065,-6602.149389637303,,,46,46
60,W,774946,774958,38452.25342735015,-6356.855769637275,38242.231874054065,-6602.149389637303,38662.274980646245,-6111.562149637248,,,46,46
60,W,774958,774926,38846.568317315345,-5846.67620963725,38662.274980646245,-6111.562149637248,39030.861653984444,-5581.790269637253,,,46,46
60,W,774926,766788,39400.508809368665,-5146.584729636979,39030.861653984444,-5581.790269637253,39770.15596475288,-4711.3791896367065,,,46,46
60,W,766788,765456,41429.11875017512,-4685.218989636708,39770.15596475288,-4711.3791896367065,43088.08153559736,-4659.05878963671,39.77667512153879,9462.0,46,46
60,W,765456,774491,43188.873438013936,-4698.020789636817,43088.08153559736,-4659.05878963671,43289.66534043051,-4736.982789636924,39.77667512153879,9462.0,20,20
60,W,774491,766571,43716.255770967226,-4718.448009637052,43289.66534043051,-4736.982789636924,44142.84620150394,-4699.91322963718,42.68873151944341,8049.0,20,20
60,W,766571,766602,44480.35614006159,-4713.99520963722,44142.84620150394,-4699.91322963718,44817.86607861924,-4728.077189637261,44.63715143112455,6523.0,20,20
60,W,766602,766642,44957.342521806924,-4767.1505096370865,44817.86607861924,-4728.077189637261,45096.81896499461,-4806.223829636912,47.73153490967219,5780.5,20,20
60,W,766642,766622,45383.05690195692,-4797.540869637083,45096.81896499461,-4806.223829636912,45669.29483891923,-4788.857909637254,49.91942674092772,6573.5,20,20
60,W,766622,766587,45841.04682267975,-4756.686429637009,45669.29483891923,-4788.857909637254,46012.798806440274,-4724.514949636763,52.152319498272405,6939.5,20,20
60,W,766587,765461,46378.75732861635,-4686.276529636807,46012.798806440274,-4724.514949636763,46744.71585079243,-4648.03810963685,56.47394318190578,8200.0,20,20
71,N,767166,775101,41344.55683387592,-655.6576296368373,40416.68115033411,-0.7620696367538926,42272.432517417736,-1310.5531896369207,68.35953464845726,1977.0,19,19
71,N,775101,769292,42484.16006357293,-1559.7430096369985,42272.432517417736,-1310.5531896369207,42695.887609728125,-1808.932829637076,62.282672138622885,2193.0,19,19
71,N,769292,769279,43036.80953400268,-2195.268889636945,42695.887609728125,-1808.932829637076,43377.73145827723,-2581.6049496368137,64.56699558390869,2518.0,20,20
71,N,769279,766673,43783.896082423584,-3041.189569636836,43377.73145827723,-2581.6049496368137,44190.06070656993,-3500.7741896368584,64.49297993047628,2479.5,20,20
71,S,716271,775100,41377.80064066546,-768.3691296370196,40291.08318959226,31.743370362648307,42464.51809173865,-1568.4816296366873,59.86790792146241,1477.0,19,19
71,S,775100,769294,42678.043846582936,-1809.7120696366906,42464.51809173865,-1568.4816296366873,42891.56960142721,-2050.942509636694,64.63740284974092,3088.0,19,19
71,S,769294,766685,43851.12142264506,-3141.8785096369197,42891.56960142721,-2050.942509636694,44810.67324386291,-4232.814509637145,67.6015240530378,2392.5,20,20
90,E,774227,774244,-18560.50635348329,-9161.50750963703,-18560.50635348329,-9161.50750963703,-18560.50635348329,-9161.50750963703,,,44,44
90,E,774244,774217,-18507.482251113863,-9177.092309636835,-18560.50635348329,-9161.50750963703,-18454.458148744437,-9192.677109636641,,,44,44
90,E,774217,774236,-18282.245085833394,-9269.153949636948,-18454.458148744437,-9192.677109636641,-18110.03202292235,-9345.630789637256,,,44,44
90,E,774236,774302,-17823.932409704998,-9409.639789637007,-18110.03202292235,-9345.630789637256,-17537.83279648764,-9473.64878963676,,,44,44
90,E,774302,774279,-16231.042266625624,-9119.873829636945,-17537.83279648764,-9473.64878963676,-14924.251736763608,-8766.098869637128,,,44,44
90,W,774226,774245,-18571.48003727773,-9144.141589637371,-18571.48003727773,-9144.141589637371,-18571.48003727773,-9144.141589637371,,,44,44
90,W,774245,774216,-18516.56551038925,-9155.496229637178,-18571.48003727773,-9144.141589637371,-18461.650983500764,-9166.850869636984,,,44,44
90,W,774216,774235,-18274.17620069035,-9208.595869637185,-18461.650983500764,-9166.850869636984,-18086.701417879933,-9250.340869637384,,,44,44
90,W,774235,774301,-17797.143711030032,-9313.18100963732,-18086.701417879933,-9250.340869637384,-17507.586004180128,-9376.021149637254,,,44,44
90,W,774301,774278,-16227.630280908063,-9058.369529637197,-17507.586004180128,-9376.021149637254,-14947.674557635999,-8740.71790963714,,,44,44
91,E,716272,716273,-4060.9041829827647,-21616.545709637132,-4420.776460365483,-21619.328709637222,-3701.0319056000462,-21613.762709637038,59.342980278057176,3563.5,2,2
91,E,716273,717367,-3218.7431136181,-21622.946609637183,-3701.0319056000462,-21613.762709637038,-2736.4543216361535,-21632.13050963733,63.91848307959859,7742.0,2,2
91,E,717367,717369,-2427.623506273178,-21584.652529637366,-2736.4543216361535,-21632.13050963733,-2118.7926909102025,-21537.174549637406,64.5011206397797,9724.5,2,2
91,E,717369,718130,-1910.7998858781316,-21528.157629637233,-2118.7926909102025,-21537.174549637406,-1702.8070808460607,-21519.14070963706,61.56609188594621,7877.0,2,2
91,E,718130,717376,-1334.5892708297188,-21518.584109636882,-1702.8070808460607,-21519.14070963706,-966.3714608133771,-21518.027509636708,62.94874197934405,8945.0,2,2
91,E,717376,717373,-718.4492013022718,-21526.76612963679,-966.3714608133771,-21518.027509636708,-470.5269417911667,-21535.504749636875,64.79950675304039,9462.0,2,2
91,E,717373,717379,-46.14969117906995,-21521.53408963695,-470.5269417911667,-21535.504749636875,378.2275594330268,-21507.563429637023,63.19181110749741,8495.5,2,2
91,E,717379,717381,826.4426021537088,-21491.533349637153,378.2275594330268,-21507.563429637023,1274.6576448743908,-21475.503269637287,63.16357272846207,7725.0,43,43
91,E,717381,717383,1641.5844332678193,-21496.876709637112,1274.6576448743908,-21475.503269637287,2008.5112216612476,-21518.250149636937,64.76930635519753,8168.5,43,43
91,E,717383,717387,2288.4784821696003,-21525.65292963683,2008.5112216612476,-21518.250149636937,2568.4457426779527,-21533.05570963673,64.76930635519753,8168.5,43,43
91,E,717387,717390,3004.7188353868487,-21572.351669636788,2568.4457426779527,-21533.05570963673,3440.9919280957442,-21611.647629636842,63.279979308178596,8537.5,43,43
91,E,717390,773381,3728.1520233597676,-21562.22154963705,3440.9919280957442,-21611.647629636842,4015.312118623791,-21512.79546963726,61.56511215440793,9585.0,43,43
91,E,773381,717393,4289.608105574322,-21375.537909636958,4015.312118623791,-21512.79546963726,4563.904092524852,-21238.280349636658,61.04735469059793,9583.0,43,43
91,E,717393,717396,4894.543951731741,-21197.759869636924,4563.904092524852,-21238.280349636658,5225.18381093863,-21157.239389637194,61.30623342250293,9584.0,43,43
91,E,717396,716296,5521.288841733074,-21155.56958963706,5225.18381093863,-21157.239389637194,5817.3938725275175,-21153.899789636926,55.172744738827205,10146.0,43,43
91,E,716296,717402,6365.709198938001,-21202.268329637012,5817.3938725275175,-21153.899789636926,6914.0245253484845,-21250.6368696371,48.08326145931913,10388.0,43,43
91,E,717402,717406,7256.929089972724,-21230.20964963726,6914.0245253484845,-21250.6368696371,7599.833654596964,-21209.78242963742,47.5680727976959,8963.5,43,43
91,E,717406,765467,8013.006681839033,-21172.824189637395,7599.833654596964,-21209.78242963742,8426.179709081101,-21135.865949637373,45.271521777464294,9600.0,43,43
91,E,765467,718326,8731.137459575337,-21132.526349637104,8426.179709081101,-21135.865949637373,9036.09521006957,-21129.186749636832,40.88292807328989,10785.5,21,21
91,E,718326,717418,9204.342992282556,-21127.238649637005,9036.09521006957,-21129.186749636832,9372.59077449554,-21125.29054963718,42.99747633279233,10119.0,21,21
91,E,717418,717420,9705.121058221484,-21154.456389637104,9372.59077449554,-21125.29054963718,10037.65134194743,-21183.62222963703,49.87764447929771,10787.5,21,21
91,E,717420,768898,10290.32271671465,-21211.340909637045,10037.65134194743,-21183.62222963703,10542.99409148187,-21239.059589637065,47.90804136467038,10998.0,21,21
91,E,768898,717426,10719.17243509163,-21236.387909637087,10542.99409148187,-21239.059589637065,10895.350778701388,-21233.71622963711,40.26614255227547,10533.0,21,21
91,E,717426,716312,11262.093135434869,-21210.67298963715,10895.350778701388,-21233.71622963711,11628.83549216835,-21187.62974963719,38.25420305168164,11052.5,21,21
91,E,716312,716313,12089.914643202525,-21200.431549637302,11628.83549216835,-21187.62974963719,12550.9937942367,-21213.23334963741,41.51927204108383,8847.5,21,21
91,E,716313,766209,13008.56874372334,-21210.728649637407,12550.9937942367,-21213.23334963741,13466.14369320998,-21208.223949637402,38.652244619338255,8849.0,21,21
91,E,766209,717431,13939.395333832188,-21206.108869637203,13466.14369320998,-21208.223949637402,14412.646974454394,-21203.993789637007,39.1881101638248,10222.5,21,21
91,E,717431,717434,14613.12418932392,-21203.604169637198,14412.646974454394,-21203.993789637007,14813.601404193445,-21203.214549637392,48.38998510997799,10290.0,21,21
91,E,717434,717436,15078.214728972453,-21201.32210963703,14813.601404193445,-21203.214549637392,15342.828053751458,-21199.429669636665,51.844835172298794,10844.5,21,21
91,E,717436,717439,15526.521987523764,-21198.984389637,15342.828053751458,-21199.429669636665,15710.215921296069,-21198.53910963733,51.74410034901896,9273.0,21,21
91,E,717439,717441,15975.05978565001,-21238.55864963714,15710.215921296069,-21198.53910963733,16239.903650003951,-21278.57818963695,51.026597728858384,9244.5,21,21
91,E,717441,759980,16440.519188619095,-21408.878249637022,16239.903650003951,-21278.57818963695,16641.134727234235,-21539.178309637093,47.93809717722219,9490.5,21,21
91,E,759980,768223,16697.432491575608,-21584.596869637113,16641.134727234235,-21539.178309637093,16753.730255916977,-21630.015429637133,46.20668651372408,8877.0,21,21
91,E,768223,717443,17196.781212146005,-21989.579029636967,16753.730255916977,-21630.015429637133,17639.832168375033,-22349.1426296368,44.22840347758502,8630.0,21,21
91,E,717443,773363,17976.92713569649,-22562.209109636722,17639.832168375033,-22349.1426296368,18314.022103017945,-22775.275589636647,41.39371307019618,8462.0,21,21
91,W,764425,717365,-3474.5959345272895,-21595.67320963723,-3699.2798048266063,-21594.61566963713,-3249.912064227972,-21596.730749637325,58.635952906322174,7004.5,2,2
91,W,717365,717368,-2685.689507106988,-21555.09706963724,-3249.912064227972,-21596.730749637325,-2121.466949986004,-21513.463389637156,55.61893969825387,8548.5,2,2
91,W,717368,765591,-1913.1974974633554,-21506.33890963695,-2121.466949986004,-21513.463389637156,-1704.928044940707,-21499.214429636748,58.732713898847535,10090.0,2,2
91,W,765591,717375,-1336.525803264417,-21498.60216963671,-1704.928044940707,-21499.214429636748,-968.1235615881269,-21497.989909636675,62.08728414141733,12732.5,2,2
91,W,717375,717374,-720.0629783314052,-21506.561549636783,-968.1235615881269,-21497.989909636675,-472.0023950746837,-21515.133189636894,60.67309241998534,12744.5,2,2
91,W,717374,717378,-55.463490030042095,-21501.218189636827,-472.0023950746837,-21515.133189636894,361.0754150145995,-21487.30318963676,58.86407864360132,12639.5,2,2
91,W,717378,717380,817.4976666239436,-21468.26746963697,361.0754150145995,-21487.30318963676,1273.9199182332877,-21449.231749637176,54.3158503448318,11436.0,43,43
91,W,717380,717384,1641.3538936922287,-21472.0523496373,1273.9199182332877,-21449.231749637176,2008.7878691511698,-21494.872949637425,42.70021001927859,9055.0,43,43
91,W,717384,717388,2289.492856301281,-21502.94364963722,2008.7878691511698,-21494.872949637425,2570.1978434513917,-21511.01434963701,28.59996938716013,8691.5,43,43
91,W,717388,718327,3005.7332095185293,-21547.41598963686,2570.1978434513917,-21511.01434963701,3441.2685755856664,-21583.81762963671,21.332717733338697,9093.0,43,43
91,W,718327,773382,3728.3364550197157,-21535.337769636903,3441.2685755856664,-21583.81762963671,4015.404334453765,-21486.857909637096,21.378460536315274,9211.0,43,43
91,W,773382,717392,4289.608105574322,-21352.494669637003,4015.404334453765,-21486.857909637096,4563.811876694877,-21218.131429636906,26.78472149099716,9497.0,43,43
91,W,717392,717397,4894.128980496202,-21177.49962963706,4563.811876694877,-21218.131429636906,5224.446084297526,-21136.867829637216,26.78476360956092,9497.0,43,43
91,W,717397,716295,5520.689438836931,-21132.582009636964,5224.446084297526,-21136.867829637216,5816.932793376336,-21128.29618963671,25.190005346198475,10066.5,43,43
91,W,716295,717399,6166.707437351337,-21158.241269637037,5816.932793376336,-21128.29618963671,6516.482081326339,-21188.18634963737,25.339584160560904,10066.5,43,43
91,W,717399,717404,6915.546086546989,-21207.222069637162,6516.482081326339,-21188.18634963737,7314.610091767638,-21226.257789636955,27.083963356849527,9497.0,43,43
91,W,717404,717410,7701.547715315897,-21170.096849637164,7314.610091767638,-21226.257789636955,8088.485338864158,-21113.93590963737,28.770480355673442,8528.5,43,43
91,W,717410,717413,8530.199165555285,-21110.985929637303,8088.485338864158,-21113.93590963737,8971.912992246413,-21108.03594963724,26.618303462393303,7980.5,43,43
91,W,717413,717416,9052.18687244133,-21106.811429637168,8971.912992246413,-21108.03594963724,9132.460752636249,-21105.586909637095,21.926054942754007,8166.0,21,21
91,W,717416,717421,9586.070421424174,-21133.361249636975,9132.460752636249,-21105.586909637095,10039.680090212101,-21161.13558963685,21.5904841881351,8388.0,21,21
91,W,717421,717424,10292.76643621486,-21188.520309636922,10039.680090212101,-21161.13558963685,10545.85278221762,-21215.905029636993,22.71295602832227,8507.0,21,21
91,W,717424,768907,10722.3538812336,-21213.34466963713,10545.85278221762,-21215.905029636993,10898.854980249578,-21210.784309637264,21.48212399115203,7847.0,21,21
91,W,768907,716311,11265.827876557993,-21184.345809637176,10898.854980249578,-21210.784309637264,11632.800772866409,-21157.907309637092,21.907139144603647,8529.5,21,21
91,W,716311,716314,12093.557168495674,-21172.71286963689,11632.800772866409,-21157.907309637092,12554.31356412494,-21187.518429636682,26.533843846366864,8516.0,21,21
91,W,716314,766211,13010.136412837486,-21185.959949636665,12554.31356412494,-21187.518429636682,13465.959261550033,-21184.401469636643,33.27800983215777,6474.5,21,21
91,W,766211,717428,13938.842038851033,-21182.00808963675,13465.959261550033,-21184.401469636643,14411.724816152033,-21179.614709636862,38.077216362097076,8113.0,21,21
91,W,717428,717433,14612.063707276597,-21177.722269636895,14411.724816152033,-21179.614709636862,14812.40259840116,-21175.82982963693,34.30403708404132,10394.0,21,21
91,W,717433,717435,15044.832598437959,-21175.106249637174,14812.40259840116,-21175.82982963693,15277.262598474756,-21174.382669637416,28.9438848831052,9732.5,21,21
91,W,717435,717438,15437.85646677958,-21172.712869637282,15277.262598474756,-21174.382669637416,15598.450335084402,-21171.043069637148,30.56908722338387,8791.0,21,21
91,W,717438,717440,15885.610430349081,-21198.539109636935,15598.450335084402,-21171.043069637148,16172.77052561376,-21226.035149636726,28.175089523044228,8427.5,21,21
91,W,717440,766555,16406.214899782237,-21364.739869636935,16172.77052561376,-21226.035149636726,16639.659273950718,-21503.44458963714,21.789253830671377,8318.0,21,21
91,W,766555,768222,16701.443880189963,-21554.930089637266,16639.659273950718,-21503.44458963714,16763.22848642921,-21606.415589637396,21.70455708948687,7920.5,21,21
91,W,768222,717442,17160.7709304507,-21933.86336963724,16763.22848642921,-21606.415589637396,17558.31337447219,-22261.311149637084,23.47576573850637,7993.0,21,21
91,W,717442,773362,17940.594098594964,-22508.21890963699,17558.31337447219,-22261.311149637084,18322.87482271774,-22755.126669636895,24.130598311817284,8056.0,21,21
101,N,776425,773023,546.1525862397918,-1311.3880896371857,1204.204750595958,-1529.408309637257,-111.89957811637453,-1093.3678696371144,,,51,51
101,N,773023,776136,-503.58631692075005,-669.4056496369299,-111.89957811637453,-1093.3678696371144,-895.2730557251256,-245.44342963674524,,,51,51
101,N,776136,717445,-1317.483234326934,18.384970363154025,-895.2730557251256,-245.44342963674524,-1739.6934129287424,282.2133703630533,36.87988131141162,10279.0,51,51
101,N,717445,717447,-2116.625618899914,467.3941903629836,-1739.6934129287424,282.2133703630533,-2493.5578248710863,652.5750103629139,40.97899988915529,10879.5,51,51
101,N,717447,717452,-2737.46869576849,779.9250903629177,-2493.5578248710863,652.5750103629139,-2981.379566665893,907.2751703629215,45.31907318693785,11115.0,51,51
101,N,717452,716337,-3411.4741987507987,1050.488350362819,-2981.379566665893,907.2751703629215,-3841.5688308357044,1193.7015303627165,49.10274768971304,11001.0,51,51
101,N,716337,765164,-4121.397767598441,1271.0132703628942,-3841.5688308357044,1193.7015303627165,-4401.226704361176,1348.3250103630721,53.3939066767593,10208.5,51,51
101,N,765164,717456,-4616.8734233001,1472.2798303629475,-4401.226704361176,1348.3250103630721,-4832.520142239023,1596.2346503628225,57.79919138359705,9245.5,51,51
101,N,717456,717459,-5020.778759606184,1704.4933503627778,-4832.520142239023,1596.2346503628225,-5209.037376973345,1812.7520503627331,61.922387213826525,9178.0,5,5
101,N,717459,717460,-5403.520562880139,1964.2585703626528,-5209.037376973345,1812.7520503627331,-5598.003748786932,2115.7650903625727,61.78564631386264,8894.5,5,5
101,N,717460,717463,-5789.720459787295,2354.4351703627126,-5598.003748786932,2115.7650903625727,-5981.437170787659,2593.1052503628525,62.86557854790412,8957.5,5,5
101,N,717463,717465,-6190.5365657813845,2845.1893903627415,-5981.437170787659,2593.1052503628525,-6399.63596077511,3097.2735303626305,61.39971473006888,8898.5,5,5
101,N,717465,717469,-6519.239892553576,3200.96811036264,-6399.63596077511,3097.2735303626305,-6638.843824332042,3304.6626903626493,58.96962744172977,8775.0,5,5
101,N,717469,717473,-6745.30700030578,3489.732190362861,-6638.843824332042,3304.6626903626493,-6851.77017627952,3674.8016903630723,62.33081065623019,7036.0,5,5
101,N,717473,769372,-6898.154738873776,3767.976530363144,-6851.77017627952,3674.8016903630723,-6944.539301468034,3861.1513703632154,65.25923089715556,6454.0,5,5
101,N,769372,717480,-7442.135921264339,4108.39309036307,-6944.539301468034,3861.1513703632154,-7939.7325410606445,4355.634810362925,66.04333671698026,8148.5,25,25
101,N,717480,769389,-8253.081932104145,4593.525650363055,-7939.7325410606445,4355.634810362925,-8566.431323147644,4831.4164903631845,64.33059137875162,7777.5,32,32
101,N,769389,717483,-8690.876586011544,5132.258790362968,-8566.431323147644,4831.4164903631845,-8815.321848875443,5433.101090362751,62.92949112962347,8281.5,32,32
101,N,717483,769402,-8977.160630888848,5786.542090363015,-8815.321848875443,5433.101090362751,-9138.999412902253,6139.983090363279,64.38590827405517,10922.0,32,32
101,N,769402,769418,-9300.515439509436,6318.7073503632955,-9138.999412902253,6139.983090363279,-9462.031466116621,6497.431610363312,65.18081847545933,12514.0,32,32
101,N,769418,764949,-9608.193556995117,6698.4755303631355,-9462.031466116621,6497.431610363312,-9754.35564787361,6899.51945036296,65.5785214795215,11504.5,32,32
101,N,764949,765176,-10008.04139677251,7153.496030362818,-9754.35564787361,6899.51945036296,-10261.727145671412,7407.4726103626745,65.55570070873162,9748.5,32,32
101,N,765176,764760,-10391.659250433186,7448.716670362952,-10261.727145671412,7407.4726103626745,-10521.591355194958,7489.960730363229,65.4708303471788,9334.0,32,32
101,N,764760,768469,-10679.09599318844,7549.683910363124,-10521.591355194958,7489.960730363229,-10836.600631181924,7609.407090363018,67.03966154493727,9688.0,32,32
101,N,768469,716359,-11139.068554260306,7859.431810362965,-10836.600631181924,7609.407090363018,-11441.536477338688,8109.456530362912,66.99761822765223,9755.0,32,32
101,N,716359,717491,-11704.997104239743,8540.65455036302,-11441.536477338688,8109.456530362912,-11968.457731140797,8971.85257036313,62.15654827233983,8122.5,32,32
101,N,717491,718141,-12145.051045987406,9197.108590363125,-11968.457731140797,8971.85257036313,-12321.644360834012,9422.36461036312,61.55359855884245,5862.0,32,32
101,N,718141,764858,-12407.082327520584,9555.892950362948,-12321.644360834012,9422.36461036312,-12492.520294207157,9689.421290362778,56.019081316911596,6154.0,32,32
101,N,764858,717492,-12703.648437465554,9730.887990362888,-12492.520294207157,9689.421290362778,-12914.77658072395,9772.354690363,39.602153210477596,8957.0,32,32
101,N,717492,769467,-13653.748136087474,9769.905650362856,-12914.77658072395,9772.354690363,-14392.719691450997,9767.456610362711,31.501910869755527,10859.5,32,32
101,N,769467,769346,-14847.897029352414,9893.02557036286,-14392.719691450997,9767.456610362711,-15303.074367253834,10018.59453036301,32.565259294298336,11560.0,32,32
101,N,769346,717497,-15688.767077094166,10020.598290363094,-15303.074367253834,10018.59453036301,-16074.4597869345,10022.602050363175,30.754426387371623,11821.0,32,32
101,N,717497,769358,-16411.047567189788,10014.475690363128,-16074.4597869345,10022.602050363175,-16747.635347445077,10006.34933036308,27.4538899985505,12106.0,32,32
101,N,769358,717498,-17223.23849173687,9953.027050362845,-16747.635347445077,10006.34933036308,-17698.841636028657,9899.704770362609,26.24783442097123,11942.0,53,53
101,N,717498,769443,-17939.893816189655,9901.15193036291,-17698.841636028657,9899.704770362609,-18180.945996350652,9902.59909036321,29.298686625176785,11726.5,53,53
101,N,769443,717501,-18724.28166793009,9997.72203036311,-18180.945996350652,9902.59909036321,-19267.61733950952,10092.844970363009,31.30452273793754,11516.0,53,53
101,N,717501,769431,-19574.603838268427,10148.44931036302,-19267.61733950952,10092.844970363009,-19881.590337027334,10204.05365036303,27.72174959214907,10189.5,53,53
101,N,769431,764794,-20453.32848431021,10332.405610362877,-19881.590337027334,10204.05365036303,-21025.066631593083,10460.757570362724,29.589355206041375,8532.5,53,53
101,N,764794,765099,-21163.574808563415,10616.494250363037,-21025.066631593083,10460.757570362724,-21302.082985533747,10772.230930363352,47.682612822396194,7641.5,53,53
101,N,765099,717502,-21424.130636813075,10859.56147036315,-21302.082985533747,10772.230930363352,-21546.178288092407,10946.892010362948,62.66426496070572,9770.0,53,53
101,N,717502,772168,-21940.677609717546,10962.142850362805,-21546.178288092407,10946.892010362948,-22335.17693134268,10977.393690362664,63.14579796264856,11780.0,53,53
101,N,772168,776081,-23036.662751726726,11181.999850362987,-22335.17693134268,10977.393690362664,-23738.148572110775,11386.606010363308,,,53,53
101,N,776081,772178,-23989.021738188912,11504.605210363192,-23738.148572110775,11386.606010363308,-24239.89490426705,11622.604410363074,,,53,53
101,N,772178,772596,-24562.18923083966,11625.498730362884,-24239.89490426705,11622.604410363074,-24884.48355741227,11628.393050362696,,,53,53
101,N,772596,717510,-25319.880599734446,11630.11851036269,-24884.48355741227,11628.393050362696,-25755.277642056626,11631.843970362685,67.42665885699941,11951.0,53,53
101,N,717510,776066,-26251.53713231503,11657.447570362901,-25755.277642056626,11631.843970362685,-26747.79662257343,11683.051170363118,67.42665885699941,11951.0,53,53
101,N,776066,717513,-27067.969985052052,11775.50243036304,-26747.79662257343,11683.051170363118,-27388.143347530673,11867.953690362961,68.10311699049194,12095.0,53,53
101,N,717513,776060,-27944.29701950861,11879.197010363048,-27388.143347530673,11867.953690362961,-28500.45069148655,11890.440330363137,68.10311699049194,12095.0,53,53
101,N,776060,717515,-28734.217821061247,11894.447850362907,-28500.45069148655,11890.440330363137,-28967.984950635946,11898.455370362677,66.94245953088867,12108.0,53,53
101,N,717515,772609,-29241.819858435298,11894.726150362996,-28967.984950635946,11898.455370362677,-29515.65476623465,11890.996930363315,66.94245953088867,12108.0,53,53
101,N,772609,717517,-30064.062308475106,11776.504310363278,-29515.65476623465,11890.996930363315,-30612.469850715563,11662.011690363242,64.92864158554765,11403.0,53,53
101,N,717517,717519,-31419.220041281063,11492.972270363294,-30612.469850715563,11662.011690363242,-32225.97023184656,11323.932850363346,64.20418043636317,12042.5,53,53
101,N,717519,776073,-32471.633203517405,11369.685370363315,-32225.97023184656,11323.932850363346,-32717.296175188247,11415.437890363284,63.47971928717868,12682.0,53,53
101,N,776073,776052,-33113.73202924808,11488.630790363182,-32717.296175188247,11415.437890363284,-33510.16788330791,11561.82369036308,,,53,53
101,N,776052,717522,-33662.00124774358,11575.070770362856,-33510.16788330791,11561.82369036308,-33813.83461217924,11588.317850362631,62.1079024291906,9921.0,53,53
101,N,717522,772583,-34639.5351558516,11197.13937036273,-33813.83461217924,11588.317850362631,-35465.235699523946,10805.960890362825,62.1079024291906,9921.0,53,53
101,N,772583,717524,-35656.076360137595,10721.635990362953,-35465.235699523946,10805.960890362825,-35846.917020751236,10637.31109036308,61.30716825753322,10686.0,53,53
101,N,717524,760002,-36323.53453917536,10425.413470362975,-35846.917020751236,10637.31109036308,-36800.15205759948,10213.51585036287,60.591578121069254,10669.5,53,53
101,N,760002,772354,-36866.178592028016,10184.294350363085,-36800.15205759948,10213.51585036287,-36932.20512645655,10155.072850363302,59.87598798460529,10653.0,53,53
101,N,772354,776313,-37460.279078135965,9883.173750363214,-36932.20512645655,10155.072850363302,-37988.35302981537,9611.274650363126,,,53,53
101,N,776313,770611,-38048.47775111049,9588.175750362912,-37988.35302981537,9611.274650363126,-38108.60247240562,9565.0768503627,58.82873903633672,8779.0,53,53
101,N,770611,737433,-40092.164980156376,9367.59517036298,-38108.60247240562,9565.0768503627,-42075.72748790713,9170.113490363257,61.81613647136797,9101.0,55,55
101,N,737433,776457,-42779.14984072588,8659.878270362977,-42075.72748790713,9170.113490363257,-43482.57219354462,8149.643050362696,64.80353390639922,9423.0,55,55
101,N,776457,768253,-44111.34583180997,8042.107930362892,-43482.57219354462,8149.643050362696,-44740.11947007532,7934.572810363087,59.22065626681011,11154.0,55,55
101,N,768253,764958,-45349.85053940384,8225.730270363198,-44740.11947007532,7934.572810363087,-45959.581608732355,8516.887730363307,62.49468656924864,10576.5,55,55
101,N,764958,764963,-46917.243005431155,8668.89519036315,-45959.581608732355,8516.887730363307,-47874.904402129956,8820.90265036299,66.45698950847466,9157.5,55,55
101,N,764963,772340,-48049.88393994743,8847.953410363112,-47874.904402129956,8820.90265036299,-48224.863477764906,8875.004170363236,67.14526214526217,8316.0,55,55
101,N,772340,759271,-49088.141972247366,8896.711570363008,-48224.863477764906,8875.004170363236,-49951.420466729825,8918.41897036278,65.44764952005907,8126.0,55,55
101,N,759271,765101,-50892.759661481934,9029.238030362994,-49951.420466729825,8918.41897036278,-51834.09885623404,9140.057090363209,64.50512540832776,7765.0,55,55
101,N,765101,765472,-52003.86819964487,9203.119870362976,-51834.09885623404,9140.057090363209,-52173.63754305571,9266.182650362744,62.78367417812676,7230.5,55,55
101,N,765472,764803,-53160.669681675296,9814.099690362804,-52173.63754305571,9266.182650362744,-54147.70182029488,10362.016730362864,61.79564934467379,7179.5,55,55
101,N,764803,764808,-54160.28928111846,10371.924210362766,-54147.70182029488,10362.016730362864,-54172.876741942026,10381.831690362667,58.813064317488966,8095.5,55,55
101,N,764808,764819,-54690.85306021437,10797.50057036283,-54172.876741942026,10381.831690362667,-55208.82937848671,11213.169450362991,58.61805397644325,7183.0,55,55
101,N,764819,764829,-56176.35786901764,11703.367070362845,-55208.82937848671,11213.169450362991,-57143.88635954857,12193.564690362697,63.70395200997984,6110.5,55,55
101,N,764829,776465,-57360.224697213605,12212.711730363,-57143.88635954857,12193.564690362697,-57576.56303487864,12231.858770363304,66.21137307236062,6744.0,55,55
101,N,776465,764839,-58207.91871639047,12294.47627036301,-57576.56303487864,12231.858770363304,-58839.27439790231,12357.093770362715,61.87930171851207,9194.0,55,55
101,N,764839,764863,-59500.2774688255,12721.22149036289,-58839.27439790231,12357.093770362715,-60161.2805397487,13085.349210363065,61.75858029964532,8707.0,55,55
101,N,764863,764879,-60945.57617565851,13093.252930362885,-60161.2805397487,13085.349210363065,-61729.871811568315,13101.156650362705,62.572747704608645,8523.0,55,55
101,N,764879,764891,-61882.71955013631,13099.375530362851,-61729.871811568315,13101.156650362705,-62035.567288704304,13097.594410362997,61.256906822122595,8743.5,55,55
101,N,764891,764900,-62739.81958399477,13159.877950363152,-62035.567288704304,13097.594410362997,-63444.07187928525,13222.161490363305,61.69429098881049,7786.0,55,55
101,N,764900,764910,-63896.71328185583,13450.868430363287,-63444.07187928525,13222.161490363305,-64349.35468442641,13679.57537036327,64.40522599993082,6425.5,55,55
101,N,764910,764915,-64491.413170859916,13755.384290363287,-64349.35468442641,13679.57537036327,-64633.47165729342,13831.193210363304,64.59031673747478,6285.5,55,55
101,N,764915,764921,-66594.07242332297,14632.64155036316,-64633.47165729342,13831.193210363304,-68554.67318935251,15434.089890363015,64.7294747078563,6576.5,55,55
101,N,764921,764932,-69603.6743658713,15889.555670363154,-68554.67318935251,15434.089890363015,-70652.67554239008,16345.021450363292,64.88810273650088,6084.5,55,55
101,N,775302,775365,-83147.50556419144,17359.591930363327,-83051.1861295404,17351.91085036334,-83243.82499884246,17367.27301036331,,,55,55
101,S,773062,776328,634.9564307295914,-1467.9040096371134,788.5880038543336,-1478.6463896372802,481.32485760484906,-1457.1616296369466,,,51,51
101,S,776328,773024,177.88866830846285,-1281.4986696371109,481.32485760484906,-1457.1616296369466,-125.54752098792333,-1105.8357096372752,,,51,51
101,S,773024,764853,-535.8157495779456,-666.400009637004,-125.54752098792333,-1105.8357096372752,-946.0839781679679,-226.96430963673293,39.58907805377245,10749.0,51,51
101,S,764853,716328,-1101.14489666124,-98.3340496367974,-946.0839781679679,-226.96430963673293,-1256.205815154512,30.29621036313813,48.226061329790795,11158.5,51,51
101,S,716328,716331,-1606.2109987051035,193.65831036318255,-1256.205815154512,30.29621036313813,-1956.216182255695,357.020410363227,45.91951123111947,11293.5,51,51
101,S,716331,717446,-2122.757971608917,438.28401036291893,-1956.216182255695,357.020410363227,-2289.2997609621393,519.5476103626108,34.49505007219912,10579.5,51,51
101,S,717446,717450,-2638.428894126011,705.1737103626034,-2289.2997609621393,519.5476103626108,-2987.5580272898833,890.799810362596,33.28273339959953,9811.5,51,51
101,S,717450,717453,-3330.8314552346746,1009.2999503627964,-2987.5580272898833,890.799810362596,-3674.1048831794656,1127.8000903629968,30.574462860896915,9020.5,51,51
101,S,717453,716339,-4046.1496501495603,1207.8948303628713,-3674.1048831794656,1127.8000903629968,-4418.194417119656,1287.989570362746,23.28945238016739,7890.5,51,51
101,S,716339,717458,-4823.2524513036915,1534.0624303627835,-4418.194417119656,1287.989570362746,-5228.310485487728,1780.135290362821,15.823672207076541,6966.5,5,5
101,S,717458,717461,-5419.151146100718,1939.9351503627631,-5228.310485487728,1780.135290362821,-5609.991806713706,2099.735010362705,16.359210063073565,6606.0,5,5
101,S,717461,717462,-5802.907323506353,2338.6277303626784,-5609.991806713706,2099.735010362705,-5995.822840299001,2577.5204503626514,25.976881415379616,6624.5,5,5
101,S,717462,717466,-6206.259364831282,2830.161190362717,-5995.822840299001,2577.5204503626514,-6416.695889363564,3082.801930362783,26.38206800943142,6241.0,5,5
101,S,717466,717468,-6535.33155492468,3188.221970362786,-6416.695889363564,3082.801930362783,-6653.967220485796,3293.6420103627897,26.812359405011243,6130.0,5,5
101,S,717468,717472,-6758.770511516071,3471.3643903629627,-6653.967220485796,3293.6420103627897,-6863.573802546345,3649.086770363136,31.497226824391497,6349.5,5,5
101,S,717472,769373,-6912.586516301417,3749.6643903631057,-6863.573802546345,3649.086770363136,-6961.599230056488,3850.2420103630748,27.999079547419857,7225.5,5,5
101,S,769373,717479,-7295.558859150962,4016.2757903630973,-6961.599230056488,3850.2420103630748,-7629.518488245436,4182.30957036312,33.70693761067145,8050.5,5,5
101,S,717479,717481,-7829.488516048794,4286.059810362989,-7629.518488245436,4182.30957036312,-8029.458543852151,4389.8100503628575,47.645450841692096,8624.0,25,25
101,S,717481,769388,-8304.999444510608,4601.485030362734,-8029.458543852151,4389.8100503628575,-8580.540345169064,4813.16001036261,54.650127012913515,9777.5,32,32
101,S,769388,717484,-8710.749097421416,5112.16553036268,-8580.540345169064,4813.16001036261,-8840.957849673767,5411.171050362751,50.720057720057724,10263.0,32,32
101,S,717484,769403,-8998.23194809166,5767.283730362993,-8840.957849673767,5411.171050362751,-9155.50604650955,6123.396410363234,46.05546083376358,11192.5,32,32
101,S,769403,769405,-9317.298720607312,6302.454630363199,-9155.50604650955,6123.396410363234,-9479.091394705076,6481.512850363163,45.648974722823084,11809.5,32,32
101,S,769405,717486,-9676.156623857696,6744.673330363166,-9479.091394705076,6481.512850363163,-9873.221853010316,7007.83381036317,43.86022910077051,12354.0,32,32
101,S,717486,775990,-10109.156054594649,7206.706990362938,-9873.221853010316,7007.83381036317,-10345.090256178979,7405.580170362707,41.75089074088233,13079.0,32,32
101,S,775990,764766,-10445.190539868127,7435.803550362729,-10345.090256178979,7405.580170362707,-10545.290823557272,7466.026930362751,41.57328101644245,10704.0,32,32
101,S,764766,717488,-10703.394864447553,7525.583130362671,-10545.290823557272,7466.026930362751,-10861.498905337832,7585.139330362592,34.08773299425242,11347.5,32,32
101,S,717488,717489,-11161.246461425426,7840.062130362829,-10861.498905337832,7585.139330362592,-11460.99401751302,8094.984930363065,24.60766688049486,11775.5,32,32
101,S,717489,717490,-11723.763025687302,8528.242370363116,-11460.99401751302,8094.984930363065,-11986.532033861586,8961.499810363166,26.6607021611688,10546.5,32,32
101,S,717490,768066,-12176.63496783347,9177.794570363243,-11986.532033861586,8961.499810363166,-12366.737901805356,9394.08933036332,24.848622148727607,10551.5,32,32
101,S,768066,768477,-12640.52670168972,9567.247590363153,-12366.737901805356,9394.08933036332,-12914.315501574081,9740.405850362984,18.978246493508962,8153.0,32,32
101,S,768477,717493,-13533.59090932851,9741.519050362942,-12914.315501574081,9740.405850362984,-14152.866317082939,9742.6322503629,21.301703239306036,8752.0,32,32
101,S,717493,769345,-14729.076932130698,9870.204970362736,-14152.866317082939,9742.6322503629,-15305.287547178455,9997.777690362573,24.846699761239783,12329.5,32,32
101,S,769345,717495,-15546.616374830031,9998.946550362787,-15305.287547178455,9997.777690362573,-15787.945202481607,10000.115410363,31.05534907492133,11155.0,32,32
101,S,717495,769359,-16269.819023228014,9993.04659036305,-15787.945202481607,10000.115410363,-16751.692843974422,9985.977770363099,33.25398010280084,11203.0,32,32
101,S,769359,760013,-16986.79710308702,9934.325290362998,-16751.692843974422,9985.977770363099,-17221.90136219962,9882.672810362898,34.357483109575604,11068.5,53,53
101,S,760013,769444,-17704.466801672144,9881.949230362747,-17221.90136219962,9882.672810362898,-18187.03224114467,9881.225650362596,35.97072548261284,10870.5,53,53
101,S,769444,717499,-18583.652526864455,9912.506570362717,-18187.03224114467,9881.225650362596,-18980.272812584237,9943.787490362838,34.46132782097382,10712.0,53,53
101,S,717499,769430,-19435.12739508009,10061.50839036303,-18980.272812584237,9943.787490362838,-19889.981977575942,10179.229290363219,36.766332038663926,10158.0,53,53
101,S,769430,760024,-20121.582035140353,10241.067550362914,-19889.981977575942,10179.229290363219,-20353.182092704763,10302.90581036261,40.66152268059852,12241.5,53,53
101,S,760024,764781,-20764.741342918354,10394.02123036274,-20353.182092704763,10302.90581036261,-21176.300593131946,10485.136650362869,47.36795444278835,11361.0,53,53
101,S,764781,772140,-21341.55136086291,10696.477670362798,-21176.300593131946,10485.136650362869,-21506.802128593874,10907.818690362727,51.704116028433845,8722.0,53,53
101,S,772140,772167,-21924.908702752007,10929.414770362779,-21506.802128593874,10907.818690362727,-22343.015276910137,10951.010850362833,,,53,53
101,S,772167,717504,-22664.57187684165,10949.508030363068,-22343.015276910137,10951.010850362833,-22986.128476773156,10948.0052103633,49.853187988482105,9724.0,53,53
101,S,717504,772151,-23364.951107263383,11155.004750363118,-22986.128476773156,10948.0052103633,-23743.773737753607,11362.004290362933,49.853187988482105,9724.0,53,53
101,S,772151,772597,-24314.266971328558,11485.680810363116,-23743.773737753607,11362.004290362933,-24884.760204903505,11609.357330363298,,,53,53
101,S,772597,717508,-25166.571782015926,11610.748830362949,-24884.760204903505,11609.357330363298,-25448.383359128347,11612.1403303626,22.859509563511526,10195.0,53,53
101,S,717508,717511,-26097.490587954748,11635.684510362875,-25448.383359128347,11612.1403303626,-26746.597816781148,11659.22869036315,20.618425367564342,9945.5,53,53
101,S,717511,717514,-27621.264966293587,11764.704390363015,-26746.597816781148,11659.22869036315,-28495.932115806027,11870.180090362877,22.487713060642854,8921.0,53,53
101,S,717514,772610,-29002.842534453303,11869.901790362788,-28495.932115806027,11870.180090362877,-29509.75295310058,11869.6234903627,26.59808494966855,8146.0,53,53
101,S,772610,717516,-29923.34095157884,11811.34747036271,-29509.75295310058,11869.6234903627,-30336.928950057103,11753.071450362722,13.502375434530707,8630.0,53,53
101,S,717516,717518,-31100.9371033215,11501.543910363009,-30336.928950057103,11753.071450362722,-31864.945256585892,11250.016370363297,15.591693595427092,8525.5,53,53
101,S,717518,717520,-32285.44944232925,11320.426270363103,-31864.945256585892,11250.016370363297,-32705.953628072606,11390.83617036291,19.536548816490512,8961.5,53,53
101,S,717520,718142,-33101.88229506627,11463.750770363116,-32705.953628072606,11390.83617036291,-33497.810962059935,11536.665370363322,23.513532313941717,9339.5,53,53
101,S,718142,718143,-33601.27712355231,11550.413390363019,-33497.810962059935,11536.665370363322,-33704.743285044686,11564.161410362716,28.99082448482978,8342.5,53,53
101,S,718143,718144,-33920.39000398361,11511.674030362745,-33704.743285044686,11564.161410362716,-34136.03672292253,11459.186650362775,29.6450802234475,7387.0,53,53
101,S,718144,772582,-34795.79488013781,11124.280430362778,-34136.03672292253,11459.186650362775,-35455.55303735308,10789.374210362781,26.943490228461325,7266.0,53,53
101,S,772582,718146,-35939.36339053353,10573.357750362793,-35455.55303735308,10789.374210362781,-36423.17374371398,10357.341290362803,57.08094765074004,10067.0,53,53
101,S,718146,772208,-36525.9021785646,10311.867070362923,-36423.17374371398,10357.341290362803,-36628.63061341521,10266.392850363043,57.08094765074004,10067.0,53,53
101,S,772208,772355,-36775.66875467977,10202.049890362949,-36628.63061341521,10266.392850363043,-36922.70689594433,10137.706930362852,,,53,53
101,S,772355,718148,-37292.81513047972,9944.95635036305,-36922.70689594433,10137.706930362852,-37662.92336501512,9752.205770363249,67.51053731967384,9566.0,53,53
101,S,718148,770610,-37879.446134341415,9645.282910363085,-37662.92336501512,9752.205770363249,-38095.968903667715,9538.36005036292,53.223749064076515,8840.0,53,53
101,S,770610,765444,-38095.968903667715,9538.36005036292,-38095.968903667715,9538.36005036292,-38095.968903667715,9538.36005036292,38.93696080847918,8114.0,53,53
101,S,765444,716390,-38939.23656299469,9352.233010363007,-38095.968903667715,9538.36005036292,-39782.504222321666,9166.105970363093,62.13605533672783,10409.0,53,53
101,S,716390,716391,-40164.87716227441,9271.69299036307,-39782.504222321666,9166.105970363093,-40547.25010222716,9377.280010363047,64.01979750420523,11052.5,55,55
101,S,716391,716392,-41313.978622483,9255.050650363166,-40547.25010222716,9377.280010363047,-42080.70714273884,9132.821290363285,66.52598788192189,9732.5,55,55
101,S,716392,764646,-42170.29482178473,9018.606970362942,-42080.70714273884,9132.821290363285,-42259.882500830616,8904.392650362599,66.13742735351116,8440.0,55,55
101,S,764646,772564,-42285.287962052695,8873.000410362758,-42259.882500830616,8904.392650362599,-42310.69342327477,8841.608170362919,65.12641861486117,9111.0,55,55
101,S,772564,776440,-42690.76096747227,8571.712830362914,-42310.69342327477,8841.608170362919,-43070.828511669766,8301.817490362908,,,55,55
101,S,776440,764637,-43623.339658354555,8146.581750362911,-43070.828511669766,8301.817490362908,-44175.85080503934,7991.346010362915,66.6154431067258,11047.0,55,55
101,S,764637,768265,-44422.75869041876,7954.554750362864,-44175.85080503934,7991.346010362915,-44669.66657579819,7917.763490362814,64.56305619351973,10880.0,55,55
101,S,768265,764632,-45306.416883376616,8204.746450362785,-44669.66657579819,7917.763490362814,-45943.167190955035,8491.729410362757,64.90132658569331,10571.0,55,55
101,S,764632,765100,-46120.406016612775,8491.172810362976,-45943.167190955035,8491.729410362757,-46297.64484227051,8490.616210363196,64.92227604047096,9449.0,55,55
101,S,765100,772193,-47024.12115264044,8633.384110363031,-46297.64484227051,8490.616210363196,-47750.59746301037,8776.152010362866,62.55256818986894,8469.0,55,55
101,S,772193,718149,-47758.57413232344,8777.376530362937,-47750.59746301037,8776.152010362866,-47766.550801636506,8778.60105036301,62.4785909468932,8417.0,55,55
101,S,718149,718150,-48693.50432687662,8850.847730362924,-47766.550801636506,8778.60105036301,-49620.45785211672,8923.094410362839,62.909469605649605,8573.0,55,55
101,S,718150,764627,-50647.419445216,8988.327930363059,-49620.45785211672,8923.094410362839,-51674.381038315274,9053.561450363279,62.724850586797885,8962.0,55,55
101,S,764627,764622,-51834.098856234035,9113.1176503632,-51674.381038315274,9053.561450363279,-51993.8166741528,9172.67385036312,60.152144464396144,10107.0,55,55
101,S,764622,765150,-52802.18064174612,9534.797810363214,-51993.8166741528,9172.67385036312,-53610.54460933944,9896.921770363308,59.42918301610642,10267.5,55,55
101,S,765150,764798,-53716.17784284145,9982.192890363163,-53610.54460933944,9896.921770363308,-53821.81107634345,10067.46401036302,61.684894357141545,9271.5,55,55
101,S,764798,764814,-54357.35451027042,10497.10355036311,-53821.81107634345,10067.46401036302,-54892.897944197386,10926.743090363198,62.18737489539084,8553.5,55,55
101,S,764814,764834,-55626.520981408656,11488.46381036321,-54892.897944197386,10926.743090363198,-56360.144018619925,12050.18453036322,62.58959483327092,7133.0,55,55
101,S,764834,764824,-56664.82512162358,12102.059650363153,-56360.144018619925,12050.18453036322,-56969.50622462723,12153.934770363088,65.81217511061655,6956.0,55,55
101,S,764824,764848,-57657.85128920655,12217.665470363147,-56969.50622462723,12153.934770363088,-58346.19635378587,12281.396170363207,65.88590707780187,7040.0,55,55
101,S,764848,764868,-59022.415036693455,12544.89061036316,-58346.19635378587,12281.396170363207,-59698.63371960104,12808.385050363111,56.43786251631268,6779.0,55,55
101,S,764868,764874,-59815.932255624255,12878.850610363172,-59698.63371960104,12808.385050363111,-59933.23079164747,12949.316170363232,43.60202528556812,6782.0,55,55
101,S,764874,764885,-60759.94570945216,13015.106290363234,-59933.23079164747,12949.316170363232,-61586.660627256846,13080.896410363235,36.7949033481317,7234.5,55,55
101,S,764885,765106,-61715.30171039571,13079.393590363074,-61586.660627256846,13080.896410363235,-61843.94279353457,13077.890770362914,38.02047070911308,7589.5,55,55
101,S,765106,764905,-62982.53164909924,13309.603350362822,-61843.94279353457,13077.890770362914,-64121.120504663915,13541.31593036273,36.198453222873304,6646.5,55,55
101,S,764905,764927,-66345.6429767457,14478.519010362725,-64121.120504663915,13541.31593036273,-68570.16544882748,15415.72209036272,49.0103781779635,7270.0,55,55
101,S,764927,764937,-69647.24634564415,15883.767030362738,-68570.16544882748,15415.72209036272,-70724.3272424608,16351.811970362758,66.82479720236148,7381.0,55,55
105,E,760046,773047,-13398.125854753876,-15107.053049637116,-13662.462532042306,-15101.987989637248,-13133.789177465447,-15112.118109636984,52.981436764262,3313.0,15,15
105,E,773047,766875,-13077.629736869692,-15111.171889637,-13133.789177465447,-15112.118109636984,-13021.470296273937,-15110.225669637015,58.603595724003895,1029.0,15,15
105,E,766875,760063,-12628.861399167854,-15179.35538963689,-13021.470296273937,-15110.225669637015,-12236.252502061772,-15248.485109636764,59.567466524676604,1516.5,15,15
105,E,760063,767838,-11690.795866387693,-15154.03008963676,-12236.252502061772,-15248.485109636764,-11145.339230713615,-15059.575069636758,63.27942511575695,2648.5,15,15
105,E,767838,773656,-10903.687647656474,-14973.524709636891,-11145.339230713615,-15059.575069636758,-10662.036064599333,-14887.474349637025,66.02751290616459,3293.0,10,10
105,E,773656,760074,-10441.271367084399,-14874.394249637222,-10662.036064599333,-14887.474349637025,-10220.506669569464,-14861.314149637421,68.26154055155548,7361.0,10,10
105,E,760074,760080,-9869.487111886536,-15040.595009637218,-10220.506669569464,-14861.314149637421,-9518.467554203608,-15219.875869637017,65.88143675921873,7319.0,10,10
105,E,760080,716414,-9115.11551287868,-15507.192789636936,-9518.467554203608,-15219.875869637017,-8711.763471553752,-15794.509709636855,61.40523531853932,6943.5,10,10
105,E,716414,760101,-8392.835022783058,-15797.626669636895,-8711.763471553752,-15794.509709636855,-8073.906574012365,-15800.743629636936,59.65506838678272,7208.5,10,10
105,E,760101,760112,-7836.865782465722,-15783.65600963697,-8073.906574012365,-15800.743629636936,-7599.82499091908,-15766.568389637005,61.12777227895711,8325.5,10,10
105,E,760112,716419,-7120.902076739052,-15762.338229637007,-7599.82499091908,-15766.568389637005,-6641.979162559023,-15758.108069637008,61.24372493315507,9318.0,0,0
105,E,716419,716421,-6247.110977613334,-15693.876429637028,-6641.979162559023,-15758.108069637008,-5852.242792667645,-15629.644789637046,62.58195996940824,10080.5,0,0
105,E,716421,716424,-5387.10614510347,-15516.543669637056,-5852.242792667645,-15629.644789637046,-4921.969497539296,-15403.442549637068,62.50282287606609,9849.5,0,0
105,E,716424,774614,-4442.0322092275865,-15400.436909637141,-4921.969497539296,-15403.442549637068,-3962.0949209158766,-15397.431269637216,60.07463022508039,9330.0,0,0
105,E,774614,765476,-3682.2659841531404,-15400.71520963723,-3962.0949209158766,-15397.431269637216,-3402.4370473904046,-15403.999149637244,59.41840565085772,4955.0,0,0
105,E,765476,760167,-3394.460378077333,-15404.66706963714,-3402.4370473904046,-15403.999149637244,-3386.4837087642613,-15405.334989637035,54.82275953638592,5074.0,0,0
105,E,760167,716427,-3195.4125085756823,-15434.055549636898,-3386.4837087642613,-15405.334989637035,-3004.3413083871033,-15462.77610963676,48.460505640735505,5259.5,0,0
105,E,716427,716431,-2677.528406133968,-15495.392869637068,-3004.3413083871033,-15462.77610963676,-2350.715503880833,-15528.009629637374,47.66097663883337,6705.0,0,0
105,E,716431,716433,-2192.2887075849885,-15528.900189637103,-2350.715503880833,-15528.009629637374,-2033.8619112891438,-15529.790749636832,58.43205082771499,8281.0,0,0
105,E,716433,760187,-1562.1779397810833,-15482.368429637125,-2033.8619112891438,-15529.790749636832,-1090.4939682730226,-15434.946109637418,61.6472854011181,7485.5,0,0
105,E,760187,760196,-520.0007346974189,-15430.381989637077,-1090.4939682730226,-15434.946109637418,50.49249887818479,-15425.817869636734,49.408859818980524,6737.5,0,0
105,E,760196,716440,681.5254249837966,-15373.608789636852,50.49249887818479,-15425.817869636734,1312.5583510894085,-15321.39970963697,46.44877057736533,6955.5,0,0
105,E,716440,716442,1625.031691745534,-15324.906289636816,1312.5583510894085,-15321.39970963697,1937.5050324016597,-15328.412869636664,52.39046717296242,7529.0,1,1
105,E,716442,760226,2504.5401723440614,-15624.13444963672,1937.5050324016597,-15328.412869636664,3071.575312286463,-15919.856029636778,44.214167712972596,7323.5,1,1
105,E,760226,760236,3214.3715253617293,-15995.72060963705,3071.575312286463,-15919.856029636778,3357.1677384369955,-16071.585189637322,30.77333351514812,6759.5,1,1
105,E,760236,716449,3847.202660156423,-16332.686249636987,3357.1677384369955,-16071.585189637322,4337.23758187585,-16593.787309636653,38.14134774609319,7730.0,1,1
105,E,716449,718155,4778.99751648262,-16792.77180963693,4337.23758187585,-16593.787309636653,5220.75745108939,-16991.75630963721,51.63280958389946,6735.0,1,1
105,E,718155,716453,5674.090472386084,-17161.574969637168,5220.75745108939,-16991.75630963721,6127.423493682777,-17331.393629637125,58.312849320722876,4845.0,11,11
105,E,716453,767857,6135.446270910836,-17332.172869637136,6127.423493682777,-17331.393629637125,6143.469048138894,-17332.952109637146,60.18249679322582,4563.5,11,11
105,E,767857,767868,6183.675150109161,-17336.848309637197,6143.469048138894,-17332.952109637146,6223.881252079428,-17340.744509637247,59.497303809723746,4443.0,11,11
105,E,767868,716456,6657.019006561342,-17324.658769637124,6223.881252079428,-17340.744509637247,7090.156761043257,-17308.573029637002,49.211036428125446,5788.5,11,11
105,E,716456,760283,7408.43969900282,-17270.11196963721,7090.156761043257,-17308.573029637002,7726.722636962384,-17231.65090963742,53.06624108952536,7642.0,11,11
105,E,760283,716460,8125.233347201224,-17190.57382963712,7726.722636962384,-17231.65090963742,8523.744057440064,-17149.496749636815,58.309536479718076,8332.0,11,11
105,E,716460,760301,8763.735755553738,-17140.535489636895,8523.744057440064,-17149.496749636815,9003.727453667414,-17131.57422963698,52.22433234525699,7898.5,11,11
105,E,760301,760315,9244.041907186654,-17131.017629637197,9003.727453667414,-17131.57422963698,9484.356360705895,-17130.461029637416,58.08649339185705,7615.0,11,11
105,E,760315,716466,9804.5758310995,-17128.123309637383,9484.356360705895,-17130.461029637416,10124.795301493108,-17125.785589637355,60.36784878227423,7385.5,18,18
105,E,716466,760330,10524.4587096099,-17112.538509637183,10124.795301493108,-17125.785589637355,10924.122117726693,-17099.291429637015,58.293060612002265,7192.5,18,18
105,E,760330,716470,11323.186122947343,-17071.517089637135,10924.122117726693,-17099.291429637015,11722.250128167992,-17043.74274963726,56.27461632329846,7251.0,18,18
105,W,716402,716404,-13902.776985561546,-15060.68826963711,-14143.091439080787,-15047.886469637002,-13662.462532042306,-15073.490069637219,58.870845392955,5039.5,15,15
105,W,716404,716405,-13342.47360122429,-15075.660809637277,-13662.462532042306,-15073.490069637219,-13022.484670406273,-15077.831549637333,59.92894145408918,5977.0,15,15
105,W,716405,716407,-12630.014097045809,-15144.567889637317,-13022.484670406273,-15077.831549637333,-12237.543523685343,-15211.304229637302,56.173691163527955,5478.0,15,15
105,W,716407,716409,-11611.813007816345,-15086.959789637225,-12237.543523685343,-15211.304229637302,-10986.082491947349,-14962.615349637146,55.614898546426495,5362.0,10,10
105,W,716409,760426,-10442.009093726158,-14943.023029637176,-10986.082491947349,-14962.615349637146,-9897.935695504966,-14923.430709637205,59.076227440680434,6052.5,10,10
105,W,760426,716413,-9448.06076784082,-15267.29818963712,-9897.935695504966,-14923.430709637205,-8998.185840176671,-15611.165669637034,62.763501052606514,7895.5,10,10
105,W,716413,760440,-8615.997331883871,-15690.815129636845,-8998.185840176671,-15611.165669637034,-8233.80882359107,-15770.464589636658,60.07750212091537,9326.0,10,10
105,W,760440,760452,-7995.79976582708,-15753.265649636975,-8233.80882359107,-15770.464589636658,-7757.790708063089,-15736.066709637289,46.76202159478289,8503.0,10,10
105,W,760452,716420,-7200.991525273366,-15728.107329637214,-7757.790708063089,-15736.066709637289,-6644.192342483643,-15720.14794963714,53.15371068379575,8049.0,0,0
105,W,716420,716422,-6248.863078386773,-15654.747449636947,-6644.192342483643,-15720.14794963714,-5853.533814289903,-15589.346949636752,50.1249353939081,8431.0,0,0
105,W,716422,760473,-5466.596190741642,-15486.320289637035,-5853.533814289903,-15589.346949636752,-5079.658567193383,-15383.293629637315,30.994153061563463,8877.5,0,0
105,W,760473,760481,-4832.612358068996,-15366.20600963735,-5079.658567193383,-15383.293629637315,-4585.566148944611,-15349.118389637384,31.37350225561534,7830.5,0,0
105,W,760481,716426,-4353.597228058994,-15348.951409637015,-4585.566148944611,-15349.118389637384,-4121.628307173376,-15348.784429636646,32.18813510181536,6692.5,0,0
105,W,716426,716428,-3563.1231315252007,-15385.18606963689,-4121.628307173376,-15348.784429636646,-3004.617955877026,-15421.587709637131,33.59906702733889,6058.5,0,0
105,W,716428,760496,-2677.7589457089034,-15453.759189636981,-3004.617955877026,-15421.587709637131,-2350.899935540781,-15485.930669636831,42.175466269816695,7291.5,0,0
105,W,760496,716434,-2192.5192471605787,-15487.544809637107,-2350.899935540781,-15485.930669636831,-2034.1385587803766,-15489.158949637382,49.52385342524407,9197.0,0,0
105,W,716434,760512,-1718.5298798972688,-15473.240189637232,-2034.1385587803766,-15489.158949637382,-1402.921201014161,-15457.321429637084,49.82960087613148,8426.0,0,0
105,W,760512,716437,-842.0645216950941,-15407.338749637118,-1402.921201014161,-15457.321429637084,-281.2078423760271,-15357.356069637151,49.30551941599859,8207.5,0,0
105,W,716437,760535,204.86179864403027,-15393.757709637,-281.2078423760271,-15357.356069637151,690.9314396640876,-15430.159349636848,42.70753683044886,8446.0,0,0
105,W,760535,716441,999.3933917065115,-15358.079649636908,690.9314396640876,-15430.159349636848,1307.8553437489354,-15285.999949636966,37.73582507276815,7627.0,0,0
105,W,716441,716443,1623.7406701226205,-15291.176329636946,1307.8553437489354,-15285.999949636966,1939.6259964963058,-15296.352709636929,32.78190788810118,7610.5,1,1
105,W,716443,760558,2298.4838997466886,-15478.527889636935,1939.6259964963058,-15296.352709636929,2657.341802997071,-15660.703069636938,25.763141418552728,7442.5,1,1
105,W,760558,760568,2800.96795854407,-15735.06482963705,2657.341802997071,-15660.703069636938,2944.5941140910686,-15809.426589637162,24.968093349198046,6503.5,1,1
105,W,760568,716448,3300.040031623892,-16001.23094963698,2944.5941140910686,-15809.426589637162,3655.485949156715,-16193.035309636798,27.914441135382745,5767.0,1,1
105,W,716448,716450,4004.0617873387764,-16376.045389637067,3655.485949156715,-16193.035309636798,4352.637625520838,-16559.055469637337,23.69910145614466,6327.0,1,1
105,W,716450,760599,4650.494757089376,-16699.98658963706,4352.637625520838,-16559.055469637337,4948.351888657915,-16840.91770963679,15.72365088333792,6752.0,1,1
105,W,760599,763712,5088.704382232971,-16901.086169636746,4948.351888657915,-16840.91770963679,5229.056875808025,-16961.254629636704,12.819479622246497,5545.0,1,1
105,W,763712,760606,5236.572465969916,-16964.14894963691,5229.056875808025,-16961.254629636704,5244.088056131807,-16967.043269637117,12.569814545846395,4694.5,1,1
105,W,760606,760619,5687.9228469175805,-17131.51856963712,5244.088056131807,-16967.043269637117,6131.757637703354,-17295.99386963712,21.6498251565728,4552.0,11,11
105,W,760619,716457,6610.081148986585,-17283.247729637267,6131.757637703354,-17295.99386963712,7088.404660269816,-17270.501589637413,38.633778301339255,6533.0,11,11
105,W,716457,716459,7485.393809310807,-17226.58584963716,7088.404660269816,-17270.501589637413,7882.382958351798,-17182.670109636903,53.43926396792816,8118.0,11,11
105,W,716459,716461,8201.265299206849,-17150.275989636822,7882.382958351798,-17182.670109636903,8520.1476400619,-17117.881869636745,53.269044788162915,8093.5,11,11
105,W,716461,760398,8760.969280647307,-17107.80740963687,8520.1476400619,-17117.881869636745,9001.790921232716,-17097.732949636993,46.61897305215144,8093.5,11,11
105,W,760398,760384,9323.255305334249,-17097.454649636908,9001.790921232716,-17097.732949636993,9644.719689435784,-17097.17634963682,38.32252887510113,7337.0,11,11
105,W,760384,760375,10045.259147939294,-17095.784849636773,9644.719689435784,-17097.17634963682,10445.798606442806,-17094.393349636724,24.64119678977415,7118.5,18,18
105,W,760375,760369,10685.283117490315,-17078.47458963697,10445.798606442806,-17094.393349636724,10924.767628537822,-17062.55582963722,24.569614798212555,7817.5,18,18
105,W,760369,716471,11323.647202097869,-17035.338089637124,10924.767628537822,-17062.55582963722,11722.526775657914,-17008.120349637025,36.31849407760521,7565.5,18,18
105,W,716471,760358,12201.17304234671,-16993.42610963695,11722.526775657914,-17008.120349637025,12679.819309035507,-16978.73186963687,55.31177247742616,3716.5,18,18
110,N,763498,775773,-4044.9508443572768,-33654.35654963704,-4470.111929526119,-34305.24458963736,-3619.7897591884343,-33003.46850963673,66.85935828877005,4862.0,39,39
110,N,775773,763502,-3590.9262043331564,-32857.24968963691,-3619.7897591884343,-33003.46850963673,-3562.0626494778785,-32711.030869637085,67.69335976214073,6054.0,39,39
110,N,763502,763507,-3587.8830819361483,-32282.894149637155,-3562.0626494778785,-32711.030869637085,-3613.7035143944186,-31854.75742963723,67.00821706841506,6045.5,39,39
110,N,763507,763512,-3718.1840500184735,-31225.298489636996,-3613.7035143944186,-31854.75742963723,-3822.6645856425284,-30595.83954963676,59.93864277913047,6622.0,39,39
110,N,763512,763517,-4062.7484995868335,-29707.78424963686,-3822.6645856425284,-30595.83954963676,-4302.832413531139,-28819.728949636963,40.440063627823974,7738.0,39,39
110,N,763517,763522,-4281.714988413341,-28643.50938963695,-4302.832413531139,-28819.728949636963,-4260.597563295544,-28467.28982963694,26.94437501605009,9187.5,4,4
110,N,763522,763527,-4260.689779126174,-27465.4098296369,-4260.597563295544,-28467.28982963694,-4260.781994956803,-26463.529829636864,29.146237296255286,10270.5,4,4
110,N,763527,763532,-4163.263754512829,-25552.765249636956,-4260.781994956803,-26463.529829636864,-4065.7455140688544,-24642.000669637047,41.53698568483606,10738.5,4,4
110,N,763532,766336,-4044.7203047816865,-24093.972309636873,-4065.7455140688544,-24642.000669637047,-4023.6950954945182,-23545.943949636698,52.701022194341824,9125.0,4,4
110,N,766336,763354,-4033.6082972416325,-23103.335629636924,-4023.6950954945182,-23545.943949636698,-4043.521498988747,-22660.727309637146,58.37322724840867,9270.5,4,4
110,N,763354,763663,-4039.1873549688253,-22281.51572963709,-4043.521498988747,-22660.727309637146,-4034.853210948904,-21902.304149637028,65.39490198093935,10887.0,2,2
110,N,763663,716484,-4050.2071466782495,-21077.589929636986,-4034.853210948904,-21902.304149637028,-4065.561082407595,-20252.875709636945,66.70151429083337,11504.0,2,2
110,N,716484,763626,-4081.053341882557,-19836.984189636947,-4065.561082407595,-20252.875709636945,-4096.545601357519,-19421.092669636953,63.264650523447266,12213.5,2,2
110,N,763626,775825,-4138.872667422433,-18936.516709637144,-4096.545601357519,-19421.092669636953,-4181.199733487346,-18451.94074963734,61.227335581787514,11860.0,2,2
110,N,775825,763361,-4180.876978081782,-18339.396229637132,-4181.199733487346,-18451.94074963734,-4180.554222676217,-18226.85170963692,63.4112228950967,10238.0,0,0
110,N,763361,716490,-4181.430273062937,-18008.720169637134,-4180.554222676217,-18226.85170963692,-4182.306323449656,-17790.588629637343,66.2624792435665,10845.0,0,0
110,N,716490,763367,-4155.655948520309,-17292.65426963725,-4182.306323449656,-17790.588629637343,-4129.005573590961,-16794.719909637155,65.72795549210585,11017.0,0,0
110,N,763367,716495,-4025.1705487780355,-16604.362709637244,-4129.005573590961,-16794.719909637155,-3921.3355239651096,-16414.00550963733,63.56552889318846,9568.0,0,0
110,N,716495,774704,-3815.471750887512,-16226.820929637317,-3921.3355239651096,-16414.00550963733,-3709.6079778099142,-16039.636349637305,64.78888239420154,8554.0,0,0
110,N,774704,763304,-3668.295285876682,-15710.129149637123,-3709.6079778099142,-16039.636349637305,-3626.9825939434504,-15380.621949636943,60.212838306731435,5764.0,0,0
110,N,763304,763372,-3596.2286145697717,-14992.059489637159,-3626.9825939434504,-15380.621949636943,-3565.4746351960925,-14603.497029637374,37.97882045724113,5643.0,0,0
110,N,763372,763720,-3561.9704336479035,-14431.563289637219,-3565.4746351960925,-14603.497029637374,-3558.466232099715,-14259.629549637064,14.253683261508716,5499.0,0,0
110,N,763720,763384,-3544.8643971444635,-13771.8253096371,-3558.466232099715,-14259.629549637064,-3531.262562189212,-13284.021069637138,22.87657190445529,6687.0,0,0
110,N,763384,716499,-3556.1608363451205,-13078.19038963714,-3531.262562189212,-13284.021069637138,-3581.0591105010285,-12872.359709637141,32.43330249272161,7217.0,0,0
110,N,716499,763392,-3610.8448236580134,-12457.303089637015,-3581.0591105010285,-12872.359709637141,-3640.630536814999,-12042.246469636888,23.16480254731186,6808.5,0,0
110,N,763392,763400,-3639.9850260032144,-11929.256669637012,-3640.630536814999,-12042.246469636888,-3639.33951519143,-11816.266869637138,16.113106578685525,7549.0,0,0
110,N,763400,763408,-3644.503601683084,-10914.574869637261,-3639.33951519143,-11816.266869637138,-3649.667688174738,-10012.882869637386,17.56264914203662,7695.0,0,0
110,N,763408,763419,-3634.405968275367,-9567.658529637098,-3649.667688174738,-10012.882869637386,-3619.144248375995,-9122.434189636808,17.39768729086429,7410.5,0,0
110,N,763419,718164,-3615.7322626584355,-8882.428269636875,-3619.144248375995,-9122.434189636808,-3612.3202769408754,-8642.422349636945,18.29479656810176,7502.5,9,9
110,N,718164,763424,-3629.6107451049193,-8115.7117696371315,-3612.3202769408754,-8642.422349636945,-3646.9012132689627,-7589.001189637317,17.976409779609114,8394.5,9,9
110,N,763424,763429,-3658.0132208090167,-7169.881389637167,-3646.9012132689627,-7589.001189637317,-3669.1252283490708,-6750.761589637016,16.39277031916393,8563.0,9,9
110,N,763429,763434,-3666.0359980370754,-6502.239689636834,-3669.1252283490708,-6750.761589637016,-3662.94676772508,-6253.717789636652,18.354853308049663,8021.5,9,9
110,N,763434,763439,-3606.7412192136826,-5834.764969636871,-3662.94676772508,-6253.717789636652,-3550.5356707022856,-5415.8121496370895,21.141396682187633,8904.5,9,9
110,N,763439,764032,-3347.4303046719465,-4973.816089636955,-3550.5356707022856,-5415.8121496370895,-3144.3249386416073,-4531.82002963682,22.78111266611406,10300.0,9,9
110,N,764032,775637,-3111.0350239364334,-4213.500489636868,-3144.3249386416073,-4531.82002963682,-3077.74510923126,-3895.180949636916,24.00953382084095,10940.0,9,9
110,N,775637,718165,-3061.4690152002077,-3600.7952096370464,-3077.74510923126,-3895.180949636916,-3045.192921169155,-3306.409469637177,37.543313996727655,6723.0,9,9
110,N,718165,774672,-2999.961056452195,-3036.0131896372495,-3045.192921169155,-3306.409469637177,-2954.729191735235,-2765.6169096373224,37.543313996727655,6723.0,9,9
110,N,774672,774685,-2761.3525957914067,-2520.378949637154,-2954.729191735235,-2765.6169096373224,-2567.9759998475784,-2275.140989636986,,,9,9
110,N,774685,774658,-2433.294779830345,-2174.6746896371315,-2567.9759998475784,-2275.140989636986,-2298.6135598131114,-2074.2083896372765,,,9,9
110,N,774658,772501,-1788.1528317026584,-1580.6711696371553,-2298.6135598131114,-2074.2083896372765,-1277.6921035922055,-1087.133949637034,,,51,51
110,N,772501,718046,-495.19467637148455,-481.55314963702153,-1277.6921035922055,-1087.133949637034,287.30275084923636,124.02765036299087,60.1882605583393,6985.0,51,51
110,N,718046,772513,411.65579788316165,262.56539036282817,287.30275084923636,124.02765036299087,536.008844917087,401.10313036266547,60.1882605583393,6985.0,51,51
110,N,772513,771667,683.2775257572358,662.3711703627013,536.008844917087,401.10313036266547,830.5462065973846,923.639210362737,,,54,54
110,N,771667,771673,1009.8137805197937,1107.9294703629384,830.5462065973846,923.639210362737,1189.0813544422026,1292.2197303631397,,,54,54
110,N,771673,773013,1549.5069268060765,1608.591170362869,1189.0813544422026,1292.2197303631397,1909.9324991699505,1924.9626103625983,,,54,54
110,N,773013,767751,2561.0684762610235,2418.833790362667,1909.9324991699505,1924.9626103625983,3212.204453352096,2912.7049703627363,61.21141410206466,5134.0,54,54
110,N,767751,767760,4559.754380165534,4018.557850362872,3212.204453352096,2912.7049703627363,5907.304306978971,5124.410730363008,64.79147203525946,4469.0,54,54
110,N,767760,767768,6601.04399762619,5471.951770363139,5907.304306978971,5124.410730363008,7294.783688273409,5819.49281036327,66.07082427276468,3799.5,30,30
110,S,775752,775774,-4069.5724710219524,-33653.076369637114,-4492.612592096149,-34303.574789636834,-3646.5323499477563,-33002.5779496374,,,39,39
110,S,766337,716481,-4050.6682258294304,-22983.16568963738,-4042.230477365178,-23546.611869637385,-4059.105974293683,-22419.719509637373,54.096637806526246,5334.5,4,4
110,S,716481,766988,-4061.734125454497,-21904.920169637146,-4059.105974293683,-22419.719509637373,-4064.362276615311,-21390.120829636922,59.12404869461249,6940.0,2,2
110,S,766988,716485,-4083.2665218078328,-20821.219969636848,-4064.362276615311,-21390.120829636922,-4102.170767000354,-20252.31910963677,64.90424036502884,11558.0,2,2
110,S,716485,763621,-4113.789961606576,-19928.87884963709,-4102.170767000354,-20252.31910963677,-4125.409156212798,-19605.43858963741,64.70249723503574,13387.5,2,2
110,S,763621,763314,-4171.609287146452,-19110.89948963705,-4125.409156212798,-19605.43858963741,-4217.809418080105,-18616.36038963669,63.74313716799831,12270.0,2,2
110,S,763314,716491,-4215.59623815483,-18202.86224963698,-4217.809418080105,-18616.36038963669,-4213.383058229554,-17789.36410963727,64.87156474146727,13196.5,0,0
110,S,716491,763309,-4205.175849341547,-17369.46506963711,-4213.383058229554,-17789.36410963727,-4196.9686404535405,-16949.56602963695,64.66887738756094,13360.0,0,0
110,S,763309,716494,-4078.79405404295,-16679.16974963702,-4196.9686404535405,-16949.56602963695,-3960.61946763236,-16408.773469637094,64.67581655396785,12465.5,0,0
110,S,716494,774703,-3852.5425146301423,-16223.481329637048,-3960.61946763236,-16408.773469637094,-3744.4655616279247,-16038.189189637003,66.39828976301001,12279.0,0,0
110,S,774703,759418,-3739.117043475667,-16006.462989637217,-3744.4655616279247,-16038.189189637003,-3733.7685253234094,-15974.736789637429,62.226202615827965,9022.0,0,0
110,S,759418,759416,-3732.3852878705216,-15966.777409637354,-3733.7685253234094,-15974.736789637429,-3731.0020504176337,-15958.81802963728,63.56215186971174,8961.0,0,0
110,S,759416,763299,-3709.792409469863,-15668.940749637102,-3731.0020504176337,-15958.81802963728,-3688.5827685220916,-15379.063469636923,65.6867595918981,8636.0,0,0
110,S,763299,763377,-3652.3419472505393,-14991.948169637044,-3688.5827685220916,-15379.063469636923,-3616.101125978987,-14604.832869637165,66.13469175203412,10060.5,0,0
110,S,763377,716500,-3615.1328597622933,-13739.20854963719,-3616.101125978987,-14604.832869637165,-3614.1645935455995,-12873.584229637214,65.96715149830509,9429.5,0,0
110,S,716500,763294,-3651.004817713294,-12458.026669637165,-3614.1645935455995,-12873.584229637214,-3687.8450418809884,-12042.469109637117,59.51491062743007,9859.5,0,0
110,S,763294,763286,-3684.479164078416,-11815.598949637242,-3687.8450418809884,-12042.469109637117,-3681.113286275843,-11588.728789637367,52.7027460565808,11773.5,0,0
110,S,763286,763275,-3682.3120920681276,-11247.199029637088,-3681.113286275843,-11588.728789637367,-3683.5108978604117,-10905.669269636808,52.41701449774772,10910.0,0,0
110,S,763275,763267,-3684.7097036533514,-10273.705629636965,-3683.5108978604117,-10905.669269636808,-3685.9085094462907,-9641.741989637121,51.3656775661122,10930.5,0,0
110,S,763267,763259,-3675.349796887392,-9216.38826963689,-3685.9085094462907,-9641.741989637121,-3664.7910843284935,-8791.034549636659,47.92345096805464,10616.5,9,9
110,S,763259,763251,-3683.8336532666317,-7989.419229636831,-3664.7910843284935,-8791.034549636659,-3702.87622220477,-7187.803909637002,41.59165234565674,9980.5,9,9
110,S,763251,718041,-3706.0115604317516,-6798.796169637155,-3702.87622220477,-7187.803909637002,-3709.146898658734,-6409.788429637309,40.48057655014733,9886.0,9,9
110,S,718041,763246,-3700.7552581094683,-6059.7983496370325,-3709.146898658734,-6409.788429637309,-3692.363617560203,-5709.808269636756,47.285847205887634,11672.5,9,9
110,S,763246,763447,-3647.223968673872,-5553.348009637084,-3692.363617560203,-5709.808269636756,-3602.0843197875415,-5396.887749637411,55.974060155862134,11542.0,9,9
110,S,763447,764037,-3384.224420923999,-4959.956749637144,-3602.0843197875415,-5396.887749637411,-3166.3645220604562,-4523.025749636877,63.07010167482183,11317.0,9,9
110,S,764037,775636,-3131.5069382424467,-4207.15524963707,-3166.3645220604562,-4523.025749636877,-3096.649354424437,-3891.2847496372615,65.55236165237724,12830.0,9,9
110,S,775636,718166,-3078.7133754492643,-3597.900889637235,-3096.649354424437,-3891.2847496372615,-3060.7773964740913,-3304.5170296372094,58.92941650981447,7438.0,9,9
110,S,718166,760635,-3036.478525214325,-3109.5957096369557,-3060.7773964740913,-3304.5170296372094,-3012.179653954559,-2914.674389636702,60.88163055815089,9684.5,9,9
110,S,760635,774671,-2993.22930084705,-2836.7503896368835,-3012.179653954559,-2914.674389636702,-2974.2789477395413,-2758.826389637065,62.8338446064873,11931.0,9,9
110,S,774671,760643,-2643.500764787036,-2409.9495096371425,-2974.2789477395413,-2758.826389637065,-2312.7225818345305,-2061.07262963722,60.95385578628822,9583.0,9,9
110,S,760643,718173,-1879.7231510982333,-1662.936649637086,-2312.7225818345305,-2061.07262963722,-1446.7237203619359,-1264.800669636952,44.69355433454931,8520.5,51,51
110,S,718173,775610,-1041.389038687322,-818.1848296370122,-1446.7237203619359,-1264.800669636952,-636.0543570127081,-371.5689896370722,28.433252882810404,7458.0,51,51
110,S,775610,718045,-177.3728175637568,-118.59428963705867,-636.0543570127081,-371.5689896370722,281.30872188519453,134.38041036295488,21.32358924679099,8258.0,51,51
110,S,718045,760650,507.7908008735933,494.5006103629659,281.30872188519453,134.38041036295488,734.272879861992,854.620810362977,23.383828200176296,9400.5,51,51
110,S,760650,773012,1317.8146534116918,1396.2482703630967,734.272879861992,854.620810362977,1901.3564269613917,1937.8757303632167,25.444067153561605,10543.0,54,54
110,S,773012,767750,2550.7864111933573,2434.2516103628946,1901.3564269613917,1937.8757303632167,3200.216395425323,2930.627490362572,33.54788708001386,5774.0,54,54
110,S,767750,767759,4540.066300416922,4034.031330362959,3200.216395425323,2930.627490362572,5879.916205408521,5137.435170363346,49.461095831381755,5385.5,54,54
110,S,767759,767767,6585.59784606687,5486.312050363268,5879.916205408521,5137.435170363346,7291.27948672522,5835.188930363191,64.75606100791566,3955.5,30,30
118,E,760686,760693,-56073.906081657595,25180.322870363016,-56524.65705970912,25157.557930363146,-55623.15510360608,25203.087810362886,62.91230260672406,4621.5,55,55
118,E,760693,772132,-55158.47953519308,25173.58801036301,-55623.15510360608,25203.087810362886,-54693.80396678009,25144.08821036314,64.51413018299745,4317.0,55,55
118,E,772132,772125,-53892.863373518034,25059.26237036295,-54693.80396678009,25144.08821036314,-53091.92278025597,24974.43653036276,,,55,55
118,E,772125,772118,-52377.895606964,24799.051870363015,-53091.92278025597,24974.43653036276,-51663.868433672025,24623.667210363266,,,55,55
118,E,772118,760812,-51319.53452367925,24417.446910363065,-51663.868433672025,24623.667210363266,-50975.20061368648,24211.226610362864,66.38999039846374,4166.0,55,55
118,E,760812,760814,-50793.258780688266,24127.903590362832,-50975.20061368648,24211.226610362864,-50611.31694769006,24044.580570362803,65.91005815955498,4187.5,55,55
118,E,760814,764081,-50438.45837396724,24011.741170363057,-50611.31694769006,24044.580570362803,-50265.59980024441,23978.901770363314,61.4622631319601,4435.0,55,55
118,E,764081,760801,-49960.688157665165,23976.39707036331,-50265.59980024441,23978.901770363314,-49655.77651508591,23973.892370363305,59.68852328423684,6211.5,55,55
118,E,760801,760794,-49501.26889157445,23973.61407036322,-49655.77651508591,23973.892370363305,-49346.76126806299,23973.33577036313,60.827719915935496,6759.0,55,55
118,E,760794,764072,-49159.00983776134,23973.168790363154,-49346.76126806299,23973.33577036313,-48971.25840745969,23973.00181036318,61.47084598166796,6164.0,55,55
118,E,764072,760782,-48497.82233517754,23973.61407036322,-48971.25840745969,23973.00181036318,-48024.38626289538,23974.226330363254,61.38787100215579,6186.5,55,55
118,E,760782,760774,-47870.939121431235,23974.226330363254,-48024.38626289538,23974.226330363254,-47717.4919799671,23974.226330363254,59.48371759381686,5926.5,55,55
118,E,760774,764068,-47612.688688936825,23973.78105036319,-47717.4919799671,23974.226330363254,-47507.88539790655,23973.33577036313,59.67645588859976,6398.5,55,55
118,E,764068,760765,-46960.03115064725,23972.723510363096,-47507.88539790655,23973.33577036313,-46412.176903387954,23972.111250363057,61.145872411544474,6240.0,55,55
118,E,760765,760756,-46250.98363218633,23971.610310363136,-46412.176903387954,23972.111250363057,-46089.79036098471,23971.109370363214,63.1296780184155,5931.0,55,55
118,E,760756,759142,-45791.70268984058,23971.44333036316,-46089.79036098471,23971.109370363214,-45493.61501869645,23971.77729036311,62.714104452231844,6747.0,55,55
118,E,759142,764193,-45131.02237432294,23971.49899036302,-45493.61501869645,23971.77729036311,-44768.429729949436,23971.22069036293,61.002188324609676,7413.5,55,55
118,E,764193,760746,-44375.544185352774,23942.94541036313,-44768.429729949436,23971.22069036293,-43982.65864075612,23914.67013036333,57.34567802251277,6650.0,55,55
118,E,760746,760738,-43829.257607206964,23909.438090363095,-43982.65864075612,23914.67013036333,-43675.85657365782,23904.20605036286,55.02088128087655,5239.5,55,55
118,E,760738,764185,-43408.70731354863,23903.037190363044,-43675.85657365782,23904.20605036286,-43141.55805343943,23901.868330363224,59.16548263188182,3055.0,55,55
118,E,764185,764181,-42744.93776771899,23900.92211036324,-43141.55805343943,23901.868330363224,-42348.31748199855,23899.975890363257,62.44445955132562,1471.0,55,55
118,E,764181,760726,-41951.697196278765,23899.69759036317,-42348.31748199855,23899.975890363257,-41555.076910558986,23899.41929036308,62.44445955132562,1471.0,50,50
118,E,760726,760718,-41401.353121604276,23897.972130363174,-41555.076910558986,23899.41929036308,-41247.62933264956,23896.52497036327,62.44445955132562,1471.0,50,50
118,E,760718,764173,-40988.77949725834,23897.415530362996,-41247.62933264956,23896.52497036327,-40729.92966186713,23898.306090362727,55.93861449599024,4400.5,50,50
118,E,764173,717553,-40543.79200859461,23896.85893036282,-40729.92966186713,23898.306090362727,-40357.6543553221,23895.411770362916,48.763130282457595,7467.5,50,50
118,E,717553,717560,-40195.76946539371,23894.465550362933,-40357.6543553221,23895.411770362916,-40033.88457546532,23893.519330362946,48.59278396126484,7500.5,50,50
118,E,717560,764165,-39853.04933243008,23856.61675036278,-40033.88457546532,23893.519330362946,-39672.21408939483,23819.714170362615,57.80416231594576,7160.0,50,50
118,E,764165,717565,-39062.021940915125,23561.340450362786,-39672.21408939483,23819.714170362615,-38451.82979243542,23302.966730362958,67.80873828354078,7694.0,50,50
118,E,717565,772107,-38209.94766980269,23003.014990362906,-38451.82979243542,23302.966730362958,-37968.065547169965,22703.06325036285,69.10122873345937,8464.0,50,50
118,E,772107,717568,-37109.30562836802,22603.765810362813,-37968.065547169965,22703.06325036285,-36250.54570956608,22504.468370362774,65.02925409205757,9103.0,50,50
118,E,717568,772487,-35953.6568442149,22780.152350362798,-36250.54570956608,22504.468370362774,-35656.76797886371,23055.83633036282,65.02925409205757,9103.0,50,50
118,E,772487,765920,-35141.05094843163,23196.099530363048,-35656.76797886371,23055.83633036282,-34625.333917999546,23336.362730363275,,,50,50
118,E,765920,717525,-33960.36556637763,23353.450350363244,-34625.333917999546,23336.362730363275,-33295.397214755714,23370.53797036321,66.98506516379007,8517.0,50,50
118,E,717525,765978,-33112.717655115746,23287.660230363243,-33295.397214755714,23370.53797036321,-32930.03809547578,23204.782490363275,66.98506516379007,8517.0,50,50
118,E,765978,717530,-32466.42300911076,23099.47377036299,-32930.03809547578,23204.782490363275,-32002.807922745746,22994.165050362706,66.563005143277,8166.0,50,50
118,E,717530,765941,-31681.896833625367,22991.43771036287,-32002.807922745746,22994.165050362706,-31360.985744504993,22988.71037036303,66.563005143277,8166.0,50,50
118,E,765941,771706,-30799.483554374798,22989.266970362813,-31360.985744504993,22988.71037036303,-30237.9813642446,22989.823570362594,,,26,26
118,E,771706,765995,-29997.943558216593,22972.235010362703,-30237.9813642446,22989.823570362594,-29757.905752188588,22954.646450362816,,,26,26
118,E,765995,717533,-29375.21005682962,22911.45429036271,-29757.905752188588,22954.646450362816,-28992.51436147065,22868.262130362607,49.411119548709046,9218.0,26,26
118,E,717533,765958,-28588.70124099454,22966.891650362748,-28992.51436147065,22868.262130362607,-28184.888120518426,23065.521170362892,49.411119548709046,9218.0,26,26
118,E,765958,717536,-27683.049572532174,23126.07925036305,-28184.888120518426,23065.521170362892,-27181.211024545923,23186.63733036321,53.13663729082088,10099.0,26,26
118,E,717536,766012,-26755.63496814089,23353.1163903629,-27181.211024545923,23186.63733036321,-26330.058911735854,23519.595450362587,53.13663729082088,10099.0,26,26
118,E,766012,766029,-25928.18232369444,23503.954990362923,-26330.058911735854,23519.595450362587,-25526.305735653026,23488.31453036326,,,26,26
118,E,766029,766046,-25123.875852629804,23487.757930363085,-25526.305735653026,23488.31453036326,-24721.445969606582,23487.201330362906,,,26,26
118,E,766046,717539,-24455.63383903529,23493.936190362907,-24721.445969606582,23487.201330362906,-24189.821708464002,23500.671050362907,63.44211829698067,10499.0,26,26
118,E,717539,717541,-23982.474414243716,23481.301370362773,-24189.821708464002,23500.671050362907,-23775.12712002343,23461.931690362635,62.16037418290446,11279.0,26,26
118,E,717541,717543,-23435.86508069234,23215.41355036293,-23775.12712002343,23461.931690362635,-23096.60304136125,22968.895410363228,58.037563565190496,12495.5,26,26
118,E,717543,717547,-22850.663422199174,22727.331010363276,-23096.60304136125,22968.895410363228,-22604.723803037097,22485.766610363324,54.18886117899771,13044.0,26,26
118,E,717547,766062,-22195.977135644927,22327.747870363237,-22604.723803037097,22485.766610363324,-21787.230468252754,22169.729130363146,53.18122529644269,13156.0,26,26
118,E,766062,766138,-21387.84370762654,22164.107470363102,-21787.230468252754,22169.729130363146,-20988.456947000323,22158.485810363058,,,26,26
118,E,766138,766170,-20746.02152938644,22156.14809036303,-20988.456947000323,22158.485810363058,-20503.58611177255,22153.810370363,,,26,26
118,E,766170,771690,-20098.89694090972,22149.301910362912,-20503.58611177255,22153.810370363,-19694.20777004689,22144.793450362828,,,12,12
118,E,771690,766185,-19050.034088136556,22220.991990363047,-19694.20777004689,22144.793450362828,-18405.860406226217,22297.190530363267,,,12,12
118,E,766185,766112,-18249.416250280054,22332.20067036307,-18405.860406226217,22297.190530363267,-18092.972094333894,22367.21081036287,,,12,12
118,E,766112,766153,-17755.416047861258,22579.44239036292,-18092.972094333894,22367.21081036287,-17417.86000138862,22791.673970362976,,,12,12
118,W,717554,717566,-56376.927299717136,25183.105870363106,-57083.02391161103,25136.51845036327,-55670.83068782325,25229.693290362946,63.22931033811817,4782.5,55,55
118,W,717566,772133,-55179.228096989675,25202.753850362937,-55670.83068782325,25229.693290362946,-54687.6255061561,25175.814410362927,62.788989664627714,4741.0,55,55
118,W,772133,772126,-53887.46874745079,25092.324410362926,-54687.6255061561,25175.814410362927,-53087.311988745474,25008.83441036292,,,55,55
118,W,772126,772119,-52372.27044132116,24837.679910362778,-53087.311988745474,25008.83441036292,-51657.22889389685,24666.525410362632,,,55,55
118,W,772119,760869,-51362.92207179149,24485.853050362788,-51657.22889389685,24666.525410362632,-51068.615249686125,24305.180690362944,57.31869642568333,6183.0,55,55
118,W,760869,764085,-50667.33806454086,24158.683570363035,-51068.615249686125,24305.180690362944,-50266.06087939559,24012.186450363122,59.55054326247425,6970.0,55,55
118,W,764085,760971,-50089.55978037961,24009.570430363005,-50266.06087939559,24012.186450363122,-49913.05868136363,24006.954410362883,61.83251816223243,7759.5,55,55
118,W,760971,760959,-49695.383214160036,24006.676110362794,-49913.05868136363,24006.954410362883,-49477.70774695644,24006.39781036271,61.88264622519969,7762.0,55,55
118,W,760959,764076,-49224.66750886867,24006.56479036268,-49477.70774695644,24006.39781036271,-48971.6272707809,24006.731770362654,63.829879702857724,8069.0,55,55
118,W,764076,760951,-48588.00941712022,24006.230830362732,-48971.6272707809,24006.731770362654,-48204.39156345955,24005.72989036281,63.829879702857724,8069.0,55,55
118,W,760951,760941,-48057.99893300612,24006.230830362732,-48204.39156345955,24005.72989036281,-47911.60630255269,24006.731770362654,60.605933545749906,7609.5,55,55
118,W,760941,764064,-47709.97638980521,24006.56479036268,-47911.60630255269,24006.731770362654,-47508.346477057734,24006.39781036271,61.302242581155824,7890.5,55,55
118,W,764064,760932,-47048.88110305138,24005.451590362725,-47508.346477057734,24006.39781036271,-46589.41572904503,24004.505370362738,61.427536348447916,7554.5,55,55
118,W,760932,760921,-46436.199127156484,24005.00631036266,-46589.41572904503,24004.505370362738,-46282.98252526794,24005.50725036258,60.9643229641183,7048.5,55,55
118,W,760921,759165,-45888.02212449162,24005.841210362923,-46282.98252526794,24005.50725036258,-45493.0617237153,24006.17517036327,60.727064893218014,7454.0,55,55
118,W,759165,764197,-45130.33075559617,24004.950650363196,-45493.0617237153,24006.17517036327,-44767.59978747705,24003.726130363124,60.65963986649385,7390.5,55,55
118,W,764197,760911,-44478.18040437276,23990.70169036318,-44767.59978747705,24003.726130363124,-44188.76102126848,23977.677250363242,63.4480199049202,7242.0,55,55
118,W,760911,760900,-44036.65100934224,23958.864170363282,-44188.76102126848,23977.677250363242,-43884.54099741601,23940.051090363322,64.18733093268278,7039.0,55,55
118,W,760900,764189,-43512.03515129538,23937.546390363317,-43884.54099741601,23940.051090363322,-43139.52930517476,23935.041690363312,61.26092447755896,5966.5,55,55
118,W,764189,764177,-42742.67847987938,23934.039810363072,-43139.52930517476,23935.041690363312,-42345.82765458401,23933.037930362836,60.63684948850721,3312.5,55,55
118,W,764177,760892,-42046.126206411405,23932.036050362993,-42345.82765458401,23933.037930362836,-41746.4247582388,23931.03417036315,62.44445955132562,1471.0,50,50
118,W,760892,717558,-41592.56264553846,23930.533230363228,-41746.4247582388,23931.03417036315,-41438.70053283813,23930.032290363306,62.44445955132562,1471.0,50,50
118,W,717558,764169,-41082.51688866355,23930.7002103632,-41438.70053283813,23930.032290363306,-40726.33324448897,23931.368130363095,62.44445955132562,1471.0,50,50
118,W,764169,717549,-40677.73550197009,23930.25493036314,-40726.33324448897,23931.368130363095,-40629.13775945121,23929.14173036318,62.44445955132562,1471.0,50,50
118,W,717549,717557,-40515.75839621172,23928.974750363206,-40629.13775945121,23929.14173036318,-40402.37903297224,23928.807770363233,62.44445955132562,1471.0,50,50
118,W,717557,764161,-40034.66841002207,23891.738210363095,-40402.37903297224,23928.807770363233,-39666.95778707189,23854.668650362953,61.02723308035548,4518.0,50,50
118,W,764161,717562,-39345.21675548043,23758.20987036287,-39666.95778707189,23854.668650362953,-39023.47572388898,23661.751090362784,61.68758516191221,7508.5,50,50
118,W,717562,772092,-37673.66650923528,23063.62873036292,-39023.47572388898,23661.751090362784,-36323.857294581576,22465.506370363062,63.765163714439076,7452.0,50,50
118,W,772092,760706,-36291.489538178765,22496.23069036301,-36323.857294581576,22465.506370363062,-36259.12178177596,22526.95501036295,65.35566863060167,5601.0,50,50
118,W,760706,772488,-35958.91314653718,22805.255010363093,-36259.12178177596,22526.95501036295,-35658.704511298405,23083.555010363238,65.35566863060167,5601.0,50,50
118,W,772488,765922,-35142.48029380015,23222.259730363046,-35658.704511298405,23083.555010363238,-34626.25607630191,23360.96445036286,,,50,50
118,W,765922,760828,-34143.13734184757,23436.049790362726,-34626.25607630191,23360.96445036286,-33660.018607393235,23511.135130362592,70.9566079295154,4540.0,50,50
118,W,760828,765976,-33295.30499892509,23371.261550362964,-33660.018607393235,23511.135130362592,-32930.59139045693,23231.387970363336,70.9566079295154,4540.0,50,50
118,W,765976,717528,-32466.837980346303,23123.852850363135,-32930.59139045693,23231.387970363336,-32003.08457023567,23016.317730362935,66.95112259970459,6770.0,50,50
118,W,717528,765943,-31681.85072570973,23014.981890363146,-32003.08457023567,23016.317730362935,-31360.61688118379,23013.646050363353,66.95112259970459,6770.0,50,50
118,W,765943,771721,-30830.652504984668,23017.48659036315,-31360.61688118379,23013.646050363353,-30300.68812878555,23021.327130362944,,,26,26
118,W,771721,765993,-30028.46699801468,23000.06501036284,-30300.68812878555,23021.327130362944,-29756.245867243808,22978.802890362735,,,26,26
118,W,765993,717532,-29500.946341316427,22949.191770362748,-29756.245867243808,22978.802890362735,-29245.646815389046,22919.58065036276,34.55036372224848,10585.0,26,26
118,W,717532,765960,-28713.42315134967,23005.631010363024,-29245.646815389046,22919.58065036276,-28181.199487310292,23091.681370363283,34.55036372224848,10585.0,26,26
118,W,765960,717535,-27819.713432899094,23120.346270363287,-28181.199487310292,23091.681370363283,-27458.227378487896,23149.01117036329,59.48662186285833,9523.0,26,26
118,W,717535,766010,-26890.777267309302,23347.27209036302,-27458.227378487896,23149.01117036329,-26323.32715613071,23545.533010362753,59.48662186285833,9523.0,26,26
118,W,766010,766027,-25920.80505727751,23530.838770362676,-26323.32715613071,23545.533010362753,-25518.282958424315,23516.1445303626,,,26,26
118,W,766027,766044,-25115.253672505605,23515.921890362766,-25518.282958424315,23516.1445303626,-24712.224386586895,23515.699250362934,,,26,26
118,W,766044,717537,-24486.341710494642,23521.87751036276,-24712.224386586895,23515.699250362934,-24260.459034402385,23528.055770362585,59.05648888498375,11381.0,26,26
118,W,717537,717544,-23670.554368568744,23261.054750362786,-24260.459034402385,23528.055770362585,-23080.649702735107,22994.053730362986,56.49697237328283,11354.5,26,26
118,W,717544,717546,-22833.695709441352,22751.04217036313,-23080.649702735107,22994.053730362986,-22586.741716147593,22508.030610363272,55.73683321051398,12018.5,26,26
118,W,717546,766060,-22182.88248775584,22350.512810363107,-22586.741716147593,22508.030610363272,-21779.023259364087,22192.995010362938,57.53621055944605,12709.0,26,26
118,W,766060,766096,-21131.114836330627,22187.317690363037,-21779.023259364087,22192.995010362938,-20483.20641329717,22181.640370363133,,,26,26
118,W,766096,766124,-20234.684750889264,22179.859250362882,-20483.20641329717,22181.640370363133,-19986.16308848136,22178.078130362635,,,12,12
118,W,766124,771691,-19821.83447905276,22178.857370362646,-19986.16308848136,22178.078130362635,-19657.505869624158,22179.636610362653,,,12,12
118,W,771691,766184,-19035.187339472723,22256.224770362678,-19657.505869624158,22179.636610362653,-18412.868809321284,22332.812930362707,,,12,12
118,W,766184,766110,-18255.45638715843,22361.533490362963,-18412.868809321284,22332.812930362707,-18098.043964995573,22390.254050363223,,,12,12
118,W,766110,766167,-17766.896918722516,22599.980930363272,-18098.043964995573,22390.254050363223,-17435.74987244946,22809.70781036332,,,12,12
126,E,775961,775975,-34636.26149387899,41119.73273036316,-34643.039357399124,41115.16861036322,-34629.48363035887,41124.296850363105,,,50,50
134,E,761016,717570,-11245.716161894648,9605.875630363313,-11532.645717583737,9608.380330363316,-10958.78660620556,9603.370930363308,66.70242133861764,9126.0,32,32
134,E,717570,773880,-10127.553112720347,9645.282910363085,-10958.78660620556,9603.370930363308,-9296.319619235132,9687.194890362862,66.26499089621687,9886.0,32,32
134,E,773880,760987,-9208.852904283889,9671.554430362801,-9296.319619235132,9687.194890362862,-9121.386189332645,9655.91397036274,65.05158872585241,9473.0,32,32
134,E,760987,773890,-8977.160630888848,9623.74249036289,-9121.386189332645,9655.91397036274,-8832.935072445052,9591.57101036304,65.05158872585241,9473.0,32,32
134,E,773890,717573,-8241.831600819129,9650.904570363127,-8832.935072445052,9591.57101036304,-7650.728129193207,9710.238130363216,65.53137626967295,8959.0,32,32
134,E,717573,773869,-7368.409365014618,9762.725510363187,-7650.728129193207,9710.238130363216,-7086.090600836029,9815.212890363156,65.53137626967295,8959.0,25,25
134,E,773869,761003,-6709.5272581860645,9823.840190363127,-7086.090600836029,9815.212890363156,-6332.963915536099,9832.467490363097,63.07926715660904,9661.0,25,25
134,E,761003,718204,-5698.196248306708,9850.167370363099,-6332.963915536099,9832.467490363097,-5063.428581077317,9867.867250363102,61.335249548305626,9364.0,25,25
134,E,718204,773904,-4976.192405701664,9856.067330362837,-5063.428581077317,9867.867250363102,-4888.95623032601,9844.267410362572,59.5912319400022,9067.0,25,25
134,E,773904,773953,-4727.163556227593,9836.14105036292,-4888.95623032601,9844.267410362572,-4565.370882129176,9828.014690363267,,,25,25
134,E,773953,773916,-4201.6255398783715,9667.769550363262,-4565.370882129176,9828.014690363267,-3837.8801976275677,9507.524410363258,,,25,25
134,E,773916,773927,-3680.2833438041107,9546.09679036316,-3837.8801976275677,9507.524410363258,-3522.6864899806537,9584.669170363066,,,25,25
134,E,773927,717578,-3208.6454802103817,9670.552550362958,-3522.6864899806537,9584.669170363066,-2894.60447044011,9756.435930362852,54.124161971158436,10471.0,25,25
134,E,717578,717580,-2600.297648334748,9836.530670362725,-2894.60447044011,9756.435930362852,-2305.9908262293857,9916.6254103626,57.41305451045159,9447.0,25,25
134,E,717580,717583,-1570.477364499064,9938.388470362626,-2305.9908262293857,9916.6254103626,-834.9639027687422,9960.151530362653,62.60958542866365,9117.5,42,42
134,E,717583,717585,-492.4282014650542,9936.273390362825,-834.9639027687422,9960.151530362653,-149.8925001613662,9912.395250362997,65.46484897148267,9980.5,42,42
134,E,717585,717587,-42.13830256471306,9859.57391036308,-149.8925001613662,9912.395250362997,65.61589503194008,9806.752570363162,67.42456589516712,10068.0,42,42
134,E,717587,774054,336.8687595854626,9572.423970363134,65.61589503194008,9806.752570363162,608.1216241389851,9338.095370363106,68.43665765495143,9987.0,42,42
134,E,774054,717592,947.8447426212556,9126.698690362922,608.1216241389851,9338.095370363106,1287.5678611035262,8915.302010362739,68.07459243843219,5766.0,42,42
134,E,717592,773974,1526.591292999853,8837.489330363034,1287.5678611035262,8915.302010362739,1765.6147248961802,8759.676650363332,68.07459243843219,5766.0,23,23
134,E,773974,773995,2054.434705104324,8726.11367036304,1765.6147248961802,8759.676650363332,2343.2546853124677,8692.550690362748,,,23,23
134,E,773995,774011,3177.715732854638,8859.69767036273,2343.2546853124677,8692.550690362748,4012.1767803968087,9026.84465036271,,,23,23
134,E,774011,717595,4616.513223658087,8712.087350362859,4012.1767803968087,9026.84465036271,5220.849666919364,8397.330050363009,62.701500306184926,9798.0,23,23
134,E,717595,774031,5306.425957351552,8360.817090363047,5220.849666919364,8397.330050363009,5392.00224778374,8324.304130363085,62.701500306184926,9798.0,30,30
134,E,774031,717601,6074.122743824082,8491.840730362872,5392.00224778374,8324.304130363085,6756.243239864424,8659.377330362659,64.84291698820418,9071.0,30,30
134,E,717601,717606,7217.87568588041,8865.041030362685,6756.243239864424,8659.377330362659,7679.508131896395,9070.70473036271,65.59611780258278,8975.0,30,30
134,W,773939,717571,-11411.935195842307,9613.445390363184,-11865.821512120156,9602.146410363235,-10958.048879564458,9624.74437036313,30.638920235957936,7798.0,32,32
134,W,717571,718496,-10212.299460680802,9677.064770363128,-10958.048879564458,9624.74437036313,-9466.550041797145,9729.385170363124,43.30685418577558,7911.0,32,32
134,W,718496,774204,-9450.550595256016,9727.492730363156,-9466.550041797145,9729.385170363124,-9434.551148714885,9725.600290363189,55.97478813559322,8024.0,32,32
134,W,774204,717572,-8682.438837547292,9695.766530362973,-9434.551148714885,9725.600290363189,-7930.3265263796975,9665.932770362757,66.73521430109842,9286.0,32,32
134,W,717572,773870,-7507.148081560541,9751.259550362869,-7930.3265263796975,9665.932770362757,-7083.9696367413835,9836.586330362981,66.73521430109842,9286.0,25,25
134,W,773870,718499,-6807.691009441169,9817.550610362792,-7083.9696367413835,9836.586330362981,-6531.412382140953,9798.514890362603,61.84125385405961,9730.0,25,25
134,W,718499,717576,-5797.236049948531,9844.378730362685,-6531.412382140953,9798.514890362603,-5063.059717756109,9890.242570362769,61.66177919040429,10697.0,25,25
134,W,717576,773906,-4976.00797404106,9878.832270362705,-5063.059717756109,9890.242570362769,-4888.95623032601,9867.421970362644,61.48230452674897,11664.0,25,25
134,W,773906,773954,-4726.10307418027,9867.032350362837,-4888.95623032601,9867.421970362644,-4563.249918034529,9866.64273036303,,,25,25
134,W,773954,774067,-4272.493405392343,9761.946270363176,-4563.249918034529,9866.64273036303,-3981.736892750157,9657.249810363324,,,25,25
134,W,774067,716551,-3516.738568931599,9695.54389036314,-3981.736892750157,9657.249810363324,-3051.740245113041,9733.837970362956,68.32662721893492,7436.0,25,25
134,W,716551,716554,-2645.345081391104,9843.09855036315,-3051.740245113041,9733.837970362956,-2238.9499176691675,9952.359130363344,57.47819238235217,8770.5,25,25
134,W,716554,717582,-2092.0501001495704,9966.830730363192,-2238.9499176691675,9952.359130363344,-1945.1502826299732,9981.30233036304,45.27986864770062,10484.5,25,25
134,W,717582,717099,-1162.9756108148167,9980.690070363004,-1945.1502826299732,9981.30233036304,-380.8009389996605,9980.077810362967,46.71789107102532,11869.0,42,42
134,W,717099,774053,123.4813284868024,9667.992190363095,-380.8009389996605,9980.077810362967,627.7635959732653,9355.906570363222,49.50580239241882,12874.0,42,42
134,W,774053,717590,847.1911639502991,9204.678350362996,627.7635959732653,9355.906570363222,1066.6187319273329,9053.45013036277,42.79475002982938,8381.0,42,42
134,W,717590,773975,1418.1915845914154,8917.472750362795,1066.6187319273329,9053.45013036277,1769.764437255498,8781.495370362822,42.79475002982938,8381.0,23,23
134,W,773975,773996,2058.676633293616,8747.876730363067,1769.764437255498,8781.495370362822,2347.588829331734,8714.25809036331,,,23,23
134,W,773996,774012,3182.095984789547,8882.96355036331,2347.588829331734,8714.25809036331,4016.60314024736,9051.669010363312,,,23,23
134,W,774012,717597,4602.542525382283,8749.268230363112,4016.60314024736,9051.669010363312,5188.481910517207,8446.867450362914,52.73400786958966,10674.0,23,23
134,W,717597,774032,5286.922309262888,8400.613990363025,5188.481910517207,8446.867450362914,5385.362708008569,8354.360530363134,52.73400786958966,10674.0,30,30
134,W,774032,717599,5868.250902887312,8412.97051036307,5385.362708008569,8354.360530363134,6351.139097766056,8471.580490363007,56.50674915635545,9779.0,30,30
134,W,717599,717603,6802.25893913813,8673.236670362867,6351.139097766056,8471.580490363007,7253.378780510203,8874.892850362727,57.85360119166576,10405.5,30,30
170,N,765604,764106,-13270.499145747352,11212.44587036284,-12984.67618002123,10744.957530362604,-13556.322111473475,11679.934210363079,63.17510797121568,8669.0,32,32
170,N,764106,764424,-13863.861905213536,12074.452290362855,-13556.322111473475,11679.934210363079,-14171.4016989536,12468.970370362631,65.37274122761417,8344.0,32,32
170,N,764424,764115,-14438.643174893421,12831.094330362725,-14171.4016989536,12468.970370362631,-14705.884650833243,13193.218290362818,66.93528371447265,6936.5,32,32
170,N,764115,764120,-14827.840086281944,14013.090090362824,-14705.884650833243,13193.218290362818,-14949.795521730644,14832.961890362832,67.06058067618659,6038.5,32,32
170,N,764120,763995,-15244.97839422338,15945.271330362883,-14949.795521730644,14832.961890362832,-15540.161266716117,17057.580770362933,66.88605388636812,5052.5,49,49
170,N,763995,764430,-15540.345698376066,17645.684330362776,-15540.161266716117,17057.580770362933,-15540.530130036015,18233.78789036262,60.39457670017285,3712.0,49,49
170,S,764101,717608,-13292.72316082746,11204.93177036283,-13005.055878496612,10739.168890362982,-13580.390443158307,11670.694650362677,20.810147753665767,6790.0,32,32
170,S,717608,717610,-13886.270351954248,12065.880650362746,-13580.390443158307,11670.694650362677,-14192.150260750188,12461.066650362813,22.848758437568204,7559.5,32,32
170,S,717610,717612,-14460.49832665232,12823.691550362828,-14192.150260750188,12461.066650362813,-14728.846392554453,13186.316450362843,30.043656116607927,8513.0,32,32
170,S,717612,761070,-14767.162070005663,13292.627050362971,-14728.846392554453,13186.316450362843,-14805.477747456873,13398.9376503631,40.703208025613165,8180.0,32,32
170,S,761070,716571,-14888.241455067644,14113.111110363014,-14805.477747456873,13398.9376503631,-14971.005162678415,14827.28457036293,53.36828238772805,7968.0,32,32
170,S,716571,717613,-15265.127553123175,15940.261930362874,-14971.005162678415,14827.28457036293,-15559.249943567935,17053.23929036282,59.680865658614735,7879.0,49,49
170,S,717613,716573,-15593.554232404787,17206.415610362874,-15559.249943567935,17053.23929036282,-15627.85852124164,17359.591930362927,61.824123548478255,7802.0,49,49
170,S,716573,717614,-15607.61714651122,17797.74745036287,-15627.85852124164,17359.591930362927,-15587.375771780798,18235.902970362815,61.76344886716926,7724.0,49,49
210,E,770599,768297,-22149.03927806951,28222.197530363002,-22597.623184110744,27918.516570363267,-21700.45537202828,28525.87849036274,64.19015958701732,5423.5,29,29
210,E,768297,768283,-20823.390610929964,28543.745350362715,-21700.45537202828,28525.87849036274,-19946.325849831646,28561.61221036269,67.21742762465983,4918.0,29,29
210,E,768283,770587,-19453.57056112143,28466.210970362703,-19946.325849831646,28561.61221036269,-18960.815272411215,28370.809730362715,64.4558732674569,4528.0,29,29
210,E,770587,770012,-18580.932159873664,28011.52443036297,-18960.815272411215,28370.809730362715,-18201.049047336113,27652.239130363225,61.61008363201911,4185.0,36,36
210,E,770012,770024,-17734.85191772527,27205.678950363144,-18201.049047336113,27652.239130363225,-17268.65478811443,26759.118770363064,,,36,36
210,E,770024,770036,-16779.49591678172,26221.888450362916,-17268.65478811443,26759.118770363064,-16290.337045449014,25684.658130362768,,,36,36
210,E,770036,770354,-16072.477146584817,25435.523970362945,-16290.337045449014,25684.658130362768,-15854.617247720618,25186.38981036312,,,36,36
210,E,770354,770048,-15486.998840601074,24769.44075036303,-15854.617247720618,25186.38981036312,-15119.38043348153,24352.491690362935,,,36,36
210,E,770048,770331,-14960.308126374557,24170.53915036276,-15119.38043348153,24352.491690362935,-14801.235819267584,23988.586610362592,,,35,35
210,E,770331,770544,-14347.533934649682,23716.79883036262,-14801.235819267584,23988.586610362592,-13893.83205003178,23445.011050362642,62.417210884353736,1470.0,35,35
210,E,770544,770061,-13262.522476434937,23275.582010362887,-13893.83205003178,23445.011050362642,-12631.212902838091,23106.15297036313,62.417210884353736,1470.0,35,35
210,E,770061,770556,-12149.24686626171,23062.79383036305,-12631.212902838091,23106.15297036313,-11667.280829685327,23019.434690362974,62.417210884353736,1470.0,35,35
210,E,770556,770076,-10947.259627429969,22929.655110363034,-11667.280829685327,23019.434690362974,-10227.238425174608,22839.87553036309,62.417210884353736,1470.0,35,35
210,E,770076,770089,-9260.724308775363,22218.26465036321,-10227.238425174608,22839.87553036309,-8294.210192376118,21596.65377036333,,,35,35
210,E,770089,770103,-8144.590007865733,21407.632410363207,-8294.210192376118,21596.65377036333,-7994.969823355348,21218.611050363088,,,35,35
210,E,770103,770116,-6115.057908756915,19933.588630362872,-7994.969823355348,21218.611050363088,-4235.145994158481,18648.566210362656,,,34,34
210,E,770116,769895,-3225.7976246288094,18455.537330362764,-4235.145994158481,18648.566210362656,-2216.449255099138,18262.508450362875,,,34,34
210,E,769895,769880,-1322.739536648562,17738.024270362977,-2216.449255099138,18262.508450362875,-429.0298181979861,17213.54009036308,61.78239009926518,7757.0,34,34
210,E,769880,769866,-153.304485879581,17045.001610363055,-429.0298181979861,17213.54009036308,122.42084643882414,16876.463130363027,61.78239009926518,7757.0,34,34
210,E,769866,769847,651.4169564212472,16505.210930363042,122.42084643882414,16876.463130363027,1180.4130664036702,16133.958730363056,61.78239009926518,7757.0,34,34
210,E,769847,770385,1851.052691583407,15866.623750362913,1180.4130664036702,16133.958730363056,2521.692316763144,15599.288770362771,61.78239009926518,7757.0,37,37
210,E,770385,769831,3083.6094781288784,15589.269970362755,2521.692316763144,15599.288770362771,3645.5266394946134,15579.251170362739,,,37,37
210,E,769831,769819,3797.6366514208516,15531.773190362775,3645.5266394946134,15579.251170362739,3949.74666334709,15484.295210362814,,,37,37
210,E,769819,769984,4245.160075414762,15322.714230363019,3949.74666334709,15484.295210362814,4540.573487482435,15161.133250363224,61.78239009926518,7757.0,37,37
210,E,769984,769806,4853.415691459767,14824.111950363029,4540.573487482435,15161.133250363224,5166.257895437099,14487.090650362836,61.78239009926518,7757.0,37,37
210,E,769806,769788,5364.014743315836,14057.673750362977,5166.257895437099,14487.090650362836,5561.771591194573,13628.256850363117,61.78239009926518,7757.0,37,37
210,E,769788,717617,6177.22004199525,13110.730170363055,5561.771591194573,13628.256850363117,6792.668492795925,12593.20349036299,63.10272664303919,7518.5,30,30
210,E,717617,717620,7115.331682689743,12305.719590363096,6792.668492795925,12593.20349036299,7437.994872583559,12018.235690363204,64.55020614225538,7657.5,30,30
210,E,717620,770568,7537.126890056012,11526.535250363191,7437.994872583559,12018.235690363204,7636.258907528464,11034.834810363178,65.23128099816287,6824.0,30,30
210,E,770568,717625,7613.619921212818,10735.606650362879,7636.258907528464,11034.834810363178,7590.980934897172,10436.37849036258,56.59170268149332,6734.5,30,30
210,E,717625,770578,7611.867820439378,10210.565870362803,7590.980934897172,10436.37849036258,7632.754705981585,9984.753250363026,46.609096232179226,7530.5,30,30
210,E,770578,770169,7642.252936492506,9947.071430362852,7632.754705981585,9984.753250363026,7651.751167003426,9909.389610362678,45.82000000000001,7205.0,30,30
210,E,770169,717628,7741.431061879946,9709.236250362977,7651.751167003426,9909.389610362678,7831.110956756465,9509.082890363277,48.03123980424144,2452.0,30,30
210,E,717628,717631,8005.168336272232,9440.843730363133,7831.110956756465,9509.082890363277,8179.225715788,9372.604570362986,56.84376743044204,5110.0,30,30
210,E,717631,717633,8633.20424789648,9411.622230362953,8179.225715788,9372.604570362986,9087.182780004958,9450.63989036292,63.72897201127269,11040.0,30,30
210,E,717633,717635,9690.41263330327,9448.803110362811,9087.182780004958,9450.63989036292,10293.64248660158,9446.966330362702,63.06183183589255,13956.0,30,30
210,E,717635,717638,10831.168560877575,9476.410470362714,10293.64248660158,9446.966330362702,11368.69463515357,9505.854610362727,65.69817516790181,12896.0,30,30
210,E,717638,717640,11762.594553882565,9512.199850362922,11368.69463515357,9505.854610362727,12156.494472611561,9518.545090363117,66.81282747079237,12633.5,30,30
210,E,717640,717646,12995.566311664232,9468.729390363125,12156.494472611561,9518.545090363117,13834.6381507169,9418.913690363132,67.1534754853599,12450.5,30,30
210,E,717646,717650,14388.117563619038,9208.240590363099,13834.6381507169,9418.913690363132,14941.596976521174,8997.567490363066,66.58941502321201,11866.0,30,30
210,E,717650,717654,15418.998329502701,9047.717150363005,14941.596976521174,8997.567490363066,15896.399682484227,9097.866810362946,62.91480308653412,11142.0,30,30
210,E,717654,717659,16109.787113582886,9099.6479303628,15896.399682484227,9097.866810362946,16323.174544681546,9101.429050362654,60.338861884052605,10645.0,30,30
210,E,717659,773154,16628.54726641132,9103.154510362649,16323.174544681546,9101.429050362654,16933.919988141093,9104.879970362641,60.27131598240469,10912.0,33,33
210,E,773154,717667,17366.366123896893,9107.71863036299,16933.919988141093,9104.879970362641,17798.81225965269,9110.557290363337,52.48040401968827,9752.0,33,33
210,E,717667,717672,18670.574610513737,9005.693850363114,17798.81225965269,9110.557290363337,19542.336961374782,8900.83041036289,58.02349825597417,10044.0,33,33
210,E,717672,773193,19850.291726350384,8723.052370362859,19542.336961374782,8900.83041036289,20158.246491325983,8545.274330362827,63.566592492260064,10336.0,33,33
210,E,773193,761128,20399.11423982703,8384.862210362848,20158.246491325983,8545.274330362827,20639.981988328083,8224.45009036287,66.15937311633513,9954.0,33,33
210,E,761128,761141,20763.873956210828,8085.411410363111,20639.981988328083,8224.45009036287,20887.76592409357,7946.372730363352,65.6046795376677,10318.5,33,33
210,E,761141,761152,21709.823942472776,7787.073810363332,20887.76592409357,7946.372730363352,22531.88196085198,7627.774890363312,64.58130791125814,10250.5,33,33
210,E,761152,761165,23312.44285563866,7622.375870363101,22531.88196085198,7627.774890363312,24093.003750425338,7616.97685036289,64.18822800948908,8717.0,33,33
210,E,761165,761177,24285.273756406856,7617.978730362734,24093.003750425338,7616.97685036289,24477.543762388374,7618.980610362577,64.38347897379906,8869.0,33,33
210,E,761177,769701,24829.854341694212,7629.5003503629105,24477.543762388374,7618.980610362577,25182.164921000054,7640.020090363243,64.94902882044596,9140.5,33,33
210,E,769701,761191,25600.40981890315,7587.922330363081,25182.164921000054,7640.020090363243,26018.654716806243,7535.824570362917,66.18134577461953,8219.5,33,33
210,E,761191,769772,26226.324766432095,7474.988190363065,26018.654716806243,7535.824570362917,26433.994816057944,7414.1518103632125,66.27522203375929,8071.5,40,40
210,E,769772,772857,26805.67071970683,7261.643410363054,26433.994816057944,7414.1518103632125,27177.346623355723,7109.135010362895,65.58267836703548,7863.0,40,40
210,E,772857,772872,27481.38221554825,7000.653670363106,27177.346623355723,7109.135010362895,27785.417807740778,6892.172330363317,,,40,40
210,E,772872,761206,28184.066841725235,6980.616070363074,27785.417807740778,6892.172330363317,28582.71587570969,7069.05981036283,65.84112255406798,9710.0,40,40
210,E,761206,772887,28951.533088622175,6993.250890362813,28582.71587570969,7069.05981036283,29320.350301534658,6917.4419703627955,65.84112255406798,9710.0,40,40
210,E,772887,761220,29690.73518356063,6706.379250362956,29320.350301534658,6917.4419703627955,30061.120065586605,6495.316530363115,65.81580652368186,8952.0,40,40
210,E,761220,765477,30440.127127737436,6240.839010362941,30061.120065586605,6495.316530363115,30819.134189888267,5986.361490362767,64.63742359782678,9000.0,40,40
210,E,765477,717684,30875.063090908432,5990.981270362968,30819.134189888267,5986.361490362767,30930.991991928597,5995.601050363169,64.54029663833519,8929.5,40,40
210,E,717684,772903,31082.594816788667,6012.354710363186,30930.991991928597,5995.601050363169,31234.197641648738,6029.108370363205,65.62155260469868,8811.0,40,40
210,E,772903,765486,31767.205140244863,6019.757490363085,31234.197641648738,6029.108370363205,32300.21263884099,6010.406610362964,66.11247236765561,8595.0,40,40
210,E,765486,718469,32409.396181806173,6009.126430363032,32300.21263884099,6010.406610362964,32518.579724771356,6007.846250363101,64.07915408105167,7683.5,24,24
210,E,718469,772917,32839.721353466666,6013.467910363144,32518.579724771356,6007.846250363101,33160.86298216198,6019.089570363189,62.04583579444772,6772.0,24,24
210,E,772917,717692,33633.745759463636,5996.602930363011,33160.86298216198,6019.089570363189,34106.628536765296,5974.116290362835,62.82115297321834,6609.0,24,24
210,E,717692,772932,34554.5669319954,5783.536450363089,34106.628536765296,5974.116290362835,35002.5053272255,5592.956610363343,62.82115297321834,6609.0,24,24
210,E,772932,772953,35243.83415487642,5610.879130363179,35002.5053272255,5592.956610363343,35485.16298252734,5628.801650363015,,,24,24
210,E,772953,716142,36043.89869775111,5641.937410363072,35485.16298252734,5628.801650363015,36602.634412974876,5655.073170363128,67.27623299903833,7279.0,24,24
210,E,716142,716143,37290.0112113375,5839.641730363022,36602.634412974876,5655.073170363128,37977.388009700124,6024.210290362916,67.4408449100323,5637.0,24,24
210,E,716143,769758,38296.593105961394,5990.535990362905,37977.388009700124,6024.210290362916,38615.798202222664,5956.861690362895,67.78268430907985,4265.0,52,52
210,E,769758,772966,38695.51878743643,5948.345710363039,38615.798202222664,5956.861690362895,38775.23937265019,5939.829730363183,67.95991179713342,4535.0,52,52
210,E,772966,771603,39548.46910893558,5915.728950363127,38775.23937265019,5939.829730363183,40321.69884522097,5891.628170363071,,,52,52
210,E,771603,767883,41401.03902987724,5890.681950363087,40321.69884522097,5891.628170363071,42480.37921453351,5889.735730363102,65.36152993348115,4510.0,52,52
210,E,767883,767896,42881.886939255026,5871.31227036295,42480.37921453351,5889.735730363102,43283.39466397654,5852.888810362797,63.99224593146053,4763.5,52,52
210,E,767896,767925,43844.34355912493,5848.3803503627105,43283.39466397654,5852.888810362797,44405.292454273316,5843.871890362624,61.53318521450313,4814.5,52,52
210,E,767925,767942,44890.5321528223,5854.113330362869,44405.292454273316,5843.871890362624,45375.771851371275,5864.354770363115,60.57765946655306,4405.0,52,52
210,E,767942,767970,46075.73611055681,5915.506310362898,45375.771851371275,5864.354770363115,46775.70036974235,5966.657850362682,63.98990525212224,4220.5,52,52
210,E,767970,767984,47032.61367269886,5959.255070362785,46775.70036974235,5966.657850362682,47289.526975655375,5951.852290362887,66.84443469433222,4680.0,52,52
210,E,767984,767998,47658.943591464005,5946.119310363124,47289.526975655375,5951.852290362887,48028.360207272635,5940.386330363361,65.75006025060904,5115.0,52,52
210,E,767998,768012,48461.95904090573,5933.874110363192,48028.360207272635,5940.386330363361,48895.55787453882,5927.361890363023,66.00663731422952,4687.0,52,52
210,E,768012,768026,49298.587160458184,5914.838390363003,48895.55787453882,5927.361890363023,49701.61644637755,5902.314890362983,60.70932668695119,5146.0,52,52
210,E,768026,768041,49970.56391517582,5988.086950363157,49701.61644637755,5902.314890362983,50239.511383974095,6073.8590103633305,61.91685955894545,5143.0,52,52
210,W,770598,770315,-22314.520585376064,28237.058750363052,-22602.60283894245,27965.604930363028,-22026.43833180968,28508.51257036308,61.88264622519969,7762.0,29,29
210,W,770315,770303,-21263.167905187045,28563.894270362864,-22026.43833180968,28508.51257036308,-20499.897478564413,28619.275970362643,,,29,29
210,W,770303,770588,-19724.08569903385,28503.67015036265,-20499.897478564413,28619.275970362643,-18948.273919503285,28388.064330362657,61.88264622519969,7762.0,29,29
210,W,770588,770215,-18742.86315771704,28195.035450362768,-18948.273919503285,28388.064330362657,-18537.4523959308,28002.006570362875,61.88264622519969,7762.0,36,36
210,W,770215,770229,-18302.57867639379,27779.589210362832,-18537.4523959308,28002.006570362875,-18067.70495685678,27557.17185036279,,,36,36
210,W,770229,770243,-17384.016791702947,26871.162350362953,-18067.70495685678,27557.17185036279,-16700.328626549115,26185.15285036312,,,36,36
210,W,770243,770353,-16266.96033249161,25695.23353036296,-16700.328626549115,26185.15285036312,-15833.592038434106,25205.3142103628,,,36,36
210,W,770353,770259,-15617.76088783458,24956.18005036298,-15833.592038434106,25205.3142103628,-15401.929737235054,24707.045890363155,,,36,36
210,W,770259,770332,-15092.68395063654,24357.83505036289,-15401.929737235054,24707.045890363155,-14783.438164038025,24008.624210362625,,,35,35
210,W,770332,770545,-14331.580596023538,23738.394910362673,-14783.438164038025,24008.624210362625,-13879.72302800905,23468.165610362717,61.78239009926518,7757.0,35,35
210,W,770545,770275,-13462.953583389473,23351.669230362993,-13879.72302800905,23468.165610362717,-13046.184138769897,23235.17285036327,61.78239009926518,7757.0,35,35
210,W,770275,770555,-12354.47319638735,23137.990490363034,-13046.184138769897,23235.17285036327,-11662.762254004803,23040.8081303628,61.78239009926518,7757.0,35,35
210,W,770555,770290,-11102.689409243138,22975.96423036278,-11662.762254004803,23040.8081303628,-10542.616564481472,22911.120330362763,61.78239009926518,7757.0,35,35
210,W,770290,770200,-9460.509904918774,22322.738470362834,-10542.616564481472,22911.120330362763,-8378.403245356074,21734.356610362902,,,35,35
210,W,770200,770187,-8276.550860892177,21609.56689036276,-8378.403245356074,21734.356610362902,-8174.698476428282,21484.77717036262,,,35,35
210,W,770187,770141,-6529.47584970691,20103.96389036261,-8174.698476428282,21484.77717036262,-4884.253222985537,18723.1506103626,,,34,34
210,W,770141,770129,-4724.304865491188,18722.98363036263,-4884.253222985537,18723.1506103626,-4564.356507996839,18722.816650362653,,,34,34
210,W,770129,769965,-3697.9887832030377,18587.562850362832,-4564.356507996839,18722.816650362653,-2831.621058409236,18452.30905036301,,,34,34
210,W,769965,769911,-1889.7285686759767,18026.120430362906,-2831.621058409236,18452.30905036301,-947.8360789427176,17599.931810362807,62.3881989178047,7762.0,34,34
210,W,769911,769867,-404.4081915333106,17252.335110362816,-947.8360789427176,17599.931810362807,139.01969587609636,16904.738410362825,62.3881989178047,7762.0,34,34
210,W,769867,769926,467.0775118371582,16671.523010362755,139.01969587609636,16904.738410362825,795.13532779822,16438.307610362688,62.182731958762886,7760.0,34,34
210,W,769926,770401,1094.6062363952365,16250.900390362842,795.13532779822,16438.307610362688,1394.0771449922527,16063.493170362995,62.182731958762886,7760.0,34,34
210,W,770401,770386,1958.806889179405,15844.192770362992,1394.0771449922527,16063.493170362995,2523.5366333665575,15624.892370362988,,,37,37
210,W,770386,769941,2927.30364592768,15621.886730363061,2523.5366333665575,15624.892370362988,3331.070658488803,15618.881090363137,,,37,37
210,W,769941,769953,3492.540577181,15613.148110362978,3331.070658488803,15618.881090363137,3654.0104958731977,15607.41513036282,,,37,37
210,W,769953,769983,4104.484826434143,15395.239210363023,3654.0104958731977,15607.41513036282,4554.959156995087,15183.063290363223,61.78239009926518,7757.0,37,37
210,W,769983,769807,4870.521727963207,14842.535410363183,4554.959156995087,15183.063290363223,5186.084298931328,14502.007530363142,61.78239009926518,7757.0,37,37
210,W,769807,770000,5352.672196200192,14218.809450363105,5186.084298931328,14502.007530363142,5519.260093469057,13935.611370363069,61.78239009926518,7757.0,37,37
210,W,770000,717615,5965.077524604516,13410.125310362931,5519.260093469057,13935.611370363069,6410.894955739974,12884.639250362794,64.27501912370666,6578.5,37,37
210,W,717615,717622,6853.669264478424,12535.873690362987,6410.894955739974,12884.639250362794,7296.443573216875,12187.108130363178,67.30806786233478,5477.0,30,30
210,W,717622,717624,7473.912938450203,11524.475830363248,7296.443573216875,12187.108130363178,7651.38230368353,10861.84353036332,68.07299720356126,5705.0,30,30
210,W,717624,770579,7658.252383033636,10429.309670363025,7651.38230368353,10861.84353036332,7665.1224623837425,9996.77581036273,66.8903125550855,5253.0,30,30
210,W,770579,770157,7677.894354867261,9960.485490362997,7665.1224623837425,9996.77581036273,7690.66624735078,9924.195170363264,65.4831182795699,4650.0,30,30
210,W,770157,717627,7828.482805594996,9718.53147036324,7690.66624735078,9924.195170363264,7966.299363839211,9512.867770363213,67.40791457286433,1592.0,30,30
210,W,717627,717630,8264.5253587283,9511.086650362964,7966.299363839211,9512.867770363213,8562.75135361739,9509.305530362715,66.94152501671513,4948.5,30,30
210,W,717630,764137,8791.492720446051,9502.29237036302,8562.75135361739,9509.305530362715,9020.234087274714,9495.279210363326,64.51889203473203,12311.5,30,30
210,W,764137,717634,9375.218925656354,9487.37549036311,9020.234087274714,9495.279210363326,9730.203764037997,9479.471770362896,57.848438892899,15284.5,30,30
210,W,717634,717637,10275.937047201998,9502.125390363046,9730.203764037997,9479.471770362896,10821.670330366,9524.779010363198,48.88149681275483,13527.5,30,30
210,W,717637,717642,11811.100080571468,9543.870390363245,10821.670330366,9524.779010363198,12800.529830776937,9562.961770363294,39.81280535676178,12981.5,30,30
210,W,717642,717644,12993.814210890792,9564.464590363059,12800.529830776937,9562.961770363294,13187.098591004646,9565.967410362824,30.70280397357837,12571.5,30,30
210,W,717644,717649,13846.11902157816,9306.98143036296,13187.098591004646,9565.967410362824,14505.139452151678,9047.995450363094,33.18915446897749,11922.5,30,30
210,W,717649,717653,15079.136887274813,9084.898030362863,14505.139452151678,9047.995450363094,15653.134322397951,9121.800610362634,42.01432500536903,11302.5,30,30
210,W,717653,717657,15750.652562841926,9126.58737036281,15653.134322397951,9121.800610362634,15848.1708032859,9131.374130362983,41.961225541408986,10485.0,30,30
210,W,717657,717661,15960.35136073245,9134.32411036305,15848.1708032859,9131.374130362983,16072.531918178996,9137.274090363117,39.112163623299,9904.0,30,30
210,W,717661,773179,16503.225953160043,9138.164650362845,16072.531918178996,9137.274090363117,16933.919988141093,9139.055210362574,38.3609789188061,9582.0,30,30
210,W,773179,717663,17004.41899033451,9138.943890362854,16933.919988141093,9139.055210362574,17074.91799252793,9138.832570363136,30.72494382022472,9790.0,33,33
210,W,717663,717664,17247.223271269606,9140.279730363041,17074.91799252793,9138.832570363136,17419.52855001128,9141.726890362947,31.768780571951993,8624.0,33,33
210,W,717664,717669,18234.117086144237,9110.50163036308,17419.52855001128,9141.726890362947,19048.70562227719,9079.276370363215,26.350758527660567,7828.0,33,33
210,W,717669,764146,19190.810216625687,9054.507670363262,19048.70562227719,9079.276370363215,19332.91481097418,9029.73897036331,19.22076883481006,7823.5,33,33
210,W,764146,773194,19752.589054245804,8796.968850363304,19332.91481097418,9029.73897036331,20172.263297517427,8564.198730363296,18.552637937978254,7449.0,33,33
210,W,773194,761342,20354.389562176242,8456.385310363006,20172.263297517427,8564.198730363296,20536.515826835053,8348.571890362718,19.367437225986446,7527.0,33,33
210,W,761342,761356,21219.235725772196,8002.644990362863,20536.515826835053,8348.571890362718,21901.955624709335,7656.718090363007,18.202291216859948,7410.0,33,33
210,W,761356,718210,22587.257566891647,7655.103950363127,21901.955624709335,7656.718090363007,23272.559509073955,7653.489810363248,19.86825692289778,7527.0,33,33
210,W,718210,761374,23683.150493070854,7649.983230363005,23272.559509073955,7653.489810363248,24093.74147706775,7646.476650362762,19.56697503440396,7165.5,33,33
210,W,761374,769702,24640.028055213563,7657.386010362902,24093.74147706775,7646.476650362762,25186.314633359376,7668.295370363043,18.27587132524574,6941.5,33,33
210,W,769702,769722,25347.55401247598,7668.573670363132,25186.314633359376,7668.295370363043,25508.793391592586,7668.85197036322,20.636477076594275,7307.5,33,33
210,W,769722,717673,25745.741967309255,7626.272070363151,25508.793391592586,7668.85197036322,25982.690543025925,7583.692170363082,24.396238759326415,7092.5,33,33
210,W,717673,775795,26213.32233437364,7510.499270363183,25982.690543025925,7583.692170363082,26443.954125721357,7437.306370363285,27.636684585209935,6883.0,40,40
210,W,775795,772858,26815.906676860825,7285.966830362944,26443.954125721357,7437.306370363285,27187.85922800029,7134.627290362602,,,40,40
210,W,772858,772873,27487.330136597306,7030.598750362645,27187.85922800029,7134.627290362602,27786.801045194323,6926.570210362687,,,40,40
210,W,772873,717674,28005.444778614612,6958.741690362933,27786.801045194323,6926.570210362687,28224.088512034898,6990.913170363178,47.500256483328585,10527.0,40,40
210,W,717674,717675,28331.243306735407,7021.359190363034,28224.088512034898,6990.913170363178,28438.39810143592,7051.80521036289,46.28754377393341,10369.0,40,40
210,W,717675,772888,28882.647863457885,6996.92445036303,28438.39810143592,7051.80521036289,29326.89762547985,6942.04369036317,45.07483106453824,10211.0,40,40
210,W,772888,717676,29602.715173628887,6833.729330362959,29326.89762547985,6942.04369036317,29878.532721777923,6725.414970362749,36.74010506111728,9899.0,40,40
210,W,717676,717678,30255.787683154005,6379.710710362726,29878.532721777923,6725.414970362749,30633.042644530087,6034.006450362704,36.84389876913117,9489.0,40,40
210,W,717678,717682,30711.287776460988,6023.653690362739,30633.042644530087,6034.006450362704,30789.532908391888,6013.300930362775,37.36934876771262,9086.5,40,40
210,W,717682,772902,31012.92575706829,6035.676250362838,30789.532908391888,6013.300930362775,31236.318605744695,6058.051570362901,37.791005058280184,9094.0,40,40
210,W,772902,717685,31525.138585952183,6055.045930362975,31236.318605744695,6058.051570362901,31813.958566159672,6052.040290363049,37.1309211304245,8457.0,40,40
210,W,717685,772918,32487.917961226995,6047.030890363041,31813.958566159672,6052.040290363049,33161.87735629432,6042.021490363033,37.1309211304245,8457.0,24,24
210,W,772918,717686,33482.60401375409,6029.10837036281,33161.87735629432,6042.021490363033,33803.330671213866,6016.195250362587,43.18969580983078,9928.0,24,24
210,W,717686,717688,33948.386172129394,6005.953810362737,33803.330671213866,6016.195250362587,34093.44167304492,5995.712370362888,45.234276683809256,9095.5,24,24
210,W,717688,772933,34550.55554338038,5805.299510363116,34093.44167304492,5995.712370362888,35007.66941371585,5614.8866503633435,47.27885755778773,8263.0,24,24
210,W,772933,772954,35246.646737697185,5634.534630363173,35007.66941371585,5614.8866503633435,35485.62406167852,5654.182610363003,,,24,24
210,W,772954,717694,35883.81201651246,5660.527850362802,35485.62406167852,5654.182610363003,36281.999971346384,5666.873090362602,54.42808326314523,8311.0,24,24
210,W,717694,769744,36889.10288951344,5851.219010362663,36281.999971346384,5666.873090362602,37496.20580768049,6035.564930362723,55.57307149298139,7655.0,24,24
210,W,769744,718047,37656.79967598597,6049.257290362957,37496.20580768049,6035.564930362723,37817.393544291444,6062.94965036319,57.15525240298135,5935.0,24,24
210,W,718047,772967,38298.806285886676,6015.74997036292,37817.393544291444,6062.94965036319,38780.2190274819,5968.55029036265,57.592445083145144,4871.0,52,52
210,W,772967,771618,39269.47011464458,5941.88915036273,38780.2190274819,5968.55029036265,39758.72120180726,5915.22801036281,,,52,52
210,W,771618,769136,40686.3202378585,5921.406270363032,39758.72120180726,5915.22801036281,41613.919273909734,5927.584530363252,36.47263934228026,8271.0,52,52
210,W,769136,769150,41766.07539375096,5935.7108903633,41613.919273909734,5927.584530363252,41918.23151359219,5943.837250363348,38.50632224879189,8015.0,52,52
210,W,769150,767898,42600.90530461434,5910.44125036303,41918.23151359219,5943.837250363348,43283.579095636494,5877.045250362713,40.82759597580939,7787.5,52,52
210,W,767898,767910,43605.08958765301,5881.720690362774,43283.579095636494,5877.045250362713,43926.60007966953,5886.396130362834,41.30826111785894,7390.0,52,52
210,W,767910,767940,44652.29255548271,5885.616890362824,43926.60007966953,5886.396130362834,45377.985031295895,5884.837650362813,43.24592236480224,7222.5,52,52
210,W,767940,767955,46012.89102227025,5936.935410362977,45377.985031295895,5884.837650362813,46647.7970132446,5989.03317036314,45.316413072736424,7098.5,52,52
210,W,767955,767986,46968.89253402558,5983.1332103630075,46647.7970132446,5989.03317036314,47289.988054806556,5977.233250362875,47.5749113596136,7195.0,52,52
210,W,767986,768000,47659.312454785206,5971.2219703630235,47289.988054806556,5977.233250362875,48028.63685476386,5965.210690363172,48.57502211809961,7713.5,52,52
210,W,768000,768014,48462.097364651345,5955.859810363052,48028.63685476386,5965.210690363172,48895.55787453882,5946.508930362931,54.303836082452214,6997.0,52,52
210,W,768014,768028,49296.28176470294,5936.267490363081,48895.55787453882,5946.508930362931,49697.005654867055,5926.026050363232,64.53645617453674,5974.5,52,52
210,W,768028,768055,50020.63711097822,6043.858270363141,49697.005654867055,5926.026050363232,50344.268567089384,6161.69049036305,53.21166815702823,6386.0,52,52
405,N,771826,717696,13221.863958992682,-30874.974449637168,13515.202514880695,-31140.75094963729,12928.525403104668,-30609.197949637044,24.246868750657825,9501.0,38,38
405,N,717696,718219,12625.873048365029,-30337.076209637125,12928.525403104668,-30609.197949637044,12323.220693625388,-30064.954469637203,23.053734022802473,9005.5,38,38
405,N,718219,717701,11928.260292849724,-29746.9688896372,12323.220693625388,-30064.954469637203,11533.29989207406,-29428.983309637195,21.28103355162123,8751.5,38,38
405,N,717701,717703,10965.388701744283,-29404.826869637276,11533.29989207406,-29428.983309637195,10397.477511414505,-29380.67042963736,23.057598090509764,8918.0,38,38
405,N,717703,718227,10165.554698444532,-29377.44214963721,10397.477511414505,-29380.67042963736,9933.631885474557,-29374.213869637053,28.426942370235494,9729.5,38,38
405,N,718227,717706,9542.77508914257,-29223.041309637083,9933.631885474557,-29374.213869637053,9151.918292810582,-29071.86874963711,31.935783132519525,10663.0,38,38
405,N,717706,717709,9028.53351199335,-29040.19820963718,9151.918292810582,-29071.86874963711,8905.148731176118,-29008.527669637253,30.08691426456895,10486.0,38,38
405,N,717709,716632,8606.092793815296,-28954.815769637207,8905.148731176118,-29008.527669637253,8307.036856454473,-28901.103869637165,28.722803505985706,10776.5,38,38
405,N,716632,771845,8021.951617369454,-28784.55182963719,8307.036856454473,-28901.103869637165,7736.866378284433,-28667.99978963721,29.703188380125766,11291.0,14,14
405,N,771845,717711,7491.6183778491295,-28513.821589637315,7736.866378284433,-28667.99978963721,7246.370377413826,-28359.643389637415,26.066800149003537,10738.0,14,14
405,N,717711,717713,7065.212378972361,-28291.237249637295,7246.370377413826,-28359.643389637415,6884.054380530896,-28222.831109637176,28.42338146407993,10205.0,14,14
405,N,717713,717715,6800.4607304483925,-28192.997349636964,6884.054380530896,-28222.831109637176,6716.86708036589,-28163.163589636748,31.705459103376413,9525.0,14,14
405,N,717715,717717,6287.55628283773,-28128.988349636813,6716.86708036589,-28163.163589636748,5858.245485309569,-28094.81310963688,33.68310073440101,10562.0,14,14
405,N,717717,717719,5579.79978599972,-28062.530309636917,5858.245485309569,-28094.81310963688,5301.354086689872,-28030.247509636953,44.432708200230266,11537.5,14,14
405,N,717719,717720,5096.496619885438,-27932.452889637076,5301.354086689872,-28030.247509636953,4891.639153081004,-27834.6582696372,53.38018123717099,11156.0,14,14
405,N,717720,717721,4716.014104451746,-27675.526329637152,4891.639153081004,-27834.6582696372,4540.389055822487,-27516.394389637106,47.782778773165234,11265.5,14,14
405,N,717721,771863,4391.967677104385,-27411.920569637085,4540.389055822487,-27516.394389637106,4243.546298386284,-27307.446749637067,42.935365431243504,11548.0,14,14
405,N,771863,717723,3932.6867347586367,-27117.646149636937,4243.546298386284,-27307.446749637067,3621.827171130989,-26927.845549636804,38.384561571633924,10435.0,14,14
405,N,717723,771877,3310.229880862238,-26833.89146963672,3621.827171130989,-26927.845549636804,2998.6325905934877,-26739.93738963664,38.384561571633924,10435.0,14,14
405,N,771877,717727,2698.977250335868,-26794.09456963675,2998.6325905934877,-26739.93738963664,2399.321910078248,-26848.251749636853,26.368183373246666,8769.0,14,14
405,N,717727,771898,2068.451511295769,-26861.665809636997,2399.321910078248,-26848.251749636853,1737.5811125132896,-26875.079869637142,26.368183373246666,8769.0,14,14
405,N,771898,717729,1552.7344808636878,-26867.009169636953,1737.5811125132896,-26875.079869637142,1367.8878492140861,-26858.938469636763,32.82179099462366,11904.0,14,14
405,N,717729,771915,1048.6827529528155,-26835.895229636808,1367.8878492140861,-26858.938469636763,729.4776566915448,-26812.85198963685,32.82179099462366,11904.0,14,14
405,N,771915,718251,411.51747413820055,-26810.4029496371,729.4776566915448,-26812.85198963685,93.55729158485639,-26807.95390963735,37.31764046089528,9807.0,14,14
405,N,718251,775936,-349.67809630477507,-26784.075769637126,93.55729158485639,-26807.95390963735,-792.9134841944065,-26760.197629636903,37.31764046089528,9807.0,14,14
405,N,775936,717733,-1129.7779119402726,-26396.68216963716,-792.9134841944065,-26760.197629636903,-1466.6423396861385,-26033.166709637415,34.630764550801054,9862.0,14,14
405,N,717733,771939,-1586.5690268701683,-25885.16676963734,-1466.6423396861385,-26033.166709637415,-1706.495714054198,-25737.16682963727,34.630764550801054,9862.0,4,4
405,N,771939,717735,-1917.3472098226734,-25478.793109637045,-1706.495714054198,-25737.16682963727,-2128.198705591149,-25220.419389636823,35.20072743601257,11135.0,4,4
405,N,717735,716659,-2385.4808718682134,-24910.281869636776,-2128.198705591149,-25220.419389636823,-2642.7630381452777,-24600.144349636732,38.37678233019824,11735.5,4,4
405,N,716659,766505,-2779.380790597209,-24474.63104963684,-2642.7630381452777,-24600.144349636732,-2915.99854304914,-24349.117749636942,41.381974613154036,12404.5,4,4
405,N,766505,718259,-3238.7078408579446,-24080.836549636817,-2915.99854304914,-24349.117749636942,-3561.417138666749,-23812.555349636692,37.408872817627056,11181.0,4,4
405,N,718259,716663,-3933.9690927030124,-23497.130129636946,-3561.417138666749,-23812.555349636692,-4306.521046739275,-23181.7049096372,34.01781210603241,8659.5,4,4
405,N,716663,717740,-4401.595567682384,-23137.90048963706,-4306.521046739275,-23181.7049096372,-4496.670088625493,-23094.09606963692,29.01384386936555,9049.5,4,4
405,N,717740,717742,-4894.950259289397,-23059.30856963695,-4496.670088625493,-23094.09606963692,-5293.230429953301,-23024.52106963698,23.951971009718996,10368.0,4,4
405,N,717742,717744,-5720.881342537341,-23024.96634963704,-5293.230429953301,-23024.52106963698,-6148.532255121381,-23025.411629637107,23.954613525441868,9076.5,4,4
405,N,717744,716670,-6629.576133396055,-22901.790769637177,-6148.532255121381,-23025.411629637107,-7110.62001167073,-22778.16990963725,23.604306873036776,8372.0,4,4
405,N,716670,718266,-7466.849763760299,-22647.14626963703,-7110.62001167073,-22778.16990963725,-7823.079515849868,-22516.122629636808,20.8199749430677,7973.0,4,4
405,N,718266,718267,-8250.822644264537,-22361.276509637013,-7823.079515849868,-22516.122629636808,-8678.565772679207,-22206.430389637222,22.348643735920916,7046.5,2,2
405,N,718267,717750,-9032.628452758487,-21836.51402963703,-8678.565772679207,-22206.430389637222,-9386.691132837766,-21466.597669636834,21.730782294568485,7357.5,2,2
405,N,717750,717752,-9529.302914253083,-21222.806869636966,-9386.691132837766,-21466.597669636834,-9671.914695668402,-20979.016069637102,17.647230849043773,8347.5,2,2
405,N,717752,717755,-9928.136379898144,-20661.364449637047,-9671.914695668402,-20979.016069637102,-10184.358064127884,-20343.71282963699,19.405231753703724,8842.0,10,10
405,N,717755,717758,-10598.361033841687,-19985.37374963683,-10184.358064127884,-20343.71282963699,-11012.364003555489,-19627.034669636672,24.486957316663172,8366.0,15,15
405,N,717758,717760,-11103.6115675455,-19548.164449636868,-11012.364003555489,-19627.034669636672,-11194.85913153551,-19469.294229637067,33.89761885407222,9803.5,15,15
405,N,717760,717763,-11556.852373012873,-18967.18536963723,-11194.85913153551,-19469.294229637067,-11918.845614490237,-18465.076509637394,42.46663825217544,11732.5,15,15
405,N,717763,717765,-11918.75339865961,-18303.77382963729,-11918.845614490237,-18465.076509637394,-11918.66118282898,-18142.47114963719,48.11348290025474,12087.0,15,15
405,N,717765,716689,-11918.153995762812,-17973.04210963704,-11918.66118282898,-18142.47114963719,-11917.646808696643,-17803.61306963689,54.59001253801276,11673.0,15,15
405,N,716689,717769,-11914.51147046966,-17339.68696963715,-11917.646808696643,-17803.61306963689,-11911.37613224268,-16875.760869637408,61.90311573674141,9649.5,15,15
405,N,717769,761455,-11879.838318312257,-16671.154709637085,-11911.37613224268,-16875.760869637408,-11848.300504381832,-16466.548549636766,65.00806623366537,8460.5,15,15
405,N,761455,716694,-11818.422575394874,-16306.414729636876,-11848.300504381832,-16466.548549636766,-11788.544646407914,-16146.280909636986,63.35991103277553,8376.0,15,15
405,N,716694,759427,-11757.237372052425,-15532.351109637091,-11788.544646407914,-16146.280909636986,-11725.930097696935,-14918.421309637197,63.93387876658507,6884.5,15,15
405,N,759427,761482,-11761.3409764961,-13862.495449637168,-11725.930097696935,-14918.421309637197,-11796.751855295266,-12806.56958963714,55.44454905087327,6645.5,10,10
405,N,761482,761492,-11799.24168271112,-12790.428189637158,-11796.751855295266,-12806.56958963714,-11801.731510126972,-12774.286789637175,36.05640299210614,7911.0,10,10
405,N,761492,717776,-11814.411186780517,-12240.173429637067,-11801.731510126972,-12774.286789637175,-11827.090863434061,-11706.06006963696,17.875671892560362,6803.0,10,10
405,N,717776,717777,-11842.813662483957,-11618.840849636881,-11827.090863434061,-11706.06006963696,-11858.536461533855,-11531.621629636802,8.221250820658426,5336.5,10,10
405,N,717777,764583,-11887.584448049081,-11422.416709636862,-11858.536461533855,-11531.621629636802,-11916.632434564308,-11313.211789636922,8.302161016168409,5104.0,10,10
405,N,764583,717779,-12250.038768677627,-10949.195389636861,-11916.632434564308,-11313.211789636922,-12583.445102790947,-10585.1789896368,10.929754674908501,5726.5,44,44
405,N,717779,771969,-13163.252135216868,-10227.39650963682,-12583.445102790947,-10585.1789896368,-13743.059167642788,-9869.614029636838,13.277304964539008,6345.0,44,44
405,N,771969,718291,-13915.456662214436,-9694.674649636756,-13743.059167642788,-9869.614029636838,-14087.854156786083,-9519.735269636676,22.53495119305857,7376.0,44,44
405,N,718291,769496,-14350.715380790996,-9118.315349636923,-14087.854156786083,-9519.735269636676,-14613.576604795908,-8716.895429637172,24.65987846059162,8436.5,44,44
405,N,769496,718292,-14680.479189611164,-8614.870649637298,-14613.576604795908,-8716.895429637172,-14747.38177442642,-8512.845869637422,26.784805728124674,9497.0,44,44
405,N,718292,768643,-15056.16648187441,-8044.244329637227,-14747.38177442642,-8512.845869637422,-15364.951189322399,-7575.6427896370315,26.934384542487102,9497.0,44,44
405,N,768643,717787,-15589.358412131138,-7233.500769637111,-15364.951189322399,-7575.6427896370315,-15813.765634939877,-6891.358749637191,28.563818084367128,10335.5,44,44
405,N,717787,717790,-16012.859612356515,-6585.785349637092,-15813.765634939877,-6891.358749637191,-16211.953589773153,-6280.211949636993,30.043672811884733,11174.0,44,44
405,N,717790,772437,-16339.90305418524,-6086.515149637207,-16211.953589773153,-6280.211949636993,-16467.85251859733,-5892.818349637421,30.043672811884733,11174.0,31,31
405,N,772437,716714,-16652.97579773751,-5608.674049637401,-16467.85251859733,-5892.818349637421,-16838.099076877686,-5324.529749637381,30.043672811884733,11174.0,31,31
405,N,716714,772455,-16847.044012408107,-5311.060029637378,-16838.099076877686,-5324.529749637381,-16855.988947938527,-5297.590309637373,30.043672811884733,11174.0,31,31
405,N,772455,718500,-17130.469366549005,-4878.915789637285,-16855.988947938527,-5297.590309637373,-17404.949785159486,-4460.241269637198,52.59636041209255,11842.0,31,31
405,N,718500,768969,-17555.492127972233,-4230.699429636949,-17404.949785159486,-4460.241269637198,-17706.03447078498,-4001.157589636701,53.80286770604627,8721.0,31,31
405,N,768969,717794,-17986.693350020105,-3591.945269636848,-17706.03447078498,-4001.157589636701,-18267.35222925523,-3182.732949636995,52.38204053170206,10922.5,31,31
405,N,717794,716720,-18420.937694464985,-2955.473169636917,-18267.35222925523,-3182.732949636995,-18574.52315967474,-2728.21338963684,51.85370580514221,15487.0,31,31
405,N,716720,717797,-18799.529785379622,-2412.2872296367773,-18574.52315967474,-2728.21338963684,-19024.536411084504,-2096.3610696367145,57.09598832428119,13963.5,31,31
405,N,717797,775155,-19130.2157525015,-1836.484529636725,-19024.536411084504,-2096.3610696367145,-19235.89509391849,-1576.6079896367355,60.23927110168208,13198.0,31,31
405,N,775155,717798,-19349.136133412365,-1392.1507496369559,-19235.89509391849,-1576.6079896367355,-19462.377172906236,-1207.6935096371762,69.69217447675494,10798.0,31,31
405,N,717798,775261,-19707.62517334154,-848.4638696372897,-19462.377172906236,-1207.6935096371762,-19952.873173776843,-489.2342296374031,69.69217447675494,10798.0,31,31
405,N,775261,717799,-20089.30649456817,-299.54494963738637,-19952.873173776843,-489.2342296374031,-20225.7398153595,-109.85566963736972,67.20912922906268,9015.0,31,31
405,N,717799,717800,-20489.799845156696,255.9418503629405,-20225.7398153595,-109.85566963736972,-20753.85987495389,621.7393703632507,69.37992988967366,9777.5,31,31
405,N,717800,717801,-20955.35146395641,931.1533103631446,-20753.85987495389,621.7393703632507,-21156.843052958924,1240.5672503630385,71.16017028195431,11142.0,31,31
405,N,717801,775137,-21369.67718907643,1804.1247503631587,-21156.843052958924,1240.5672503630385,-21582.511325193933,2367.682250363279,70.76961001362399,11744.0,31,31
405,N,775137,717804,-21647.75402506507,2800.1047903630642,-21582.511325193933,2367.682250363279,-21712.996724936205,3232.527330362849,71.79555687707077,11771.0,53,53
405,N,717804,775183,-21746.286639640726,3630.6076503627282,-21712.996724936205,3232.527330362849,-21779.576554345243,4028.6879703626073,71.79555687707077,11771.0,53,53
405,N,775183,716733,-21975.16633021435,4445.85967036293,-21779.576554345243,4028.6879703626073,-22170.756106083452,4863.031370363253,69.63209775299327,12194.0,53,53
405,N,716733,775120,-22159.920746033975,5325.565970362946,-22170.756106083452,4863.031370363253,-22149.0853859845,5788.10057036264,69.63209775299327,12194.0,53,53
405,N,775120,717806,-21923.479357383476,6141.764210362737,-22149.0853859845,5788.10057036264,-21697.87332878245,6495.427850362834,70.74814912978178,11319.0,53,53
405,N,717806,716738,-21510.306330141408,6975.384030362837,-21697.87332878245,6495.427850362834,-21322.73933150036,7455.34021036284,50.281597722361695,11867.0,53,53
405,N,716738,716739,-21276.35476890676,7911.251270363041,-21322.73933150036,7455.34021036284,-21229.97020631316,8367.162330363242,48.82309570502768,11569.5,53,53
405,N,716739,775225,-21192.99165839985,8590.525910363269,-21229.97020631316,8367.162330363242,-21156.013110486536,8813.889490363295,67.83114509511375,10724.0,53,53
405,N,775225,767812,-21064.44279109096,10051.656570362986,-21156.013110486536,8813.889490363295,-20972.872471695388,11289.423650362676,64.32297756628145,5884.0,53,53
405,N,767812,717818,-20930.038218564307,11546.684170362943,-20972.872471695388,11289.423650362676,-20887.203965433226,11803.944690363209,66.68314128826819,6355.0,53,53
405,N,717818,767351,-21020.64027174253,12232.30405036297,-20887.203965433226,11803.944690363209,-21154.076578051838,12660.663410362731,66.63619427043012,6370.0,53,53
405,N,767351,717819,-21320.618367405717,13087.297310362894,-21154.076578051838,12660.663410362731,-21487.160156759594,13513.931210363056,64.54163014302664,6261.0,53,53
405,N,717819,717823,-21448.337292242213,14312.707870362934,-21487.160156759594,13513.931210363056,-21409.514427724833,15111.48453036281,67.30080713208788,6884.5,53,53
405,N,717823,767367,-21404.949744129975,15708.827650363055,-21409.514427724833,15111.48453036281,-21400.38506053512,16306.1707703633,67.04908884499835,6890.5,53,53
405,N,767367,717825,-21398.033556864884,16846.29541036326,-21400.38506053512,16306.1707703633,-21395.682053194647,17386.420050363216,66.31937268972476,7157.5,26,26
405,N,717825,717827,-21388.7658659289,18187.256130363035,-21395.682053194647,17386.420050363216,-21381.84967866315,18988.092210362855,68.0139432323357,7637.5,26,26
405,N,717827,771808,-21349.620246005958,19650.50187036295,-21381.84967866315,18988.092210362855,-21317.39081334876,20312.911530363046,67.73988126649077,7580.0,26,26
405,N,771808,771767,-21308.63030947894,20717.39275036298,-21317.39081334876,20312.911530363046,-21299.869805609123,21121.87397036291,,,26,26
405,N,771767,772011,-21155.137060099816,22525.006910363125,-21299.869805609123,21121.87397036291,-21010.40431459051,23928.139850363335,,,26,26
405,N,772011,772024,-20950.04905371979,24247.01599036307,-21010.40431459051,23928.139850363335,-20889.693792849077,24565.892130362805,,,26,26
405,S,771825,717697,13207.847152801236,-30891.728109636788,13498.511449613448,-31153.21878963666,12917.182855989024,-30630.23742963692,68.67028031070585,8883.0,38,38
405,S,717697,717699,12738.284145387166,-30469.046069636934,12917.182855989024,-30630.23742963692,12559.385434785308,-30307.854709636944,68.62230996667368,9211.5,38,38
405,S,717699,718221,12200.619747365556,-29986.585189636928,12559.385434785308,-30307.854709636944,11841.854059945803,-29665.315669636908,68.55158918391294,9312.5,38,38
405,S,718221,718223,11327.335835306007,-29536.128809636793,11841.854059945803,-29665.315669636908,10812.817610666209,-29406.941949636683,65.77898924463071,8489.0,38,38
405,S,718223,718226,10604.040971078048,-29405.828749636727,10812.817610666209,-29406.941949636683,10395.264331489885,-29404.715549636767,65.09325580565783,8375.5,38,38
405,S,718226,716626,10162.32714438692,-29401.70990963684,10395.264331489885,-29404.715549636767,9929.389957283953,-29398.704269636917,65.06023589051175,9648.5,38,38
405,S,716626,718229,9747.770879691963,-29376.94120963689,9929.389957283953,-29398.704269636917,9566.151802099974,-29355.178149636864,64.07105600921574,10341.5,38,38
405,S,718229,718232,9285.539030779837,-29203.7272896368,9566.151802099974,-29355.178149636864,9004.926259459698,-29052.276429636742,62.749397877906006,9605.5,38,38
405,S,718232,717710,8648.834831115746,-28989.992889636982,9004.926259459698,-29052.276429636742,8292.743402771794,-28927.709349637225,65.0935050738469,9812.5,38,38
405,S,717710,771846,8006.966544960658,-28808.596949636987,8292.743402771794,-28927.709349637225,7721.189687149523,-28689.484549636752,69.86722649652842,10658.0,14,14
405,S,771846,718235,7548.838300492862,-28572.654209637083,7721.189687149523,-28689.484549636752,7376.486913836201,-28455.823869637414,62.48009777958851,9818.0,14,14
405,S,718235,718238,7127.135308956566,-28351.18306963742,7376.486913836201,-28455.823869637414,6877.783704076932,-28246.542269637426,64.13754637355306,10373.5,14,14
405,S,718238,718240,6432.33513626268,-28183.08986963706,6877.783704076932,-28246.542269637426,5986.886568448428,-28119.637469636695,57.60725167370293,9939.5,14,14
405,S,718240,718243,5632.0861617273895,-28085.46222963676,5986.886568448428,-28119.637469636695,5277.285755006351,-28051.28698963683,43.79754488761856,9592.0,14,14
405,S,718243,718242,5163.998607596837,-28001.693929637066,5277.285755006351,-28051.28698963683,5050.711460187324,-27952.100869637303,38.010649666570885,9811.0,14,14
405,S,718242,718245,4871.397778349927,-27822.747029637216,5050.711460187324,-27952.100869637303,4692.084096512531,-27693.39318963713,40.46772809805498,8782.0,14,14
405,S,718245,771864,4459.930743966965,-27510.82838963692,4692.084096512531,-27693.39318963713,4227.777391421399,-27328.263589636714,43.08973825831703,8176.0,14,14
405,S,771864,717724,3920.514245171915,-27137.572429636853,4227.777391421399,-27328.263589636714,3613.2510989224306,-26946.881269636993,40.19654045219286,7342.0,14,14
405,S,717724,771879,3304.4663914744424,-26854.70830963716,3613.2510989224306,-26946.881269636993,2995.681684026454,-26762.53534963733,40.19654045219286,7342.0,14,14
405,S,771879,718247,2676.015508614002,-26821.08966963701,2995.681684026454,-26762.53534963733,2356.3493332015505,-26879.643989636694,35.18341617165717,8249.0,14,14
405,S,718247,771897,2047.011330772407,-26889.774109636826,2356.3493332015505,-26879.643989636694,1737.6733283432636,-26899.904229636955,35.18341617165717,8249.0,14,14
405,S,771897,718249,1598.335208900544,-26895.507089636983,1737.6733283432636,-26899.904229636955,1458.9970894578246,-26891.10994963701,37.59667019027484,9460.0,14,14
405,S,718249,771914,1093.1768910273618,-26864.727109637177,1458.9970894578246,-26891.10994963701,727.3566925968987,-26838.344269637346,37.59667019027484,9460.0,14,14
405,S,771914,717731,410.5031000058646,-26835.338629637023,727.3566925968987,-26838.344269637346,93.6495074148305,-26832.332989636703,36.441851894506506,8683.0,14,14
405,S,717731,771925,-352.214031635615,-26808.065229636675,93.6495074148305,-26832.332989636703,-798.0775706860605,-26783.797469636644,36.441851894506506,8683.0,14,14
405,S,771925,718253,-1053.1926649534919,-26524.53318963669,-798.0775706860605,-26783.797469636644,-1308.3077592209231,-26265.268909636736,35.351368070425885,8406.0,14,14
405,S,718253,771938,-1514.825110969477,-26010.346109636896,-1308.3077592209231,-26265.268909636736,-1721.342462718031,-25755.423309637055,35.351368070425885,8406.0,4,4
405,S,771938,774327,-1872.1153451063687,-25568.684009637105,-1721.342462718031,-25755.423309637055,-2022.8882274947064,-25381.944709637155,,,4,4
405,S,774327,718256,-2083.2895962804087,-25307.248989637097,-2022.8882274947064,-25381.944709637155,-2143.690965066111,-25232.553269637036,39.82882536632236,8326.0,4,4
405,S,718256,766493,-2403.278527098425,-24925.977989637093,-2143.690965066111,-25232.553269637036,-2662.866089130739,-24619.40270963715,41.74497900038999,8551.0,4,4
405,S,766493,716660,-2798.746114940912,-24494.334689636922,-2662.866089130739,-24619.40270963715,-2934.626140751084,-24369.266669636694,50.44045347467104,9040.5,4,4
405,S,716660,718258,-3254.7072873990746,-24100.762829636733,-2934.626140751084,-24369.266669636694,-3574.7884340470646,-23832.258989636775,57.166779865291744,10035.0,4,4
405,S,718258,769248,-3945.3116398186557,-23518.614889636883,-3574.7884340470646,-23832.258989636775,-4315.834845590247,-23204.97078963699,57.8542066936476,8621.5,4,4
405,S,769248,769195,-4410.12553197661,-23160.55410963721,-4315.834845590247,-23204.97078963699,-4504.416218362973,-23116.137429637427,57.90744957575866,8438.5,4,4
405,S,769195,761526,-4902.511957366274,-23084.021609637042,-4504.416218362973,-23116.137429637427,-5300.607696369575,-23051.905789636654,58.73395276956553,9553.5,4,4
405,S,761526,718262,-5872.530275313053,-23037.267209636833,-5300.607696369575,-23051.905789636654,-6444.452854256531,-23022.628629637013,58.63534577921049,9424.0,4,4
405,S,718262,717746,-6781.225066171768,-22910.69636963684,-6444.452854256531,-23022.628629637013,-7117.997278087005,-22798.764109636668,56.310431525137446,9582.0,4,4
405,S,717746,718265,-7535.642773094612,-22647.92550963704,-7117.997278087005,-22798.764109636668,-7953.288268102218,-22497.08690963741,54.52479864356279,9661.5,4,4
405,S,718265,716674,-8323.627042213207,-22362.334049637117,-7953.288268102218,-22497.08690963741,-8693.965816324195,-22227.581189636818,46.6812710655749,11084.0,2,2
405,S,716674,764604,-8972.180976058453,-21985.34886963697,-8693.965816324195,-22227.581189636818,-9250.396135792711,-21743.116549637125,39.531627011309766,10818.0,2,2
405,S,764604,717751,-9328.180188571776,-21611.0353696372,-9250.396135792711,-21743.116549637125,-9405.96424135084,-21478.954189637276,43.64052133765756,10004.5,2,2
405,S,717751,717753,-9549.1754256623,-21236.4992296372,-9405.96424135084,-21478.954189637276,-9692.38660997376,-20994.044269637125,50.8479582831509,10445.5,2,2
405,S,717753,718275,-10020.398318019836,-20613.88646963708,-9692.38660997376,-20994.044269637125,-10348.41002606591,-20233.72866963704,55.43570041988865,10320.0,10,10
405,S,718275,718479,-10688.548115784375,-19939.45424963689,-10348.41002606591,-20233.72866963704,-11028.68620550284,-19645.179829636738,55.46457092203394,9542.0,15,15
405,S,718479,718277,-11089.686977184683,-19592.525469636792,-11028.68620550284,-19645.179829636738,-11150.687748866529,-19539.871109636846,57.7307564705178,8787.5,15,15
405,S,718277,718280,-11545.555933812218,-19006.42566963703,-11150.687748866529,-19539.871109636846,-11940.424118757906,-18472.980229637215,61.94554809387861,9106.5,15,15
405,S,718280,717766,-11939.91693169174,-18139.576829636982,-11940.424118757906,-18472.980229637215,-11939.409744625571,-17806.17342963675,58.007828438704315,10057.0,15,15
405,S,717766,759422,-11937.012133040347,-17365.01226963688,-11939.409744625571,-17806.17342963675,-11934.614521455123,-16923.851109637013,51.240622775481256,10223.5,15,15
405,S,759422,761541,-11914.603686300292,-16762.21446963696,-11934.614521455123,-16923.851109637013,-11894.59285114546,-16600.57782963691,47.87395780043454,10083.5,15,15
405,S,761541,761552,-11851.850813844354,-16371.48126963712,-11894.59285114546,-16600.57782963691,-11809.108776543246,-16142.38470963733,51.775841398259814,9865.0,15,15
405,S,761552,764598,-11781.305703735947,-15761.948609637198,-11809.108776543246,-16142.38470963733,-11753.502630928646,-15381.512509637067,63.37214244349778,10175.0,15,15
405,S,764598,764590,-11754.102033824787,-15292.679149637108,-11753.502630928646,-15381.512509637067,-11754.701436720929,-15203.84578963715,70.91962838532403,10409.0,15,15
405,S,764590,767827,-11753.31819926804,-15062.52504963722,-11754.701436720929,-15203.84578963715,-11751.934961815154,-14921.204309637289,69.07908957915606,9729.5,15,15
405,S,767827,718284,-11752.857120117516,-14408.408729637145,-11751.934961815154,-14921.204309637289,-11753.77927841988,-13895.613149637002,67.42253837289479,9710.0,10,10
405,S,718284,765153,-11755.485271278332,-13572.506849636875,-11753.77927841988,-13895.613149637002,-11757.191264136784,-13249.400549636748,66.28024696331205,10693.5,10,10
405,S,765153,764572,-11818.745330799782,-12394.017669637018,-11757.191264136784,-13249.400549636748,-11880.29939746278,-11538.634789637286,63.41089877090763,11253.0,10,10
405,S,764572,764578,-11909.393491892995,-11430.431749637191,-11880.29939746278,-11538.634789637286,-11938.487586323208,-11322.228709637095,64.50548128395653,11187.5,10,10
405,S,764578,718287,-12267.744208077209,-10962.832089637235,-11938.487586323208,-11322.228709637095,-12597.000829831211,-10603.435469637374,65.16016528402699,10362.5,44,44
405,S,718287,771954,-13039.821246484647,-10325.246789637346,-12597.000829831211,-10603.435469637374,-13482.641663138085,-10047.058109637319,63.676598425196836,9525.0,44,44
405,S,771954,718290,-13795.299435454814,-9790.632489637317,-13482.641663138085,-10047.058109637319,-14107.957207771544,-9534.206869637315,60.60797996661102,11980.0,44,44
405,S,718290,764567,-14293.403242317941,-9250.674829637332,-14107.957207771544,-9534.206869637315,-14478.849276864341,-8967.142789637348,61.1951850329381,9868.5,44,44
405,S,764567,764671,-14620.077820826118,-8751.237649637078,-14478.849276864341,-8967.142789637348,-14761.306364787893,-8535.332509636808,61.78239009926518,7757.0,44,44
405,S,764671,761500,-15066.402439027745,-8070.126229636741,-14761.306364787893,-8535.332509636808,-15371.498513267594,-7604.919949636675,62.08529450853494,7759.5,44,44
405,S,761500,717788,-15597.70394476476,-7261.386429636708,-15371.498513267594,-7604.919949636675,-15823.909376261927,-6917.852909636741,58.77494238801354,9439.0,44,44
405,S,717788,718296,-16021.297360820112,-6613.392709636995,-15823.909376261927,-6917.852909636741,-16218.685345378297,-6308.93250963725,55.161685858222384,11116.0,44,44
405,S,718296,772438,-16352.21386751758,-6106.942369637047,-16218.685345378297,-6308.93250963725,-16485.74238965686,-5904.952229636844,55.161685858222384,11116.0,31,31
405,S,772438,772527,-16671.7878270994,-5620.863589637079,-16485.74238965686,-5904.952229636844,-16857.83326454194,-5336.7749496373135,,,31,31
405,S,772527,772454,-16866.685984241733,-5323.249569637054,-16857.83326454194,-5336.7749496373135,-16875.538703941525,-5309.724189636795,,,31,31
405,S,772454,718297,-17150.20355421326,-4890.381749636812,-16875.538703941525,-5309.724189636795,-17424.868404484998,-4471.039309636828,57.05537762165513,9679.0,31,31
405,S,718297,768968,-17576.37901351444,-4241.664449636949,-17424.868404484998,-4471.039309636828,-17727.889622543884,-4012.2895896370705,59.700401094421956,8478.5,31,31
405,S,768968,775165,-17874.65111631852,-3855.829329637002,-17727.889622543884,-4012.2895896370705,-18021.412610093153,-3699.3690696369335,62.34542456718878,7278.0,31,31
405,S,775165,717795,-18155.356103468628,-3446.0604096369725,-18021.412610093153,-3699.3690696369335,-18289.299596844103,-3192.751749637011,52.9361019673888,13063.0,31,31
405,S,717795,716719,-18441.501824600316,-2964.5457496369495,-18289.299596844103,-3192.751749637011,-18593.704052356527,-2736.339749636888,54.78138373264251,12235.5,31,31
405,S,716719,718300,-18749.179942085993,-2519.766689637118,-18593.704052356527,-2736.339749636888,-18904.65583181546,-2303.193629637348,55.8941756780593,11262.0,31,31
405,S,718300,718302,-19078.897642991178,-1952.7582696370098,-18904.65583181546,-2303.193629637348,-19253.139454166892,-1602.3229096366717,55.161685858222384,11116.0,31,31
405,S,718302,775156,-19255.67538949773,-1594.6974896369406,-19253.139454166892,-1602.3229096366717,-19258.21132482857,-1587.0720696372096,55.161685858222384,11116.0,31,31
405,S,775156,718304,-19412.073437528903,-1342.7803296370255,-19258.21132482857,-1587.0720696372096,-19565.93555022924,-1098.4885896368414,55.161685858222384,11116.0,31,31
405,S,718304,718308,-19769.22534792018,-798.5368496367871,-19565.93555022924,-1098.4885896368414,-19972.51514561112,-498.5851096367327,40.97324579317353,10306.5,31,31
405,S,718308,775249,-20108.856250571822,-308.95148963697096,-19972.51514561112,-498.5851096367327,-20245.19735553252,-119.31786963720924,26.784805728124674,9497.0,31,31
405,S,775249,775239,-20482.468686655408,205.95917036297396,-20245.19735553252,-119.31786963720924,-20719.740017778295,531.2362103631572,,,31,31
405,S,775239,718310,-20781.70905567683,625.9695303632489,-20719.740017778295,531.2362103631572,-20843.67809357537,720.7028503633404,44.13820213799806,10290.0,31,31
405,S,718310,775136,-21225.221091056388,1554.8792703632216,-20843.67809357537,720.7028503633404,-21606.764088537402,2389.0556903631027,44.13820213799806,10290.0,31,31
405,S,775136,718312,-21674.911587060586,2823.259350363137,-21606.764088537402,2389.0556903631027,-21743.05908558377,3257.4630103631707,28.636479879654008,10636.0,53,53
405,S,718312,775184,-21771.59988503283,3638.9566503630053,-21743.05908558377,3257.4630103631707,-21800.14068448189,4020.45029036284,28.636479879654008,10636.0,53,53
405,S,775184,718314,-21995.315489114797,4438.623870363006,-21800.14068448189,4020.45029036284,-22190.490293747705,4856.797450363173,30.136550934757725,10484.0,53,53
405,S,718314,775121,-22178.640559565894,5332.356490363203,-22190.490293747705,4856.797450363173,-22166.79082538408,5807.915530363234,30.136550934757725,10484.0,53,53
405,S,775121,718315,-22107.12718324079,5911.777090363217,-22166.79082538408,5807.915530363234,-22047.463541097502,6015.638650363201,37.565377588306944,9852.0,53,53
405,S,718315,717807,-21695.61404094284,6746.45445036302,-22047.463541097502,6015.638650363201,-21343.764540788183,7477.27025036284,52.127589799028605,9951.5,53,53
405,S,717807,764754,-21299.224294797998,7928.895490362787,-21343.764540788183,7477.27025036284,-21254.68404880781,8380.520730362736,43.555063000964886,10396.0,53,53
405,S,764754,717809,-21216.276155526622,8601.101310362672,-21254.68404880781,8380.520730362736,-21177.868262245436,8821.681890362606,18.321186857668298,9976.0,53,53
405,S,717809,717816,-21076.799712338943,9338.206690362826,-21177.868262245436,8821.681890362606,-20975.731162432447,9854.731490363045,14.95880569660666,8785.0,53,53
405,S,717816,765171,-20986.013227500112,10574.136990363197,-20975.731162432447,9854.731490363045,-20996.29529256778,11293.54249036335,18.87682006641322,7302.0,53,53
405,S,765171,767053,-20971.166478836934,11352.653410363208,-20996.29529256778,11293.54249036335,-20946.03766510609,11411.764330363067,18.86579365343365,5553.5,53,53
405,S,767053,767350,-21064.857762327156,12038.050650363006,-20946.03766510609,11411.764330363067,-21183.67785954822,12664.336970362947,15.619383816579791,4479.0,53,53
405,S,767350,765265,-21335.188468578315,12955.772730363147,-21183.67785954822,12664.336970362947,-21486.699077608413,13247.208490363346,13.560541800044813,4297.0,53,53
405,S,765265,765273,-21499.24043051634,13383.074550363206,-21486.699077608413,13247.208490363346,-21511.781783424267,13518.940610363064,10.354953221840093,4797.0,53,53
405,S,765273,717821,-21493.200293637965,14146.061830362874,-21511.781783424267,13518.940610363064,-21474.618803851663,14773.183050362684,9.611451680901894,5162.0,53,53
405,S,717821,737529,-21454.9307241024,14924.800890362718,-21474.618803851663,14773.183050362684,-21435.242644353133,15076.418730362751,8.27431263274825,5159.0,53,53
405,S,737529,767366,-21428.09591751179,15680.99765036292,-21435.242644353133,15076.418730362751,-21420.94919067045,16285.57657036309,11.850155554501171,6209.5,53,53
405,S,767366,717824,-21418.920442406434,16672.524890362994,-21420.94919067045,16285.57657036309,-21416.891694142418,17059.4732103629,14.911853250693706,7025.0,26,26
405,S,717824,717826,-21411.912039310715,17849.45559036283,-21416.891694142418,17059.4732103629,-21406.93238447901,18639.437970362764,23.96668991976155,7368.0,26,26
405,S,717826,768626,-21405.54914702612,18808.7556903628,-21406.93238447901,18639.437970362764,-21404.165909573232,18978.07341036284,36.055606130089444,8409.5,26,26
405,S,768626,771807,-21372.67420355779,19644.824550363046,-21404.165909573232,18978.07341036284,-21341.182497542355,20311.575690363254,38.78103134938664,8804.0,26,26
405,S,771807,717828,-21337.539972249207,20633.23483036308,-21341.182497542355,20311.575690363254,-21333.897446956056,20954.893970362908,50.37930766993115,10313.0,26,26
405,S,717828,717829,-21334.174094446636,21043.393370362915,-21333.897446956056,20954.893970362908,-21334.450741937213,21131.892770362927,55.003916435475475,10255.5,26,26
405,S,717829,771997,-21250.903199769695,22254.666290363057,-21334.450741937213,21131.892770362927,-21167.35565760218,23377.439810363183,59.628525201019805,10198.0,26,26
405,S,771997,771981,-21125.259131112856,23531.673670362943,-21167.35565760218,23377.439810363183,-21083.162604623532,23685.9075303627,,,26,26
405,S,771981,772025,-20996.479724229037,24122.949850362686,-21083.162604623532,23685.9075303627,-20909.796843834538,24559.99217036267,,,26,26
605,N,717831,773712,14733.004768592964,-28511.81782963723,14732.543689441782,-28632.26606963726,14733.465847744144,-28391.369589637205,64.78701580020387,7848.0,38,38
605,N,773712,761844,14734.434113961493,-27867.108049637136,14733.465847744144,-28391.369589637205,14735.402380178843,-27342.84650963707,65.7234695019586,8935.0,38,38
605,N,761844,773723,14679.012400006843,-26968.421689637187,14735.402380178843,-27342.84650963707,14622.622419834841,-26593.996869637303,65.7234695019586,8935.0,38,38
605,N,773723,717836,14578.497145080846,-26455.6817696373,14622.622419834841,-26593.996869637303,14534.371870326851,-26317.366669637297,65.49471130519166,8244.0,38,38
605,N,717836,717839,14481.439983788052,-26190.795829637304,14534.371870326851,-26317.366669637297,14428.508097249254,-26064.224989637307,64.44882462869757,8683.0,38,38
605,N,717839,716760,14277.089704049788,-25751.360129637033,14428.508097249254,-26064.224989637307,14125.671310850319,-25438.495269636755,59.86758377784557,9378.0,21,21
605,N,716760,717143,13949.077996004367,-25066.74212963685,14125.671310850319,-25438.495269636755,13772.484681158416,-24694.98898963694,53.79588368021864,9511.5,21,21
605,N,717143,717844,13724.670773195628,-24592.964209637066,13772.484681158416,-24694.98898963694,13676.856865232841,-24490.93942963719,50.93969184624291,9627.5,21,21
605,N,717844,773736,13595.338071329996,-24205.292309637007,13676.856865232841,-24490.93942963719,13513.819277427152,-23919.645189636827,50.61984593553619,9866.0,21,21
605,N,773736,717850,13455.262225246173,-23619.13684963699,13513.819277427152,-23919.645189636827,13396.705173065195,-23318.628509637158,50.21827989211867,10011.0,21,21
605,N,717850,717851,13374.803913390651,-23208.03208963717,13396.705173065195,-23318.628509637158,13352.902653716108,-23097.435669637187,51.32266054888268,10247.5,21,21
605,N,717851,717854,13243.119707854785,-22718.279749636986,13352.902653716108,-23097.435669637187,13133.33676199346,-22339.123829636785,51.84906932977682,10937.0,21,21
605,N,717854,767233,13019.634643348407,-21960.02356963684,13133.33676199346,-22339.123829636785,12905.932524703354,-21580.923309636895,51.67837668882365,8999.5,21,21
605,N,767233,773743,12834.69579586883,-21349.3220496371,12905.932524703354,-21580.923309636895,12763.459067034308,-21117.720789637307,52.08565592374036,6609.0,21,21
605,N,773743,773749,12742.433857747139,-21039.741129637234,12763.459067034308,-21117.720789637307,12721.408648459972,-20961.76146963716,,,21,21
605,N,773749,717857,12686.136093405768,-20779.586289637155,12721.408648459972,-20961.76146963716,12650.863538351565,-20597.411109637153,44.806128418897174,13674.0,21,21
605,N,717857,717858,12633.204206866969,-20323.285609637147,12650.863538351565,-20597.411109637153,12615.544875382375,-20049.160109637145,43.02952927477993,13227.5,21,21
605,N,717858,717863,12610.242465145104,-19927.431689637186,12615.544875382375,-20049.160109637145,12604.940054907833,-19805.703269637226,42.55319137094063,11560.5,21,21
605,N,717863,716784,12591.430435782557,-19504.081729637037,12604.940054907833,-19805.703269637226,12577.920816657279,-19202.460189636848,40.60554973279037,10924.0,18,18
605,N,716784,766851,12557.402794436279,-18751.05758963713,12577.920816657279,-19202.460189636848,12536.884772215279,-18299.65498963741,34.171049002857366,10227.0,18,18
605,N,766851,716788,12536.147045573522,-18235.2007096372,12536.884772215279,-18299.65498963741,12535.409318931763,-18170.74642963699,36.66668590379678,9684.5,18,18
605,N,716788,717864,12544.907549443338,-17848.530689636988,12535.409318931763,-18170.74642963699,12554.405779954914,-17526.314949636984,36.09946295555088,9969.0,18,18
605,N,717864,761675,12570.036363174837,-17147.882609636938,12554.405779954914,-17526.314949636984,12585.66694639476,-16769.450269636887,24.553771626471864,8409.0,18,18
605,N,761675,718466,12597.977759727099,-16447.90244963678,12585.66694639476,-16769.450269636887,12610.288573059437,-16126.354629636671,19.165379211699076,7578.0,18,18
605,N,718466,717875,12643.394056104007,-15888.352469636822,12610.288573059437,-16126.354629636671,12676.499539148575,-15650.350309636975,21.53610980323169,9422.0,28,28
605,N,717875,769513,12900.076819485585,-15053.61944963716,12676.499539148575,-15650.350309636975,13123.654099822592,-14456.888589637347,27.661515751137117,9332.0,28,28
605,N,769513,717879,13268.017982011348,-14125.433289637338,13123.654099822592,-14456.888589637347,13412.381864200104,-13793.977989637331,42.84770963061158,8469.0,28,28
605,N,717879,717881,13632.50105090391,-13323.650989637143,13412.381864200104,-13793.977989637331,13852.620237607714,-12853.323989636952,58.02614398069093,9871.0,28,28
605,N,717881,716800,14029.305768284297,-12475.281269637106,13852.620237607714,-12853.323989636952,14205.99129896088,-12097.238549637259,61.44949399788541,10079.0,28,28
605,N,716800,717888,14363.219289463785,-11636.373749637305,14205.99129896088,-12097.238549637259,14520.447279966691,-11175.508949637351,61.44380433262681,9785.0,28,28
605,N,717888,717893,14671.127946524399,-10816.334969637323,14520.447279966691,-11175.508949637351,14821.808613082107,-10457.160989637296,58.63585847681068,8406.5,28,28
605,N,717893,717897,14972.120416319263,-10094.257789637191,14821.808613082107,-10457.160989637296,15122.43221955642,-9731.354589637089,58.905823999586126,8788.5,28,28
605,N,717897,717903,15365.374824236475,-9390.54840963696,15122.43221955642,-9731.354589637089,15608.317428916529,-9049.742229636831,62.34578597080821,10460.5,28,28
605,N,717903,717906,15718.653669759664,-8679.71454963692,15608.317428916529,-9049.742229636831,15828.9899106028,-8309.686869637006,62.71209989256586,9825.0,41,41
605,N,717906,717909,15854.764235145429,-8176.937769637187,15828.9899106028,-8309.686869637006,15880.538559688057,-8044.188669637368,62.651129328909796,9576.5,41,41
605,N,717909,717915,16058.976191138732,-7556.885369637326,15880.538559688057,-8044.188669637368,16237.41382258941,-7069.582069637286,64.28621064951061,9753.5,41,41
605,N,717915,717922,16352.914149923543,-6954.198889637126,16237.41382258941,-7069.582069637286,16468.414477257676,-6838.815709636965,65.56151083207456,9794.5,41,41
605,N,717922,716819,16679.312080940486,-6618.680409637092,16468.414477257676,-6838.815709636965,16890.209684623293,-6398.54510963722,64.50495948369698,10744.0,41,41
605,N,716819,717926,17064.77425120523,-5983.655469637068,16890.209684623293,-6398.54510963722,17239.338817787164,-5568.765829636915,64.2372310062257,10911.0,41,41
605,N,717926,717929,17363.046354009304,-5461.453349636944,17239.338817787164,-5568.765829636915,17486.753890231445,-5354.140869636973,62.13367770412671,8985.0,41,41
605,N,717929,717934,18081.54599506616,-4911.365569636828,17486.753890231445,-5354.140869636973,18676.338099900873,-4468.590269636683,60.837212009673706,7770.0,41,41
605,N,717934,717940,18796.771974151074,-4387.6049696366845,18676.338099900873,-4468.590269636683,18917.20584840127,-4306.619669636685,62.08529450853494,7759.5,41,41
605,N,717940,716829,19142.120258276176,-4150.437709636705,18917.20584840127,-4306.619669636685,19367.034668151085,-3994.255749636725,62.1354225715022,7762.0,41,41
605,N,716829,775689,20360.383591140282,-3215.4053696367664,19367.034668151085,-3994.255749636725,21353.73251412948,-2436.5549896368075,61.88264622519969,7762.0,41,41
605,N,775689,716834,21586.070298335646,-1944.576249637102,21353.73251412948,-2436.5549896368075,21818.408082541817,-1452.5975096373963,61.78239009926518,7757.0,17,17
605,N,716834,717945,21865.80701926841,-1351.6302696372243,21818.408082541817,-1452.5975096373963,21913.205955995003,-1250.6630296370522,61.78239009926518,7757.0,17,17
605,N,717945,763683,22052.451859607092,-880.0787496369628,21913.205955995003,-1250.6630296370522,22191.697763219185,-509.49446963687336,61.884842355708244,6495.5,17,17
605,N,763683,776020,22237.11405959609,54.45265036305412,22191.697763219185,-509.49446963687336,22282.530355973,618.3997703629816,61.98729461215131,5234.0,17,17
605,N,776020,717954,22358.47009214865,1036.2950503630595,22282.530355973,618.3997703629816,22434.4098283243,1454.1903303631377,65.69250471825289,7418.0,17,17
605,N,717954,773774,22496.471082053467,1742.230830363208,22434.4098283243,1454.1903303631377,22558.53233578264,2030.2713303632781,65.69250471825289,7418.0,17,17
605,N,773774,717956,22912.226152541367,2525.1443903631907,22558.53233578264,2030.2713303632781,23265.919969300096,3020.0174503631033,65.15975664713835,6657.0,17,17
605,N,717956,773785,23415.171290489932,3240.9876503628457,23265.919969300096,3020.0174503631033,23564.422611679765,3461.9578503625876,65.15975664713835,6657.0,17,17
605,N,773785,767678,23708.41763054797,3924.3811303629573,23564.422611679765,3461.9578503625876,23852.412649416172,4386.804410363327,68.1296743697479,5712.0,33,33
605,N,767678,716841,24063.356361013968,4863.198350363227,23852.412649416172,4386.804410363327,24274.30007261176,5339.592290363127,67.86114341324766,5746.0,33,33
605,N,716841,717958,24383.714155152535,5456.979230362975,24274.30007261176,5339.592290363127,24493.12823769331,5574.366170362821,65.50368816706468,5907.5,33,33
605,N,717958,773795,24710.619273236298,5751.921570363021,24493.12823769331,5574.366170362821,24928.11030877929,5929.47697036322,63.41476387738194,6035.0,33,33
605,N,773795,773807,25197.149993408195,6231.265490362987,24928.11030877929,5929.47697036322,25466.189678037095,6533.0540103627545,,,33,33
605,S,717832,773711,14706.815472814142,-28536.19690963698,14705.616667021202,-28681.024229636758,14708.014278607081,-28391.369589637205,43.67787590579711,8832.0,38,38
605,S,773711,737504,14708.613681503222,-27868.16558963724,14708.014278607081,-28391.369589637205,14709.213084399364,-27344.96158963727,41.542463488564344,10887.0,38,38
605,S,737504,773724,14654.621312917101,-26972.7631696373,14709.213084399364,-27344.96158963727,14600.029541434837,-26600.56474963733,41.542463488564344,10887.0,38,38
605,S,773724,717833,14559.039604907824,-26470.431669637233,14600.029541434837,-26600.56474963733,14518.049668380812,-26340.29858963714,46.304403970318965,10377.0,38,38
605,S,717833,717838,14462.6740623418,-26206.60326963694,14518.049668380812,-26340.29858963714,14407.298456302791,-26072.90794963674,48.78880045063263,10076.0,38,38
605,S,717838,717842,14258.323782603537,-25759.26384963685,14407.298456302791,-26072.90794963674,14109.34910890428,-25445.619749636957,52.19838004849528,10377.0,21,21
605,S,717842,717843,13930.219858726832,-25074.868489636894,14109.34910890428,-25445.619749636957,13751.090608549384,-24704.11722963683,53.019165085722854,10951.0,21,21
605,S,717843,717846,13702.815621436072,-24601.925469636983,13751.090608549384,-24704.11722963683,13654.540634322759,-24499.733709637134,49.0784873362588,10652.5,21,21
605,S,717846,773737,13576.618257798078,-24212.361129636956,13654.540634322759,-24499.733709637134,13498.695881273397,-23924.988549636782,45.24220766711617,10382.0,21,21
605,S,773737,717847,13438.478944148297,-23624.591529637062,13498.695881273397,-23924.988549636782,13378.262007023199,-23324.194509637342,42.488952840698104,10772.0,21,21
605,S,717847,717853,13355.161941556373,-23205.583049637025,13378.262007023199,-23324.194509637342,13332.061876089545,-23086.971589636712,48.40944426287488,10517.0,21,21
605,S,717853,716775,13222.740009379402,-22715.997689636817,13332.061876089545,-23086.971589636712,13113.418142669258,-22345.023789636918,49.10825802768066,11234.0,21,21
605,S,716775,716776,12973.665051990343,-21888.44480963682,13113.418142669258,-22345.023789636918,12833.911961311429,-21431.865829636725,48.702706243549,10555.5,21,21
605,S,716776,716778,12733.212274725487,-21015.362049636693,12833.911961311429,-21431.865829636725,12632.512588139543,-20598.85826963666,53.68377521233729,11591.5,21,21
605,S,716778,717859,12616.0059545329,-20348.66656963674,12632.512588139543,-20598.85826963666,12599.499320926257,-20098.47486963682,54.13014032928952,12371.5,21,21
605,S,717859,717862,12594.196910688986,-19984.98412963702,12599.499320926257,-20098.47486963682,12588.894500451715,-19871.493389637224,40.74776285377116,9981.0,21,21
605,S,717862,717865,12572.20343518447,-19537.199429637265,12588.894500451715,-19871.493389637224,12555.512369917224,-19202.905469637306,42.77547537182709,10932.5,18,18
605,S,717865,717867,12540.481189593444,-18855.97668963721,12555.512369917224,-19202.905469637306,12525.450009269662,-18509.047909637116,57.7215300249959,13560.5,18,18
605,S,717867,717871,12520.332030692995,-18412.477809636915,12525.450009269662,-18509.047909637116,12515.214052116327,-18315.907709636715,57.88210001865411,13563.0,18,18
605,S,717871,717848,12520.285922778006,-18025.752129636843,12515.214052116327,-18315.907709636715,12525.357793439687,-17735.59654963697,61.18098824597353,11117.5,18,18
605,S,717848,764001,12528.539239581656,-17655.056529637033,12525.357793439687,-17735.59654963697,12531.720685723625,-17574.5165096371,61.39487302150481,8947.5,18,18
605,S,764001,737152,12549.103369717643,-17091.10940963711,12531.720685723625,-17574.5165096371,12566.486053711662,-16607.702309637116,61.41440024735472,8709.0,18,18
605,S,737152,717872,12584.32981685686,-16252.42452963714,12566.486053711662,-16607.702309637116,12602.173580002058,-15897.146749637162,63.35368112688424,8789.0,18,18
605,S,717872,717877,12810.627464184654,-15272.474569637103,12602.173580002058,-15897.146749637162,13019.081348367252,-14647.802389637041,54.13272269474862,9625.0,28,28
605,S,717877,716797,13206.279483687089,-14216.15908963687,13019.081348367252,-14647.802389637041,13393.477619006928,-13784.5157896367,36.31729119416454,9327.5,28,28
605,S,716797,717884,13598.381193727004,-13338.846169636745,13393.477619006928,-13784.5157896367,13803.28476844708,-12893.176549636788,24.894294720438616,7804.0,28,28
605,S,717884,717885,13993.064947012745,-12490.587769636822,13803.28476844708,-12893.176549636788,14182.84512557841,-12087.998989636857,21.971068471506726,8359.5,28,28
605,S,717885,717887,14342.28629600659,-11628.247389636861,14182.84512557841,-12087.998989636857,14501.727466434773,-11168.495789636865,20.835534029398033,8507.5,28,28
605,S,717887,717894,14643.970384528884,-10831.864109636874,14501.727466434773,-11168.495789636865,14786.213302622995,-10495.232429636882,25.17756997869212,7733.0,28,28
605,S,717894,717896,14825.174490885334,-10371.277609637007,14786.213302622995,-10495.232429636882,14864.135679147674,-10247.322789637132,24.443992507083472,7098.5,28,28
605,S,717896,717898,15031.737950548875,-9926.108929636972,14864.135679147674,-10247.322789637132,15199.340221950077,-9604.895069636814,22.698499358114667,7649.0,28,28
605,S,717898,716810,15394.37670283737,-9322.086609636981,15199.340221950077,-9604.895069636814,15589.413183724662,-9039.278149637148,25.123436480646454,9169.5,28,28
605,S,716810,717907,15698.366187114254,-8671.309889637178,15589.413183724662,-9039.278149637148,15807.319190503847,-8303.341629637207,24.829933004271787,9179.5,41,41
605,S,717907,717912,15828.206076045399,-8199.36874963711,15807.319190503847,-8303.341629637207,15849.09296158695,-8095.395869637011,26.165546273082,8193.5,41,41
605,S,717912,717914,16082.491227841097,-7527.719529637006,15849.09296158695,-8095.395869637011,16315.889494095245,-6960.043189637003,28.505674982032104,8005.0,41,41
605,S,717914,764021,16344.476401459291,-6931.099989636912,16315.889494095245,-6960.043189637003,16373.063308823335,-6902.1567896368215,26.718226707665988,8035.5,41,41
605,S,764021,717924,16624.259230307038,-6641.667989636796,16373.063308823335,-6902.1567896368215,16875.455151790742,-6381.17918963677,25.420105090687628,8070.5,41,41
605,S,717924,717925,17063.852092903522,-5952.708509636895,16875.455151790742,-6381.17918963677,17252.249034016302,-5524.237829637019,28.94436179970866,7933.0,41,41
605,S,717925,717930,17362.308627368206,-5430.172429637219,17252.249034016302,-5524.237829637019,17472.368220720105,-5336.107029637418,31.912544943918693,7416.0,41,41
605,S,717930,717933,18068.40523926209,-4893.777009637335,17472.368220720105,-5336.107029637418,18664.442257804076,-4451.446989637253,30.514204016800086,8218.5,41,41
605,S,717933,717942,18784.461160818733,-4370.406029636999,18664.442257804076,-4451.446989637253,18904.480063833395,-4289.365069636745,26.784805728124674,9497.0,41,41
605,S,717942,717943,19127.78069667917,-4132.45952963701,18904.480063833395,-4289.365069636745,19351.081329524943,-3975.5539896372748,26.78476360956092,9497.0,41,41
605,S,717943,775690,20342.908691315635,-3200.599809636971,19351.081329524943,-3975.5539896372748,21334.736053106328,-2425.645629636667,26.78472149099716,9497.0,41,41
605,S,775690,717947,21512.297634169627,-2048.7717696370332,21334.736053106328,-2425.645629636667,21689.85921523293,-1671.8979096373994,61.78239009926518,7757.0,17,17
605,S,717947,766937,21720.106007541093,-1607.5549496373042,21689.85921523293,-1671.8979096373994,21750.35279984926,-1543.211989637209,61.78239009926518,7757.0,17,17
605,S,766937,763689,21961.3426193627,-1026.1305896372078,21750.35279984926,-1543.211989637209,22172.332438876136,-509.0491896372066,52.7380611011757,7021.5,17,17
605,S,763689,776019,22211.93913794961,55.176230362809235,22172.332438876136,-509.0491896372066,22251.545837023077,619.4016503628251,43.69373210308622,6286.0,17,17
605,S,776019,717951,22291.65972316337,760.6110703630359,22251.545837023077,619.4016503628251,22331.773609303662,901.8204903632466,40.59546541974772,9196.0,17,17
605,S,717951,773773,22431.96610882344,1471.3336103629633,22331.773609303662,901.8204903632466,22532.158608343216,2040.84673036268,40.59546541974772,9196.0,17,17
605,S,773773,765501,22660.523043991496,2293.3761503626315,22532.158608343216,2040.84673036268,22788.887479639776,2545.9055703625827,45.04712221695879,8444.0,17,17
605,S,765501,773784,23164.89752730793,3009.2750703629363,22788.887479639776,2545.9055703625827,23540.907574976085,3472.6445703632903,45.04712221695879,8444.0,17,17
605,S,773784,763616,23698.458320885213,3968.853470362994,23540.907574976085,3472.6445703632903,23856.009066794337,4465.062370362698,64.59400402414488,7455.0,33,33
605,S,763616,717957,24054.641965059793,4910.286710362987,23856.009066794337,4465.062370362698,24253.27486332525,5355.511050363276,66.17042327506205,7480.5,33,33
605,S,717957,773796,24580.548844729565,5649.228870363249,24253.27486332525,5355.511050363276,24907.822826133885,5942.946690363224,67.74684252597922,7506.0,33,33
605,S,773796,773798,25175.848136630448,6244.9021903629655,24907.822826133885,5942.946690363224,25443.873447127015,6546.857690362706,,,33,33
710,N,774523,772980,3113.026327964657,-31676.42278963702,3145.8090556030074,-32399.334869637023,3080.2436003263065,-30953.510709637023,,,14,14
710,N,772980,772689,3080.2436003263065,-30953.510709637023,3080.2436003263065,-30953.510709637023,3080.2436003263065,-30953.510709637023,,,14,14
710,N,772689,774411,3100.9460542079096,-29982.41068963718,3080.2436003263065,-30953.510709637023,3121.6485080895122,-29011.310669637343,,,14,14
710,N,774411,774444,3137.509630885026,-28009.041049637104,3121.6485080895122,-29011.310669637343,3153.37075368054,-27006.77142963686,,,14,14
710,N,774444,717962,3230.2787560728852,-25620.55912963704,3153.37075368054,-27006.77142963686,3307.1867584652305,-24234.346829637216,61.78239009926518,7757.0,14,14
710,N,717962,717966,3629.57330086847,-23403.788309637297,3307.1867584652305,-24234.346829637216,3951.9598432717103,-22573.229789637375,62.08529450853494,7759.5,43,43
710,N,717966,774373,4086.133876222776,-22304.67028963716,3951.9598432717103,-22573.229789637375,4220.307909173842,-22036.110789636947,62.3881989178047,7762.0,43,43
710,N,774373,717968,4376.290985968821,-21417.672529636966,4220.307909173842,-22036.110789636947,4532.274062763799,-20799.234269636985,61.88264622519969,7762.0,43,43
710,N,717968,761734,4702.273945750223,-20169.997969636977,4532.274062763799,-20799.234269636985,4872.273828736647,-19540.761669636973,62.1354225715022,7762.0,43,43
710,N,761734,718488,4901.644570657438,-19316.340549636847,4872.273828736647,-19540.761669636973,4931.015312578228,-19091.91942963672,62.285465438283794,7761.0,7,7
710,N,718488,717770,5008.430502037397,-18685.879729636767,4931.015312578228,-19091.91942963672,5085.845691496565,-18279.840029636813,61.982561029014036,7758.5,7,7
710,N,717770,718102,5169.992636560224,-18144.80886963682,5085.845691496565,-18279.840029636813,5254.139581623882,-18009.777709636834,61.78239009926518,7757.0,7,7
710,N,718102,718492,5351.2428508316625,-17878.976709636845,5254.139581623882,-18009.777709636834,5448.346120039443,-17748.175709636853,61.78239009926518,7757.0,7,7
710,N,718492,717977,5570.301555488145,-17278.34964963698,5448.346120039443,-17748.175709636853,5692.256990936847,-16808.52358963711,45.07832034939278,7214.5,11,11
710,N,717977,717660,5720.198387489763,-16648.61240963705,5692.256990936847,-16808.52358963711,5748.139784042679,-16488.701229636994,27.70069366102907,6945.5,1,1
710,N,717660,768984,5796.783634476544,-16168.155289637125,5748.139784042679,-16488.701229636994,5845.427484910409,-15847.609349637258,27.528930068676743,7639.0,1,1
710,N,768984,718151,5796.829742391531,-15558.622629637204,5845.427484910409,-15847.609349637258,5748.231999872653,-15269.63590963715,44.906556757040455,7908.0,1,1
710,N,718151,717983,5761.695511082944,-15151.191429637205,5748.231999872653,-15269.63590963715,5775.159022293234,-15032.74694963726,50.93940956390368,7785.0,1,1
710,N,717983,774359,6081.038931089175,-14621.809169637017,5775.159022293234,-15032.74694963726,6386.918839885117,-14210.871389636774,40.096429028542175,7813.0,1,1
710,N,774359,717992,6455.0663384083,-13637.128109637059,6386.918839885117,-14210.871389636774,6523.2138369314835,-13063.384829637344,34.87990015194271,9214.0,1,1
710,N,717992,717995,6519.064124572165,-12991.249469637149,6523.2138369314835,-13063.384829637344,6514.914412212847,-12919.114109636954,34.32817065460959,9204.0,1,1
710,N,717995,776266,6590.024205916111,-12129.521349636827,6514.914412212847,-12919.114109636954,6665.133999619375,-11339.928589636702,33.77644115727648,9194.0,1,1
710,N,776266,718147,6716.129353724131,-11137.103549637024,6665.133999619375,-11339.928589636702,6767.124707828887,-10934.278509637346,44.508429078754965,9574.0,13,13
710,N,718147,776290,6363.772666503958,-9508.825909637326,6767.124707828887,-10934.278509637346,5960.420625179029,-8083.373309637307,44.508429078754965,9574.0,13,13
710,N,776290,718320,6028.245368295993,-7735.943589637291,5960.420625179029,-8083.373309637307,6096.070111412957,-7388.513869637274,45.97175190424374,9190.0,13,13
710,N,718320,718010,6099.89706836671,-7381.389389637069,6096.070111412957,-7388.513869637274,6103.724025320464,-7374.264909636864,48.771094448553576,9709.5,13,13
710,N,718010,776203,6217.0572806449645,-7029.506869636825,6103.724025320464,-7374.264909636864,6330.390535969465,-6684.7488296367865,51.570436992863414,10229.0,13,13
710,N,776203,763468,6338.505529027498,-6230.062289637053,6330.390535969465,-6684.7488296367865,6346.620522085531,-5775.37574963732,52.91798914448178,7738.0,13,13
710,N,763468,718014,6299.1754774439505,-5505.480409637314,6346.620522085531,-5775.37574963732,6251.73043280237,-5235.585069637308,57.87974719212021,8592.5,13,13
710,N,718014,768978,6277.274217769408,-5070.163549637322,6251.73043280237,-5235.585069637308,6302.818002736446,-4904.742029637336,63.36614979879543,10111.5,13,13
710,N,768978,776221,6328.269571873509,-4671.69360963724,6302.818002736446,-4904.742029637336,6353.721141010573,-4438.6451896371445,63.89079435783221,10776.0,13,13
710,N,776221,776228,6415.1368839286115,-4207.544869637271,6353.721141010573,-4438.6451896371445,6476.552626846649,-3976.444549637399,,,3,3
710,N,776228,718016,6508.782059503845,-3877.6480496372833,6476.552626846649,-3976.444549637399,6541.01149216104,-3778.8515496371674,62.49430147058823,5440.0,3,3
710,N,718016,776242,6573.702003969416,-3083.602489636931,6541.01149216104,-3778.8515496371674,6606.392515777793,-2388.3534296366947,62.49430147058823,5440.0,3,3
710,N,776242,776196,6849.473444203464,-1994.6702496367875,6606.392515777793,-2388.3534296366947,7092.554372629135,-1600.9870696368805,,,27,27
710,N,776196,776188,7044.6482488363745,-1179.3625696371216,7092.554372629135,-1600.9870696368805,6996.742125043613,-757.7380696373626,,,27,27
710,S,774524,772711,3094.4448381776997,-31661.171949637166,3130.132364468097,-32368.944509637025,3058.7573118873024,-30953.399389637303,,,14,14
710,S,772711,772701,3058.7573118873024,-30953.399389637303,3058.7573118873024,-30953.399389637303,3058.7573118873024,-30953.399389637303,,,14,14
710,S,772701,774389,3082.6412119108745,-29982.24370963721,3058.7573118873024,-30953.399389637303,3106.525111934447,-29011.088029637114,,,14,14
710,S,774389,774445,3120.0808389753665,-28009.875949636975,3106.525111934447,-29011.088029637114,3133.636566016286,-27008.66386963683,,,14,14
710,S,774445,717960,3208.9768992951404,-25659.966409636814,3133.636566016286,-27008.66386963683,3284.3172325739943,-24311.268949636793,46.16922324671695,7158.0,14,14
710,S,717960,717963,3515.2256714122886,-23605.3888296369,3284.3172325739943,-24311.268949636793,3746.1341102505826,-22899.508709637008,45.78450112612091,7199.0,43,43
710,S,717963,774372,3970.8640884648876,-22462.74468963711,3746.1341102505826,-22899.508709637008,4195.594066679192,-22025.98066963721,45.39977900552486,7240.0,43,43
710,S,774372,716847,4324.327365648025,-21552.87066963693,4195.594066679192,-22025.98066963721,4453.060664616859,-21079.76066963665,46.770983457965094,8826.0,43,43
710,S,716847,717970,4600.421561286982,-20519.20880963685,4453.060664616859,-21079.76066963665,4747.782457957105,-19958.65694963705,44.97016908432821,10712.5,43,43
710,S,717970,761851,4827.871906492075,-19524.731589637104,4747.782457957105,-19958.65694963705,4907.961355027044,-19090.806229637157,45.04102618141179,12560.5,7,7
710,S,761851,717975,4943.602773401799,-18813.229809637167,4907.961355027044,-19090.806229637157,4979.2441917765545,-18535.653389637177,54.54771480544757,10141.0,7,7
710,S,717975,717972,5061.68514398176,-18329.98968963715,4979.2441917765545,-18535.653389637177,5144.126096186967,-18124.325989637124,53.82045569532782,9213.5,7,7
710,S,717972,761761,5262.439006342518,-17968.978929637015,5144.126096186967,-18124.325989637124,5380.7519164980695,-17813.631869636905,43.83637224422034,10064.0,7,7
710,S,761761,718493,5402.514852426995,-17779.01134963691,5380.7519164980695,-17813.631869636905,5424.277788355922,-17744.390829636915,43.758532324058976,7791.0,7,7
710,S,718493,717978,5547.385921681921,-17274.787409636876,5424.277788355922,-17744.390829636915,5670.49405500792,-16805.183989636836,47.93164906983219,5540.0,1,1
710,S,717978,716857,5743.575100447167,-16327.788169637093,5670.49405500792,-16805.183989636836,5816.6561458864135,-15850.39234963735,50.6141677384924,5390.5,1,1
710,S,716857,717980,5771.793144490661,-15543.650089637038,5816.6561458864135,-15850.39234963735,5726.930143094908,-15236.907829636728,56.542373906622075,3646.0,1,1
710,S,717980,761776,5728.95889135958,-15188.483629636781,5726.930143094908,-15236.907829636728,5730.987639624252,-15140.059429636834,57.22392200061843,3815.0,1,1
710,S,761776,774358,6050.653815036048,-14671.958829636957,5730.987639624252,-15140.059429636834,6370.319990447844,-14203.858229637079,52.030633116883116,6160.0,1,1
710,S,774358,717986,6434.363884526697,-13632.675309637227,6370.319990447844,-14203.858229637079,6498.4077786055495,-13061.492389637377,48.15201409097872,6529.0,1,1
710,S,717986,717989,6495.134116633606,-12989.30136963732,6498.4077786055495,-13061.492389637377,6491.8604546616625,-12917.110349637265,46.92617594473223,7557.0,1,1
710,S,717989,776295,6567.200787940517,-12126.515709637297,6491.8604546616625,-12917.110349637265,6642.541121219371,-11335.921069637328,45.70033779848574,8585.0,1,1
710,S,776295,718002,6667.808258695832,-11267.848889637156,6642.541121219371,-11335.921069637328,6693.075396172291,-11199.776709636986,41.68631013306039,7816.0,1,1
710,S,718002,776289,6316.235406031748,-9640.461809637189,6693.075396172291,-11199.776709636986,5939.395415891206,-8081.146909637392,41.68631013306039,7816.0,13,13
710,S,776289,718008,5923.672616841309,-7921.681009637397,5939.395415891206,-8081.146909637392,5907.949817791412,-7762.215109637404,45.57511089987325,6312.0,13,13
710,S,718008,718012,6101.2341979046105,-7276.915569637049,5907.949817791412,-7762.215109637404,6294.518578017809,-6791.616029636695,47.5531316646358,8857.0,13,13
710,S,718012,776208,6303.325189802614,-6735.399429637044,6294.518578017809,-6791.616029636695,6312.131801587418,-6679.182829637392,49.531152429398354,11402.0,13,13
710,S,776208,716891,6307.290470501984,-6224.997229637185,6312.131801587418,-6679.182829637392,6302.44913941655,-5770.811629636978,51.65350732168163,8468.0,13,13
710,S,716891,718321,6264.225677795312,-5524.571789636967,6302.44913941655,-5770.811629636978,6226.002216174074,-5278.331949636956,50.83750278481089,9513.5,13,13
710,S,718321,716875,6253.436425660822,-5088.4200296371055,6226.002216174074,-5278.331949636956,6280.870635147571,-4898.508109637255,51.910211945570296,10585.0,13,13
710,S,716875,776215,6306.460528030251,-4666.294589637029,6280.870635147571,-4898.508109637255,6332.050420912931,-4434.0810696368035,53.798925643200455,10611.0,13,13
710,S,776215,776253,6393.420055915327,-4204.650549637065,6332.050420912931,-4434.0810696368035,6454.789690917723,-3975.2200296373267,,,3,3
710,S,776253,718017,6498.592210266153,-3790.7071296372924,6454.789690917723,-3975.2200296373267,6542.3947296145825,-3606.1942296372576,65.21657239819004,7072.0,3,3
710,S,718017,718018,6540.642628840488,-3324.6102896371012,6542.3947296145825,-3606.1942296372576,6538.890528066394,-3043.0263496369444,65.60868724672966,6590.5,3,3
710,S,718018,776197,6803.457744930414,-2320.615209636866,6538.890528066394,-3043.0263496369444,7068.024961794434,-1598.204069636788,66.00080209526928,6109.0,3,3
